player_name,position,team,adp,draft_count,snapshot_date,first_name,last_name,fpts_ppr,model_overall_rank,model_pos_rank_str,rank_diff,pos_rank,adp_prev,adp_change,value_score
Ja'Marr Chase,WR,CIN,1.0,,2026-03-03,Ja'Marr,Chase,407.3,1.0,WR1,0.0,,,,
Jakobie Keeney-James,WR,GB,624.0,,2026-03-03,Jakobie,Keeney-James,,,,,,,,
Robbie Ouzts,RB,SEA,625.0,,2026-03-03,Robbie,Ouzts,,,,,,,,
Jalen Richard,RB,LV,637.0,,2026-03-03,Jalen,Richard,26.5,641.0,RB212,4.0,,,,
ShunDerrick Powell,RB,KC,637.0,,2026-03-03,ShunDerrick,Powell,,,,,,,,
Josiah Deguara,TE,ARI,642.0,,2026-03-03,Josiah,Deguara,27.8,630.0,TE104,-12.0,,,,
Brett Rypien,QB,MIN,661.0,,2026-03-03,Brett,Rypien,62.2,374.0,QB92,-287.0,,,,
Brenden Bates,TE,CLE,670.0,,2026-03-03,Brenden,Bates,5.4,981.0,TE206,311.0,,,,
Ashton Dulin,WR,IND,672.0,,2026-03-03,Ashton,Dulin,30.6,595.0,WR201,-77.0,,,,
Jamaal Pritchett,WR,NYJ,672.0,,2026-03-03,Jamaal,Pritchett,,,,,,,,
Sam Ehlinger,QB,DEN,624.0,,2026-03-03,Sam,Ehlinger,117.5,217.0,QB74,-407.0,,,,
Nick Kallerup,TE,SEA,677.0,,2026-03-03,Nick,Kallerup,,,,,,,,
Brevyn Spann-Ford,TE,DAL,680.0,,2026-03-03,Brevyn,Spann-Ford,53.8,429.0,TE60,-251.0,,,,
Josh Johnson,QB,WAS,683.0,,2026-03-03,Josh,Johnson,4.5,1015.0,QB127,332.0,,,,
E.J. Jenkins,TE,PHI,687.0,,2026-03-03,E.J.,Jenkins,67.3,345.0,TE43,-342.0,,,,
Tommy DeVito,QB,NE,688.0,,2026-03-03,Tommy,DeVito,141.6,180.0,QB68,-508.0,,,,
Montrell Johnson,RB,CAR,691.0,,2026-03-03,Montrell,Johnson,,,,,,,,
Owen Wright,RB,TB,698.0,,2026-03-03,Owen,Wright,,,,,,,,
Messiah Swinson,TE,GB,700.0,,2026-03-03,Messiah,Swinson,,,,,,,,
Malik Cunningham,WR,DET,888.0,,2026-03-03,Malik,Cunningham,0.0,1061.0,WR429,173.0,,,,
John Wolford,QB,MIN,888.0,,2026-03-03,John,Wolford,101.8,250.0,QB79,-638.0,,,,
Cole Turner,TE,MIA,679.0,,2026-03-03,Cole,Turner,8.4,885.0,TE174,206.0,,,,
Alex Bachman,WR,LV,618.0,,2026-03-03,Alex,Bachman,110.4,227.0,WR83,-391.0,,,,
Charlie Jones,WR,CIN,607.0,,2026-03-03,Charlie,Jones,14.9,777.0,WR274,170.0,,,,
Blake Watson,RB,TEN,603.0,,2026-03-03,Blake,Watson,58.8,390.0,RB108,-213.0,,,,
Carson Wentz,QB,MIN,540.0,,2026-03-03,Carson,Wentz,120.1,212.0,QB71,-328.0,,,,
KJ Hill,WR,LAC,545.0,,2026-03-03,KJ,Hill,,,,,,,,
Scotty Miller,WR,PIT,546.0,,2026-03-03,Scotty,Miller,,,,,,,,
Jeshaun Jones,WR,MIN,551.0,,2026-03-03,Jeshaun,Jones,,,,,,,,
Ronnie Bell,WR,NO,554.0,,2026-03-03,Ronnie,Bell,41.2,510.0,WR176,-44.0,,,,
Terrace Marshall,WR,MIA,556.0,,2026-03-03,Terrace,Marshall,,,,,,,,
DeeJay Dallas,RB,JAX,562.0,,2026-03-03,DeeJay,Dallas,7.5,912.0,RB265,350.0,,,,
Deneric Prince,RB,NE,564.0,,2026-03-03,Deneric,Prince,,,,,,,,
Shane Zylstra,TE,DET,565.0,,2026-03-03,Shane,Zylstra,45.5,480.0,TE70,-85.0,,,,
Bailey Zappe,QB,NYJ,569.0,,2026-03-03,Bailey,Zappe,144.9,171.0,QB67,-398.0,,,,
Isaac Nauta,TE,GB,571.0,,2026-03-03,Isaac,Nauta,7.7,908.0,TE182,337.0,,,,
Bub Means,WR,NO,572.0,,2026-03-03,Bub,Means,92.9,268.0,WR101,-304.0,,,,
Kerrith Whyte,RB,GB,575.0,,2026-03-03,Kerrith,Whyte,,,,,,,,
Adrian Martinez,QB,SF,576.0,,2026-03-03,Adrian,Martinez,,,,,,,,
Josh Kelly,WR,HOU,580.0,,2026-03-03,Josh,Kelly,,,,,,,,
Tanner Conner,TE,NYG,582.0,,2026-03-03,Tanner,Conner,45.3,481.0,WR167,-101.0,,,,
Ko Kieft,TE,TB,588.0,,2026-03-03,Ko,Kieft,11.3,828.0,TE160,240.0,,,,
Sean Clifford,QB,CIN,593.0,,2026-03-03,Sean,Clifford,11.1,830.0,QB117,237.0,,,,
Eric Gray,RB,NYG,593.0,,2026-03-03,Eric,Gray,30.4,598.0,RB196,5.0,,,,
Kenny McIntosh,RB,SEA,597.0,,2026-03-03,Kenny,McIntosh,28.3,621.0,RB205,24.0,,,,
Jabari Small,RB,DET,600.0,,2026-03-03,Jabari,Small,,,,,,,,
Gunner Olszewski,WR,NYG,888.0,,2026-03-03,Gunner,Olszewski,12.5,813.0,WR288,-75.0,,,,
Nick Mullens,QB,JAX,999.0,,2026-03-03,Nick,Mullens,6.0,964.0,QB125,-35.0,,,,
Jack Westover,TE,NE,999.0,,2026-03-03,Jack,Westover,,,,,,,,
Hendon Hooker,QB,NYJ,999.0,,2026-03-03,Hendon,Hooker,15.6,771.0,QB115,-228.0,,,,
Kyle Allen,QB,DET,999.0,,2026-03-03,Kyle,Allen,6.9,937.0,QB123,-62.0,,,,
Cody White,WR,SEA,999.0,,2026-03-03,Cody,White,121.7,209.0,WR74,-790.0,,,,
Jalin Conyers,TE,MIA,999.0,,2026-03-03,Jalin,Conyers,,,,,,,,
Myles Price,WR,MIN,999.0,,2026-03-03,Myles,Price,,,,,,,,
Jacardia Wright,RB,SEA,999.0,,2026-03-03,Jacardia,Wright,,,,,,,,
Israel Abanikanda,RB,DAL,999.0,,2026-03-03,Israel,Abanikanda,57.7,403.0,RB113,-596.0,,,,
Payne Durham,TE,TB,999.0,,2026-03-03,Payne,Durham,78.1,307.0,TE40,-692.0,,,,
Chris Blair,WR,ATL,999.0,,2026-03-03,Chris,Blair,27.0,637.0,WR214,-362.0,,,,
Caleb Lohner,TE,DEN,999.0,,2026-03-03,Caleb,Lohner,,,,,,,,
Deuce Vaughn,RB,DEN,999.0,,2026-03-03,Deuce,Vaughn,46.4,474.0,RB144,-525.0,,,,
Danny Gray,WR,PHI,999.0,,2026-03-03,Danny,Gray,3.6,1028.0,WR405,29.0,,,,
Mason Tipton,WR,NO,999.0,,2026-03-03,Mason,Tipton,42.4,503.0,WR173,-496.0,,,,
Joaquin Davis,WR,MIN,999.0,,2026-03-03,Joaquin,Davis,,,,,,,,
Marshall Lang,TE,NE,999.0,,2026-03-03,Marshall,Lang,,,,,,,,
Patrick Taylor,RB,SF,999.0,,2026-03-03,Patrick,Taylor,71.6,328.0,RB74,-671.0,,,,
Drew Lock,QB,SEA,999.0,,2026-03-03,Drew,Lock,210.0,88.0,QB41,-911.0,,,,
Pierre Strong,RB,GB,999.0,,2026-03-03,Pierre,Strong,57.5,404.0,RB115,-595.0,,,,
Kendall Milton,RB,CIN,999.0,,2026-03-03,Kendall,Milton,,,,,,,,
Derius Davis,WR,LAC,999.0,,2026-03-03,Derius,Davis,48.5,460.0,WR161,-539.0,,,,
Lan Larison,RB,NE,999.0,,2026-03-03,Lan,Larison,,,,,,,,
Moliki Matavao,TE,NO,999.0,,2026-03-03,Moliki,Matavao,,,,,,,,
Cody Schrader,RB,DEN,999.0,,2026-03-03,Cody,Schrader,33.4,569.0,RB180,-430.0,,,,
Drew Sample,TE,CIN,532.0,,2026-03-03,Drew,Sample,56.5,411.0,TE53,-121.0,,,,
Luke Grimm,WR,LAC,999.0,,2026-03-03,Luke,Grimm,,,,,,,,
Desmond Ridder,QB,GB,999.0,,2026-03-03,Desmond,Ridder,108.8,235.0,QB77,-764.0,,,,
Tylan Wallace,WR,BAL,999.0,,2026-03-03,Tylan,Wallace,38.2,534.0,WR184,-465.0,,,,
Donald Parham,TE,PIT,999.0,,2026-03-03,Donald,Parham,6.4,949.0,TE199,-50.0,,,,
Zonovan Knight,RB,ARI,999.0,,2026-03-03,Zonovan,Knight,,,,,,,,
John Rhys Plumlee,QB,PIT,999.0,,2026-03-03,John Rhys,Plumlee,,,,,,,,
Garrett Greene,QB,TB,999.0,,2026-03-03,Garrett,Greene,,,,,,,,
Travis Homer,RB,CHI,999.0,,2026-03-03,Travis,Homer,9.6,855.0,RB261,-144.0,,,,
Corey Kiner,RB,ARI,999.0,,2026-03-03,Corey,Kiner,,,,,,,,
JJ Galbreath,TE,PIT,999.0,,2026-03-03,JJ,Galbreath,,,,,,,,
Xavier Johnson,WR,CIN,999.0,,2026-03-03,Xavier,Johnson,,,,,,,,
Junior Bergen,WR,SF,999.0,,2026-03-03,Junior,Bergen,,,,,,,,
Laquon Treadwell,WR,IND,999.0,,2026-03-03,Laquon,Treadwell,32.5,577.0,WR197,-422.0,,,,
Britain Covey,WR,PHI,999.0,,2026-03-03,Britain,Covey,26.5,643.0,WR215,-356.0,,,,
Teddy Bridgewater,QB,TB,999.0,,2026-03-03,Teddy,Bridgewater,8.8,875.0,QB120,-124.0,,,,
Gage Larvadain,WR,CLE,999.0,,2026-03-03,Gage,Larvadain,,,,,,,,
Malik Turner,WR,SF,999.0,,2026-03-03,Malik,Turner,9.8,846.0,WR305,-153.0,,,,
Ben Skowronek,WR,PIT,999.0,,2026-03-03,Ben,Skowronek,30.1,603.0,WR204,-396.0,,,,
Dalen Cambre,WR,NYG,999.0,,2026-03-03,Dalen,Cambre,,,,,,,,
Jeff Driskel,QB,WAS,999.0,,2026-03-03,Jeff,Driskel,177.5,116.0,QB52,-883.0,,,,
JP Richardson,WR,CHI,999.0,,2026-03-03,JP,Richardson,,,,,,,,
Elijah Mitchell,RB,NE,999.0,,2026-03-03,Elijah,Mitchell,92.4,269.0,RB52,-730.0,,,,
Ben Yurosek,TE,MIN,999.0,,2026-03-03,Ben,Yurosek,,,,,,,,
Jelani Woods,TE,NYJ,999.0,,2026-03-03,Jelani,Woods,8.1,892.0,TE178,-107.0,,,,
Tucker Fisk,TE,LAC,532.0,,2026-03-03,Tucker,Fisk,33.4,568.0,TE90,36.0,,,,
James Mitchell,TE,CAR,528.0,,2026-03-03,James,Mitchell,16.8,757.0,TE138,229.0,,,,
Ahmani Marshall,RB,CLE,528.0,,2026-03-03,Ahmani,Marshall,,,,,,,,
Sam Hartman,QB,WAS,390.0,,2026-03-03,Sam,Hartman,,,,,,,,
Brevin Jordan,TE,HOU,391.0,,2026-03-03,Brevin,Jordan,39.6,523.0,TE79,132.0,,,,
Xavier Weaver,WR,ARI,392.0,,2026-03-03,Xavier,Weaver,5.4,982.0,WR382,590.0,,,,
Tyler Conklin,TE,LAC,393.0,,2026-03-03,Tyler,Conklin,103.7,248.0,TE32,-145.0,,,,
Josh Reynolds,WR,NYJ,394.0,,2026-03-03,Josh,Reynolds,43.8,491.0,WR171,97.0,,,,
John Bates,TE,WAS,395.0,,2026-03-03,John,Bates,22.7,687.0,TE122,292.0,,,,
Mitch Tinsley,WR,CIN,396.0,,2026-03-03,Mitch,Tinsley,,,,,,,,
Will Dissly,TE,LAC,397.0,,2026-03-03,Will,Dissly,104.0,247.0,TE31,-150.0,,,,
Jeremy Ruckert,TE,NYJ,398.0,,2026-03-03,Jeremy,Ruckert,48.0,464.0,TE67,66.0,,,,
Dillon Gabriel,QB,CLE,399.0,,2026-03-03,Dillon,Gabriel,,,,,,,,
Grant Calcaterra,TE,PHI,400.0,,2026-03-03,Grant,Calcaterra,66.7,352.0,TE45,-48.0,,,,
David Sills,WR,ATL,400.0,,2026-03-03,David,Sills,9.5,860.0,WR314,460.0,,,,
Caden Prieskorn,TE,CLE,401.0,,2026-03-03,Caden,Prieskorn,,,,,,,,
Tyler Goodson,RB,IND,401.0,,2026-03-03,Tyler,Goodson,33.1,572.0,RB183,171.0,,,,
Deshaun Watson,QB,CLE,402.0,,2026-03-03,Deshaun,Watson,233.0,64.0,QB32,-338.0,,,,
Bronson Kaufusi,TE,GB,405.0,,2026-03-03,Bronson,Kaufusi,,,,,,,,
Skyy Moore,WR,SF,407.0,,2026-03-03,Skyy,Moore,19.7,728.0,WR254,321.0,,,,
Kenny Pickett,QB,LV,407.0,,2026-03-03,Kenny,Pickett,26.3,646.0,QB107,239.0,,,,
A.T. Perry,WR,PIT,408.0,,2026-03-03,A.T.,Perry,16.1,767.0,WR266,359.0,,,,
Gavin Bartholomew,TE,MIN,409.0,,2026-03-03,Gavin,Bartholomew,,,,,,,,
Will Grier,QB,DAL,409.0,,2026-03-03,Will,Grier,,,,,,,,
Arian Smith,WR,NYJ,390.0,,2026-03-03,Arian,Smith,,,,,,,,
Kalel Mullings,RB,TEN,413.0,,2026-03-03,Kalel,Mullings,,,,,,,,
Zamir White,RB,LV,388.0,,2026-03-03,Zamir,White,60.1,383.0,RB103,-5.0,,,,
Daniel Bellinger,TE,NYG,386.0,,2026-03-03,Daniel,Bellinger,56.3,414.0,TE55,28.0,,,,
Zach Wilson,QB,MIA,369.0,,2026-03-03,Zach,Wilson,183.2,111.0,QB50,-258.0,,,,
Josh Oliver,TE,MIN,370.0,,2026-03-03,Josh,Oliver,74.3,321.0,TE42,-49.0,,,,
Curtis Samuel,WR,BUF,371.0,,2026-03-03,Curtis,Samuel,77.9,308.0,WR119,-63.0,,,,
Trent Taylor,WR,SF,372.0,,2026-03-03,Trent,Taylor,25.1,658.0,WR221,286.0,,,,
Dyami Brown,WR,JAX,372.0,,2026-03-03,Dyami,Brown,95.3,261.0,WR97,-111.0,,,,
Sterling Shepard,WR,TB,375.0,,2026-03-03,Sterling,Shepard,58.0,397.0,WR144,22.0,,,,
Tyler Badie,RB,DEN,376.0,,2026-03-03,Tyler,Badie,26.4,645.0,RB213,269.0,,,,
Jamari Thrash,WR,CLE,376.0,,2026-03-03,Jamari,Thrash,17.8,746.0,WR259,370.0,,,,
Andrew Beck,RB,NYJ,378.0,,2026-03-03,Andrew,Beck,,,,,,,,
Brock Wright,TE,DET,378.0,,2026-03-03,Brock,Wright,38.3,533.0,TE83,155.0,,,,
JuJu Smith-Schuster,WR,KC,379.0,,2026-03-03,JuJu,Smith-Schuster,52.3,442.0,WR155,63.0,,,,
Donovan Edwards,RB,MIA,380.0,,2026-03-03,Donovan,Edwards,,,,,,,,
George Holani,RB,SEA,380.0,,2026-03-03,George,Holani,16.4,760.0,RB243,380.0,,,,
Van Jefferson,WR,TEN,381.0,,2026-03-03,Van,Jefferson,58.0,399.0,WR144,18.0,,,,
Jake Bobo,WR,SEA,382.0,,2026-03-03,Jake,Bobo,32.1,580.0,WR198,198.0,,,,
Alexander Mattison,RB,MIA,382.0,,2026-03-03,Alexander,Mattison,120.9,211.0,RB43,-171.0,,,,
Mitchell Evans,TE,CAR,383.0,,2026-03-03,Mitchell,Evans,,,,,,,,
Raheem Mostert,RB,LV,384.0,,2026-03-03,Raheem,Mostert,54.6,425.0,RB122,41.0,,,,
Tavien Feaster,RB,ARI,384.0,,2026-03-03,Tavien,Feaster,,,,,,,,
Brayden Willis,TE,SF,384.0,,2026-03-03,Brayden,Willis,10.2,838.0,TE163,454.0,,,,
Zavier Scott,RB,MIN,385.0,,2026-03-03,Zavier,Scott,,,,,,,,
Khalil Herbert,RB,NYJ,387.0,,2026-03-03,Khalil,Herbert,17.4,748.0,RB240,361.0,,,,
Phillip Dorsett,WR,LV,999.0,,2026-03-03,Phillip,Dorsett,5.6,976.0,WR377,-23.0,,,,
Cam Akers,RB,SEA,414.0,,2026-03-03,Cam,Akers,69.5,338.0,RB80,-76.0,,,,
Dare Ogunbowale,RB,HOU,417.0,,2026-03-03,Dare,Ogunbowale,13.8,795.0,RB250,378.0,,,,
Seth Henigan,QB,IND,461.0,,2026-03-03,Seth,Henigan,,,,,,,,
Sal Cannella,TE,CLE,461.0,,2026-03-03,Sal,Cannella,,,,,,,,
Frank Gore,RB,BUF,462.0,,2026-03-03,Frank,Gore,52.8,439.0,RB129,-23.0,,,,
Nick Nash,WR,WAS,463.0,,2026-03-03,Nick,Nash,,,,,,,,
Teagan Quitoriano,TE,ATL,464.0,,2026-03-03,Teagan,Quitoriano,9.7,849.0,TE165,385.0,,,,
LaJohntay Wester,WR,BAL,467.0,,2026-03-03,LaJohntay,Wester,,,,,,,,
Braxton Berrios,WR,HOU,468.0,,2026-03-03,Braxton,Berrios,14.0,793.0,WR282,325.0,,,,
Clayton Thorson,QB,NYG,478.0,,2026-03-03,Clayton,Thorson,,,,,,,,
Cooper Rush,QB,BAL,485.0,,2026-03-03,Cooper,Rush,173.9,118.0,QB54,-367.0,,,,
Dalevon Campbell,WR,LAC,487.0,,2026-03-03,Dalevon,Campbell,,,,,,,,
Cameron Latu,TE,PHI,488.0,,2026-03-03,Cameron,Latu,,,,,,,,
Jacoby Jones,WR,WAS,490.0,,2026-03-03,Jacoby,Jones,,,,,,,,
JaQuae Jackson,WR,LAC,490.0,,2026-03-03,JaQuae,Jackson,,,,,,,,
Kurtis Rourke,QB,SF,492.0,,2026-03-03,Kurtis,Rourke,,,,,,,,
Joshua Cephus,WR,JAX,493.0,,2026-03-03,Joshua,Cephus,,,,,,,,
Zaire Mitchell-Paden,TE,NO,499.0,,2026-03-03,Zaire,Mitchell-Paden,,,,,,,,
Chris Oladokun,QB,KC,501.0,,2026-03-03,Chris,Oladokun,8.5,882.0,QB121,381.0,,,,
Jake Browning,QB,CIN,501.0,,2026-03-03,Jake,Browning,17.4,749.0,QB112,248.0,,,,
Jack Doyle,TE,IND,504.0,,2026-03-03,Jack,Doyle,4.8,1002.0,TE214,498.0,,,,
Julian Hill,TE,MIA,517.0,,2026-03-03,Julian,Hill,48.8,459.0,TE66,-58.0,,,,
DJ Uiagalelei,QB,LAC,522.0,,2026-03-03,DJ,Uiagalelei,,,,,,,,
Isaiah Wooden,WR,CLE,448.0,,2026-03-03,Isaiah,Wooden,,,,,,,,
Ronnie Rivers,RB,LAR,416.0,,2026-03-03,Ronnie,Rivers,14.4,788.0,RB248,372.0,,,,
AJ Henning,WR,MIA,447.0,,2026-03-03,AJ,Henning,,,,,,,,
Irvin Charles,WR,NYJ,443.0,,2026-03-03,Irvin,Charles,4.8,1000.0,WR395,557.0,,,,
Ainias Smith,WR,CAR,418.0,,2026-03-03,Ainias,Smith,63.5,367.0,WR133,-51.0,,,,
Jordan Watkins,WR,SF,418.0,,2026-03-03,Jordan,Watkins,,,,,,,,
Marquez Valdes-Scantling,WR,PIT,419.0,,2026-03-03,Marquez,Valdes-Scantling,69.8,336.0,WR127,-83.0,,,,
Hassan Haskins,RB,LAC,422.0,,2026-03-03,Hassan,Haskins,18.2,742.0,RB238,320.0,,,,
Tyler Scott,WR,LAR,423.0,,2026-03-03,Tyler,Scott,26.4,644.0,WR217,221.0,,,,
Tyson Bagent,QB,CHI,424.0,,2026-03-03,Tyson,Bagent,25.4,653.0,QB108,229.0,,,,
Sam Howell,QB,PHI,425.0,,2026-03-03,Sam,Howell,80.0,301.0,QB85,-124.0,,,,
Isaiah Williams,WR,NYJ,428.0,,2026-03-03,Isaiah,Williams,61.0,380.0,WR136,-48.0,,,,
Jared Wayne,WR,HOU,429.0,,2026-03-03,Jared,Wayne,10.2,837.0,WR298,408.0,,,,
Luke Farrell,TE,SF,429.0,,2026-03-03,Luke,Farrell,58.8,392.0,TE52,-37.0,,,,
Coleman Owen,WR,IND,430.0,,2026-03-03,Coleman,Owen,,,,,,,,
A.J. Dillon,RB,PHI,431.0,,2026-03-03,A.J.,Dillon,,,,,,,,
Luke Schoonmaker,TE,DAL,432.0,,2026-03-03,Luke,Schoonmaker,56.1,416.0,TE56,-16.0,,,,
Tanner Hudson,TE,CIN,434.0,,2026-03-03,Tanner,Hudson,52.3,441.0,TE65,7.0,,,,
Jacob Cowing,WR,SF,435.0,,2026-03-03,Jacob,Cowing,79.4,305.0,WR116,-130.0,,,,
Thomas Fidone,TE,NYG,436.0,,2026-03-03,Thomas,Fidone,,,,,,,,
Tanner McLachlan,TE,LAC,436.0,,2026-03-03,Tanner,McLachlan,,,,,,,,
Lil'Jordan Humphrey,WR,DEN,437.0,,2026-03-03,Lil'Jordan,Humphrey,88.5,276.0,WR105,-161.0,,,,
Kameron Johnson,WR,TB,439.0,,2026-03-03,Kameron,Johnson,0.0,1068.0,WR429,629.0,,,,
Hunter Long,TE,JAX,440.0,,2026-03-03,Hunter,Long,26.2,649.0,TE110,209.0,,,,
Chris Moore,WR,WAS,442.0,,2026-03-03,Chris,Moore,5.4,983.0,WR382,541.0,,,,
Isaiah Neyor,WR,GB,443.0,,2026-03-03,Isaiah,Neyor,,,,,,,,
Blake Whiteheart,TE,CLE,999.0,,2026-03-03,Blake,Whiteheart,31.8,587.0,TE93,-412.0,,,,
Jeremiah Webb,WR,NE,999.0,,2026-03-03,Jeremiah,Webb,,,,,,,,
Parris Campbell,WR,DAL,999.0,,2026-03-03,Parris,Campbell,39.0,527.0,WR182,-472.0,,,,
Thomas Ives,WR,CHI,9999999.0,,2026-03-03,Thomas,Ives,,,,,,,,
Treyton Welch,TE,NO,9999999.0,,2026-03-03,Treyton,Welch,,,,,,,,
CJ Dippre,TE,NE,9999999.0,,2026-03-03,CJ,Dippre,,,,,,,,
Stone Smartt,TE,NYJ,9999999.0,,2026-03-03,Stone,Smartt,62.4,372.0,TE48,-9999627.0,,,,
DeAndre Thompkins,WR,GB,9999999.0,,2026-03-03,DeAndre,Thompkins,,,,,,,,
Sean McKeon,TE,IND,9999999.0,,2026-03-03,Sean,McKeon,6.0,963.0,TE203,-9999036.0,,,,
Quintin Morris,TE,JAX,9999999.0,,2026-03-03,Quintin,Morris,39.4,525.0,TE81,-9999474.0,,,,
Stephen Gosnell,WR,BUF,9999999.0,,2026-03-03,Stephen,Gosnell,,,,,,,,
Zach Horton,TE,DET,9999999.0,,2026-03-03,Zach,Horton,,,,,,,,
Isaiah Hodgins,WR,NYG,9999999.0,,2026-03-03,Isaiah,Hodgins,30.1,602.0,WR204,-9999397.0,,,,
Aaron Bailey,QB,BAL,9999999.0,,2026-03-03,Aaron,Bailey,,,,,,,,
Cedrick Wilson,WR,MIA,9999999.0,,2026-03-03,Cedrick,Wilson,,,,,,,,
Tip Reiman,TE,ARI,9999999.0,,2026-03-03,Tip,Reiman,27.2,636.0,TE106,-9999363.0,,,,
Nikko Remigio,WR,KC,9999999.0,,2026-03-03,Nikko,Remigio,150.8,157.0,WR50,-9999842.0,,,,
Lawrence Cager,TE,WAS,9999999.0,,2026-03-03,Lawrence,Cager,20.7,715.0,TE127,-9999284.0,,,,
Dohnte Meyers,WR,CIN,9999999.0,,2026-03-03,Dohnte,Meyers,,,,,,,,
Mason Pline,TE,NO,9999999.0,,2026-03-03,Mason,Pline,,,,,,,,
Allen Hurns,WR,MIA,9999999.0,,2026-03-03,Allen,Hurns,,,,,,,,
Tru Edwards,WR,LAR,9999999.0,,2026-03-03,Tru,Edwards,,,,,,,,
Malik Heath,WR,ATL,9999999.0,,2026-03-03,Malik,Heath,76.0,316.0,WR122,-9999683.0,,,,
Jalen Virgil,WR,BUF,9999999.0,,2026-03-03,Jalen,Virgil,15.1,773.0,WR271,-9999226.0,,,,
British Brooks,RB,HOU,9999999.0,,2026-03-03,British,Brooks,3.2,1031.0,RB272,-9998968.0,,,,
Kene Nwangwu,RB,NYJ,9999999.0,,2026-03-03,Kene,Nwangwu,0.0,1066.0,RB275,-9998933.0,,,,
Tim Jones,WR,JAX,9999999.0,,2026-03-03,Tim,Jones,55.2,418.0,WR150,-9999581.0,,,,
Darren Fells,TE,TB,9999999.0,,2026-03-03,Darren,Fells,10.7,832.0,TE162,-9999167.0,,,,
Austin Trammell,WR,JAX,9999999.0,,2026-03-03,Austin,Trammell,97.0,257.0,WR96,-9999742.0,,,,
Temarrick Hemingway,TE,WAS,9999999.0,,2026-03-03,Temarrick,Hemingway,12.7,812.0,TE154,-9999187.0,,,,
Travis Vokolek,TE,ARI,9999999.0,,2026-03-03,Travis,Vokolek,,,,,,,,
Amar Johnson,RB,LAC,9999999.0,,2026-03-03,Amar,Johnson,,,,,,,,
James Proche,WR,TEN,9999999.0,,2026-03-03,James,Proche,30.3,600.0,WR202,-9999399.0,,,,
Pharaoh Brown,TE,ARI,9999999.0,,2026-03-03,Pharaoh,Brown,35.9,551.0,TE87,-9999448.0,,,,
Charlie Woerner,TE,ATL,9999999.0,,2026-03-03,Charlie,Woerner,25.4,652.0,TE111,-9999347.0,,,,
Luke Floriea,WR,CLE,9999999.0,,2026-03-03,Luke,Floriea,,,,,,,,
Lee Smith,TE,ATL,9999999.0,,2026-03-03,Lee,Smith,6.2,955.0,TE200,-9999044.0,,,,
Elijah Higgins,TE,ARI,9999999.0,,2026-03-03,Elijah,Higgins,67.0,349.0,TE44,-9999650.0,,,,
Joshua Simon,TE,ATL,9999999.0,,2026-03-03,Joshua,Simon,,,,,,,,
Harrison Bryant,TE,HOU,9999999.0,,2026-03-03,Harrison,Bryant,55.2,419.0,TE58,-9999580.0,,,,
David Moore,WR,CAR,9999999.0,,2026-03-03,David,Moore,81.3,296.0,WR113,-9999703.0,,,,
Montorie Foster,WR,SEA,9999999.0,,2026-03-03,Montorie,Foster,,,,,,,,
Case Keenum,QB,CHI,9999999.0,,2026-03-03,Case,Keenum,42.2,505.0,QB100,-9999494.0,,,,
Jacob Saylors,RB,DET,9999999.0,,2026-03-03,Jacob,Saylors,,,,,,,,
Adam Trautman,TE,DEN,9999999.0,,2026-03-03,Adam,Trautman,31.5,590.0,TE94,-9999409.0,,,,
Dante Miller,RB,NYG,9999999.0,,2026-03-03,Dante,Miller,,,,,,,,
Nate Adkins,TE,DEN,9999999.0,,2026-03-03,Nate,Adkins,40.1,521.0,TE78,-9999478.0,,,,
Anthony Firkser,TE,DET,9999999.0,,2026-03-03,Anthony,Firkser,14.2,789.0,TE145,-9999210.0,,,,
Ito Smith,RB,DAL,9999999.0,,2026-03-03,Ito,Smith,52.9,438.0,RB128,-9999561.0,,,,
Easton Stick,QB,ATL,9999999.0,,2026-03-03,Easton,Stick,240.3,54.0,QB28,-9999945.0,,,,
Garrett Scantling,WR,ATL,9999999.0,,2026-03-03,Garrett,Scantling,,,,,,,,
Levine Toilolo,TE,NYG,9999999.0,,2026-03-03,Levine,Toilolo,4.7,1008.0,TE217,-9998991.0,,,,
Jordan Moore,WR,CIN,9999999.0,,2026-03-03,Jordan,Moore,,,,,,,,
Nick Vannett,TE,LAR,9999999.0,,2026-03-03,Nick,Vannett,42.8,498.0,TE73,-9999501.0,,,,
Jordan Scarlett,RB,MIA,9999999.0,,2026-03-03,Jordan,Scarlett,,,,,,,,
Reggie Gilliam,RB,BUF,9999999.0,,2026-03-03,Reggie,Gilliam,,,,,,,,
Jackson Hawes,TE,BUF,9999999.0,,2026-03-03,Jackson,Hawes,,,,,,,,
Tom Kennedy,WR,DET,9999999.0,,2026-03-03,Tom,Kennedy,14.6,784.0,WR278,-9999215.0,,,,
Tyler Johnson,WR,NYJ,9999999.0,,2026-03-03,Tyler,Johnson,129.3,196.0,WR67,-9999803.0,,,,
Qadir Ismail,WR,CHI,9999999.0,,2026-03-03,Qadir,Ismail,,,,,,,,
Brandon Smith,WR,PIT,9999999.0,,2026-03-03,Brandon,Smith,,,,,,,,
Wyatt Houston,TE,CAR,9999999.0,,2026-03-03,Wyatt,Houston,,,,,,,,
Rivaldo Fairweather,TE,ARI,9999999.0,,2026-03-03,Rivaldo,Fairweather,,,,,,,,
Dylan Laube,RB,LV,9999999.0,,2026-03-03,Dylan,Laube,0.0,1063.0,RB275,-9998936.0,,,,
John Jiles,WR,NE,9999999.0,,2026-03-03,John,Jiles,,,,,,,,
Zach Terrell,QB,BAL,9999999.0,,2026-03-03,Zach,Terrell,,,,,,,,
Gary Brightwell,RB,CIN,9999999.0,,2026-03-03,Gary,Brightwell,48.4,462.0,RB139,-9999537.0,,,,
Dee Eskridge,WR,MIA,9999999.0,,2026-03-03,Dee,Eskridge,30.2,601.0,WR203,-9999398.0,,,,
Feleipe Franks,TE,ATL,9999999.0,,2026-03-03,Feleipe,Franks,16.2,764.0,TE142,-9999235.0,,,,
Dan Chisena,WR,CAR,9999999.0,,2026-03-03,Dan,Chisena,31.4,591.0,WR200,-9999408.0,,,,
Devin Culp,TE,TB,9999999.0,,2026-03-03,Devin,Culp,134.1,192.0,TE20,-9999807.0,,,,
Skyler Howard,QB,SEA,9999999.0,,2026-03-03,Skyler,Howard,,,,,,,,
Ameer Abdullah,RB,IND,9999999.0,,2026-03-03,Ameer,Abdullah,54.7,423.0,RB121,-9999576.0,,,,
Brycen Tremayne,WR,CAR,9999999.0,,2026-03-03,Brycen,Tremayne,19.9,725.0,WR253,-9999274.0,,,,
Nick Williams,WR,DEN,9999999.0,,2026-03-03,Nick,Williams,,,,,,,,
Dylan Drummond,WR,ATL,9999999.0,,2026-03-03,Dylan,Drummond,,,,,,,,
Elijah Cooks,WR,NO,9999999.0,,2026-03-03,Elijah,Cooks,24.2,667.0,WR224,-9999332.0,,,,
Johnny Mundt,TE,JAX,9999999.0,,2026-03-03,Johnny,Mundt,53.8,428.0,TE60,-9999571.0,,,,
Caleb Scott,WR,TEN,9999999.0,,2026-03-03,Caleb,Scott,,,,,,,,
Nathan Carter,RB,ATL,9999999.0,,2026-03-03,Nathan,Carter,,,,,,,,
Stetson Bennett,QB,LAR,9999999.0,,2026-03-03,Stetson,Bennett,,,,,,,,
Da'Quan Felton,WR,NYG,9999999.0,,2026-03-03,Da'Quan,Felton,,,,,,,,
Joel Wilson,TE,TEN,9999999.0,,2026-03-03,Joel,Wilson,,,,,,,,
Matt LaCosse,TE,NE,9999999.0,,2026-03-03,Matt,LaCosse,,,,,,,,
Quez Watkins,WR,PHI,9999999.0,,2026-03-03,Quez,Watkins,10.2,839.0,WR298,-9999160.0,,,,
Nick Schuessler,QB,PIT,9999999.0,,2026-03-03,Nick,Schuessler,,,,,,,,
Hal Presley,WR,TEN,9999999.0,,2026-03-03,Hal,Presley,,,,,,,,
Mario Williams,WR,LAR,9999999.0,,2026-03-03,Mario,Williams,,,,,,,,
Mark Redman,TE,LAR,9999999.0,,2026-03-03,Mark,Redman,,,,,,,,
Trayveon Williams,RB,CLE,9999999.0,,2026-03-03,Trayveon,Williams,23.6,671.0,RB219,-9999328.0,,,,
Franko House,TE,CHI,9999999.0,,2026-03-03,Franko,House,,,,,,,,
Jordan Waters,RB,LAR,9999999.0,,2026-03-03,Jordan,Waters,,,,,,,,
Zay Jones,WR,ARI,9999999.0,,2026-03-03,Zay,Jones,20.7,714.0,WR248,-9999285.0,,,,
Jason Brownlee,WR,KC,9999999.0,,2026-03-03,Jason,Brownlee,16.9,756.0,WR263,-9999243.0,,,,
Jalen Morton,QB,IND,9999999.0,,2026-03-03,Jalen,Morton,,,,,,,,
Bryson Green,WR,ARI,9999999.0,,2026-03-03,Bryson,Green,,,,,,,,
Tyrone Broden,WR,SEA,9999999.0,,2026-03-03,Tyrone,Broden,,,,,,,,
Jalen Brooks,WR,ARI,9999999.0,,2026-03-03,Jalen,Brooks,49.8,455.0,WR159,-9999544.0,,,,
Chris Collier,RB,LV,9999999.0,,2026-03-03,Chris,Collier,17.8,745.0,RB239,-9999254.0,,,,
Bryce Pierre,TE,CAR,9999999.0,,2026-03-03,Bryce,Pierre,,,,,,,,
Austin Hooper,TE,NE,368.0,,2026-03-03,Austin,Hooper,110.0,231.0,TE27,-137.0,,,,
Layne Pryor,TE,HOU,9999999.0,,2026-03-03,Layne,Pryor,,,,,,,,
Kye Robichaux,RB,DET,9999999.0,,2026-03-03,Kye,Robichaux,,,,,,,,
Josh Williams,RB,TB,999.0,,2026-03-03,Josh,Williams,,,,,,,,
Keaontay Ingram,RB,KC,999.0,,2026-03-03,Keaontay,Ingram,32.7,574.0,RB185,-425.0,,,,
Eli Pancol,WR,IND,999.0,,2026-03-03,Eli,Pancol,,,,,,,,
Mecole Hardman,WR,BUF,999.0,,2026-03-03,Mecole,Hardman,53.0,437.0,WR154,-562.0,,,,
Robert Tonyan,TE,KC,999.0,,2026-03-03,Robert,Tonyan,4.9,998.0,TE211,-1.0,,,,
Connor Bazelak,QB,TB,999.0,,2026-03-03,Connor,Bazelak,,,,,,,,
Brandon Allen,QB,TEN,999.0,,2026-03-03,Brandon,Allen,6.2,953.0,QB124,-46.0,,,,
Patrick Herbert,TE,JAX,999.0,,2026-03-03,Patrick,Herbert,,,,,,,,
Max Brosmer,QB,MIN,999.0,,2026-03-03,Max,Brosmer,,,,,,,,
Shane Buechele,QB,BUF,999.0,,2026-03-03,Shane,Buechele,,,,,,,,
Xavier Gipson,WR,NYG,999.0,,2026-03-03,Xavier,Gipson,23.7,669.0,WR226,-330.0,,,,
Courtney Jackson,WR,NYG,999.0,,2026-03-03,Courtney,Jackson,,,,,,,,
Xavier Smith,WR,LAR,999.0,,2026-03-03,Xavier,Smith,0.0,1057.0,WR429,58.0,,,,
Casey Washington,WR,ATL,999.0,,2026-03-03,Casey,Washington,24.6,661.0,WR222,-338.0,,,,
Kylen Granson,TE,PHI,999.0,,2026-03-03,Kylen,Granson,43.3,495.0,TE71,-504.0,,,,
Carter Bradley,QB,JAX,999.0,,2026-03-03,Carter,Bradley,,,,,,,,
Hayden Rucci,TE,SF,999.0,,2026-03-03,Hayden,Rucci,,,,,,,,
Tahj Washington,WR,MIA,999.0,,2026-03-03,Tahj,Washington,,,,,,,,
Drew Ogletree,TE,IND,999.0,,2026-03-03,Drew,Ogletree,,,,,,,,
Thomas Gordon,TE,DET,999.0,,2026-03-03,Thomas,Gordon,,,,,,,,
DeAndre Carter,WR,CLE,999.0,,2026-03-03,DeAndre,Carter,31.9,584.0,WR199,-415.0,,,,
Nikola Kalinic,TE,CHI,999.0,,2026-03-03,Nikola,Kalinic,,,,,,,,
Devin Duvernay,WR,CHI,999.0,,2026-03-03,Devin,Duvernay,21.4,701.0,WR241,-298.0,,,,
Michael Wiley,RB,TB,999.0,,2026-03-03,Michael,Wiley,,,,,,,,
Colton Dowell,WR,SF,999.0,,2026-03-03,Colton,Dowell,9.5,863.0,WR314,-136.0,,,,
Stephen Carlson,TE,CHI,999.0,,2026-03-03,Stephen,Carlson,8.6,880.0,TE173,-119.0,,,,
Brennan Presley,WR,LAR,999.0,,2026-03-03,Brennan,Presley,,,,,,,,
Josh Whyle,TE,GB,999.0,,2026-03-03,Josh,Whyle,55.4,417.0,TE57,-582.0,,,,
Ian Thomas,TE,LV,999.0,,2026-03-03,Ian,Thomas,29.9,604.0,TE97,-395.0,,,,
Carson Steele,RB,PHI,999.0,,2026-03-03,Carson,Steele,22.8,683.0,RB223,-316.0,,,,
Sione Vaki,RB,DET,999.0,,2026-03-03,Sione,Vaki,23.5,674.0,RB221,-325.0,,,,
Cam Miller,QB,MIA,999.0,,2026-03-03,Cam,Miller,,,,,,,,
Dareke Young,WR,SEA,999.0,,2026-03-03,Dareke,Young,14.1,790.0,WR281,-209.0,,,,
Graham Mertz,QB,HOU,999.0,,2026-03-03,Graham,Mertz,,,,,,,,
Jake Briningstool,TE,KC,999.0,,2026-03-03,Jake,Briningstool,,,,,,,,
Bo Melton,WR,GB,999.0,,2026-03-03,Bo,Melton,,,,,,,,
McCallan Castles,TE,GB,999.0,,2026-03-03,McCallan,Castles,,,,,,,,
Cole Burgess,WR,PIT,999.0,,2026-03-03,Cole,Burgess,,,,,,,,
Johnny Wilson,WR,PHI,999.0,,2026-03-03,Johnny,Wilson,15.6,770.0,WR268,-229.0,,,,
Trey Palmer,WR,NO,999.0,,2026-03-03,Trey,Palmer,53.6,432.0,WR153,-567.0,,,,
Ke'Shawn Williams,WR,CIN,999.0,,2026-03-03,Ke'Shawn,Williams,,,,,,,,
Cornelius Johnson,WR,BAL,999.0,,2026-03-03,Cornelius,Johnson,,,,,,,,
Kyle McCord,QB,GB,999.0,,2026-03-03,Kyle,McCord,,,,,,,,
Brenden Rice,WR,LV,999.0,,2026-03-03,Brenden,Rice,,,,,,,,
Quentin Skinner,WR,NYJ,999.0,,2026-03-03,Quentin,Skinner,,,,,,,,
Ja'Quinden Jackson,RB,JAX,999.0,,2026-03-03,Ja'Quinden,Jackson,,,,,,,,
Ben Sims,TE,MIN,999.0,,2026-03-03,Ben,Sims,29.0,611.0,TE99,-388.0,,,,
Bryce Oliver,WR,TEN,9999999.0,,2026-03-03,Bryce,Oliver,69.8,335.0,WR127,-9999664.0,,,,
Beaux Collins,WR,NYG,999.0,,2026-03-03,Beaux,Collins,,,,,,,,
Eldridge Massington,WR,NO,1123.0,,2026-03-03,Eldridge,Massington,,,,,,,,
David Martin-Robinson,TE,TEN,9999999.0,,2026-03-03,David,Martin-Robinson,19.6,729.0,TE131,-9999270.0,,,,
Blake Bortles,QB,NO,9999999.0,,2026-03-03,Blake,Bortles,,,,,,,,
Chandler Brayboy,WR,JAX,9999999.0,,2026-03-03,Chandler,Brayboy,,,,,,,,
Simi Fehoko,WR,ARI,9999999.0,,2026-03-03,Simi,Fehoko,84.4,288.0,WR110,-9999711.0,,,,
John FitzPatrick,TE,GB,9999999.0,,2026-03-03,John,FitzPatrick,30.5,596.0,TE96,-9999403.0,,,,
Colson Yankoff,TE,WAS,9999999.0,,2026-03-03,Colson,Yankoff,,,,,,,,
Al Riles,WR,IND,9999999.0,,2026-03-03,Al,Riles,,,,,,,,
Jackson Meeks,WR,DET,9999999.0,,2026-03-03,Jackson,Meeks,,,,,,,,
Jaret Patterson,RB,LAC,9999999.0,,2026-03-03,Jaret,Patterson,110.3,228.0,RB44,-9999771.0,,,,
Jimmy Holiday,WR,KC,9999999.0,,2026-03-03,Jimmy,Holiday,,,,,,,,
Brady Russell,TE,SEA,9999999.0,,2026-03-03,Brady,Russell,,,,,,,,
Benny LeMay,RB,CLE,9999999.0,,2026-03-03,Benny,LeMay,,,,,,,,
Durham Smythe,TE,CHI,9999999.0,,2026-03-03,Durham,Smythe,22.8,684.0,TE121,-9999315.0,,,,
Dayton Wade,WR,BAL,9999999.0,,2026-03-03,Dayton,Wade,,,,,,,,
Deven Thompkins,WR,ATL,9999999.0,,2026-03-03,Deven,Thompkins,9.9,845.0,WR303,-9999154.0,,,,
Chris Manhertz,TE,NYG,9999999.0,,2026-03-03,Chris,Manhertz,28.8,614.0,TE101,-9999385.0,,,,
Jaheim Bell,TE,PHI,9999999.0,,2026-03-03,Jaheim,Bell,26.5,640.0,TE109,-9999359.0,,,,
Andrew Armstrong,WR,KC,9999999.0,,2026-03-03,Andrew,Armstrong,,,,,,,,
Eric Saubert,TE,SEA,9999999.0,,2026-03-03,Eric,Saubert,27.0,638.0,TE107,-9999361.0,,,,
Mason Kinsey,WR,TEN,9999999.0,,2026-03-03,Mason,Kinsey,34.8,560.0,WR191,-9999439.0,,,,
Traeshon Holden,WR,DAL,9999999.0,,2026-03-03,Traeshon,Holden,,,,,,,,
Joshua Perkins,TE,NYJ,9999999.0,,2026-03-03,Joshua,Perkins,,,,,,,,
Shaq Roland,WR,CHI,1104.0,,2026-03-03,Shaq,Roland,,,,,,,,
Greg Dulcich,TE,MIA,9999999.0,,2026-03-03,Greg,Dulcich,46.2,476.0,TE68,-9999523.0,,,,
Deion Hankins,RB,CHI,9999999.0,,2026-03-03,Deion,Hankins,,,,,,,,
Taquan Mizzell,RB,NYG,1233.0,,2026-03-03,Taquan,Mizzell,,,,,,,,
Dax Raymond,TE,PIT,1593.0,,2026-03-03,Dax,Raymond,,,,,,,,
Tommy Stevens,TE,NYG,1938.0,,2026-03-03,Tommy,Stevens,0.0,1059.0,TE231,-879.0,,,,
Elijah McGuire,RB,KC,9999999.0,,2026-03-03,Elijah,McGuire,,,,,,,,
Jack Stoll,TE,NO,9999999.0,,2026-03-03,Jack,Stoll,37.2,542.0,TE85,-9999457.0,,,,
Keleki Latu,TE,BUF,9999999.0,,2026-03-03,Keleki,Latu,,,,,,,,
Tre Watson,TE,KC,9999999.0,,2026-03-03,Tre,Watson,,,,,,,,
Justin Watson,WR,HOU,9999999.0,,2026-03-03,Justin,Watson,57.4,407.0,WR147,-9999592.0,,,,
Will Sheppard,WR,GB,9999999.0,,2026-03-03,Will,Sheppard,,,,,,,,
Mo Alie-Cox,TE,IND,9999999.0,,2026-03-03,Mo,Alie-Cox,24.8,660.0,TE115,-9999339.0,,,,
Dante Pettis,WR,NO,9999999.0,,2026-03-03,Dante,Pettis,55.0,421.0,WR151,-9999578.0,,,,
Mac Dalena,WR,NYJ,9999999.0,,2026-03-03,Mac,Dalena,,,,,,,,
Anthony Gould,WR,IND,9999999.0,,2026-03-03,Anthony,Gould,60.5,382.0,WR137,-9999617.0,,,,
Carter Runyon,TE,LV,9999999.0,,2026-03-03,Carter,Runyon,,,,,,,,
Samori Toure,WR,NO,9999999.0,,2026-03-03,Samori,Toure,7.3,918.0,WR347,-9999081.0,,,,
Drake Dabney,TE,GB,9999999.0,,2026-03-03,Drake,Dabney,,,,,,,,
Will Mallory,TE,IND,9999999.0,,2026-03-03,Will,Mallory,25.3,654.0,TE112,-9999345.0,,,,
Lucas Krull,TE,DEN,9999999.0,,2026-03-03,Lucas,Krull,53.4,435.0,TE63,-9999564.0,,,,
Keilan Robinson,RB,NYJ,9999999.0,,2026-03-03,Keilan,Robinson,,,,,,,,
Adrian Killins,RB,DEN,9999999.0,,2026-03-03,Adrian,Killins,,,,,,,,
Barrett Burns,TE,BAL,9999999.0,,2026-03-03,Barrett,Burns,,,,,,,,
Ryan Miller,WR,NYG,9999999.0,,2026-03-03,Ryan,Miller,80.4,300.0,WR114,-9999699.0,,,,
Kedon Slovis,QB,ARI,365.0,,2026-03-03,Kedon,Slovis,,,,,,,,
Foster Moreau,TE,NO,9999999.0,,2026-03-03,Foster,Moreau,74.8,319.0,TE41,-9999680.0,,,,
Michael Warren,RB,DET,356.0,,2026-03-03,Michael,Warren,,,,,,,,
Terry McLaurin,WR,WAS,97.0,,2026-03-03,Terry,McLaurin,206.4,92.0,WR32,-5.0,,,,
Trey Benson,RB,ARI,98.0,,2026-03-03,Trey,Benson,42.9,497.0,RB154,399.0,,,,
D'Andre Swift,RB,CHI,98.0,,2026-03-03,D'Andre,Swift,185.9,108.0,RB20,10.0,,,,
Anthony Richardson,QB,IND,98.0,,2026-03-03,Anthony,Richardson,264.5,35.0,QB18,-63.0,,,,
Kimani Vidal,RB,LAC,99.0,,2026-03-03,Kimani,Vidal,56.2,415.0,RB119,316.0,,,,
Tyler Higbee,TE,LAR,100.0,,2026-03-03,Tyler,Higbee,123.5,207.0,TE23,107.0,,,,
J.J. McCarthy,QB,MIN,101.0,,2026-03-03,J.J.,McCarthy,,,,,,,,
Woody Marks,RB,HOU,102.0,,2026-03-03,Woody,Marks,,,,,,,,
Troy Franklin,WR,DEN,102.0,,2026-03-03,Troy,Franklin,69.3,339.0,WR129,237.0,,,,
James Conner,RB,ARI,96.0,,2026-03-03,James,Conner,165.6,130.0,RB24,34.0,,,,
Chig Okonkwo,TE,TEN,102.0,,2026-03-03,Chig,Okonkwo,110.2,229.0,TE26,127.0,,,,
Cade Otton,TE,TB,106.0,,2026-03-03,Cade,Otton,171.0,124.0,TE8,18.0,,,,
Braelon Allen,RB,NYJ,106.0,,2026-03-03,Braelon,Allen,63.0,368.0,RB97,262.0,,,,
KeAndre Lambert-Smith,WR,LAC,107.0,,2026-03-03,KeAndre,Lambert-Smith,,,,,,,,
Jimmy Horn,WR,CAR,109.0,,2026-03-03,Jimmy,Horn,,,,,,,,
Alec Pierce,WR,IND,109.0,,2026-03-03,Alec,Pierce,138.1,185.0,WR61,76.0,,,,
Jayden Higgins,WR,HOU,110.0,,2026-03-03,Jayden,Higgins,,,,,,,,
Matthew Golden,WR,GB,111.0,,2026-03-03,Matthew,Golden,,,,,,,,
Jalen Coker,WR,CAR,111.0,,2026-03-03,Jalen,Coker,134.4,190.0,WR64,79.0,,,,
Theo Johnson,TE,NYG,113.0,,2026-03-03,Theo,Johnson,118.9,214.0,TE24,101.0,,,,
Khalil Shakir,WR,BUF,103.0,,2026-03-03,Khalil,Shakir,235.8,61.0,WR19,-42.0,,,,
Daniel Jones,QB,IND,96.0,,2026-03-03,Daniel,Jones,250.8,46.0,QB23,-50.0,,,,
Quentin Johnston,WR,LAC,95.0,,2026-03-03,Quentin,Johnston,143.8,173.0,WR55,78.0,,,,
DJ Moore,WR,CHI,92.0,,2026-03-03,DJ,Moore,232.6,65.0,WR21,-27.0,,,,
Tua Tagovailoa,QB,MIA,76.0,,2026-03-03,Tua,Tagovailoa,307.8,17.0,QB11,-59.0,,,,
Maurice Alexander,WR,CHI,76.0,,2026-03-03,Maurice,Alexander,26.5,642.0,WR215,566.0,,,,
Tony Pollard,RB,TEN,76.0,,2026-03-03,Tony,Pollard,196.0,99.0,RB17,23.0,,,,
Kyler Murray,QB,ARI,77.0,,2026-03-03,Kyler,Murray,308.9,15.0,QB9,-62.0,,,,
Rashid Shaheed,WR,SEA,78.0,,2026-03-03,Rashid,Shaheed,195.5,100.0,WR35,22.0,,,,
Cam Ward,QB,TEN,79.0,,2026-03-03,Cam,Ward,,,,,,,,
Zach Charbonnet,RB,SEA,80.0,,2026-03-03,Zach,Charbonnet,150.0,158.0,RB32,78.0,,,,
Jordan Addison,WR,MIN,80.0,,2026-03-03,Jordan,Addison,234.7,63.0,WR20,-17.0,,,,
Bryce Young,QB,CAR,81.0,,2026-03-03,Bryce,Young,205.4,94.0,QB43,13.0,,,,
Jayden Reed,WR,GB,82.0,,2026-03-03,Jayden,Reed,153.2,149.0,WR47,67.0,,,,
Travis Etienne,RB,JAX,83.0,,2026-03-03,Travis,Etienne,153.7,148.0,RB29,65.0,,,,
Kyle Pitts,TE,ATL,84.0,,2026-03-03,Kyle,Pitts,108.1,238.0,TE28,154.0,,,,
Chuba Hubbard,RB,CAR,84.0,,2026-03-03,Chuba,Hubbard,255.9,41.0,RB9,-43.0,,,,
Matthew Stafford,QB,LAR,84.0,,2026-03-03,Matthew,Stafford,152.6,153.0,QB64,69.0,,,,
AJ Barner,TE,SEA,85.0,,2026-03-03,AJ,Barner,61.9,376.0,TE49,291.0,,,,
Kayshon Boutte,WR,NE,86.0,,2026-03-03,Kayshon,Boutte,124.5,205.0,WR72,119.0,,,,
Jakobi Meyers,WR,JAX,86.0,,2026-03-03,Jakobi,Meyers,244.8,49.0,WR14,-37.0,,,,
Dalton Kincaid,TE,BUF,87.0,,2026-03-03,Dalton,Kincaid,140.4,182.0,TE18,95.0,,,,
Rhamondre Stevenson,RB,NE,87.0,,2026-03-03,Rhamondre,Stevenson,152.9,151.0,RB30,64.0,,,,
Wan'Dale Robinson,WR,NYG,88.0,,2026-03-03,Wan'Dale,Robinson,214.1,82.0,WR26,-6.0,,,,
Derrick Henry,RB,BAL,89.0,,2026-03-03,Derrick,Henry,127.4,201.0,RB41,112.0,,,,
Josh Downs,WR,IND,115.0,,2026-03-03,Josh,Downs,239.9,56.0,WR16,-59.0,,,,
George Kittle,TE,SF,115.0,,2026-03-03,George,Kittle,209.8,89.0,TE3,-26.0,,,,
Keenan Allen,WR,LAC,116.0,,2026-03-03,Keenan,Allen,142.5,178.0,WR57,62.0,,,,
Kaleb Johnson,RB,PIT,117.0,,2026-03-03,Kaleb,Johnson,,,,,,,,
Kenneth Gainwell,RB,PIT,139.0,,2026-03-03,Kenneth,Gainwell,53.5,434.0,RB127,295.0,,,,
Jonathon Brooks,RB,CAR,140.0,,2026-03-03,Jonathon,Brooks,7.9,901.0,RB262,761.0,,,,
J.K. Dobbins,RB,DEN,140.0,,2026-03-03,J.K.,Dobbins,225.8,70.0,RB12,-70.0,,,,
Brashard Smith,RB,KC,141.0,,2026-03-03,Brashard,Smith,,,,,,,,
Dallas Goedert,TE,PHI,144.0,,2026-03-03,Dallas,Goedert,151.6,156.0,TE12,12.0,,,,
Colby Parkinson,TE,LAR,144.0,,2026-03-03,Colby,Parkinson,54.6,424.0,TE59,280.0,,,,
Keon Coleman,WR,BUF,145.0,,2026-03-03,Keon,Coleman,107.2,240.0,WR88,95.0,,,,
Tory Horton,WR,SEA,146.0,,2026-03-03,Tory,Horton,,,,,,,,
Chimere Dike,WR,TEN,147.0,,2026-03-03,Chimere,Dike,,,,,,,,
Jacory Croskey-Merritt,RB,WAS,149.0,,2026-03-03,Jacory,Croskey-Merritt,,,,,,,,
Noah Brown,WR,WAS,150.0,,2026-03-03,Noah,Brown,95.1,263.0,WR98,113.0,,,,
Elijah Arroyo,TE,SEA,151.0,,2026-03-03,Elijah,Arroyo,,,,,,,,
Brandin Cooks,WR,BUF,151.0,,2026-03-03,Brandin,Cooks,104.2,246.0,WR91,95.0,,,,
Malachi Corley,WR,CLE,151.0,,2026-03-03,Malachi,Corley,17.2,752.0,WR262,601.0,,,,
Tre' Harris,WR,LAC,151.0,,2026-03-03,Tre',Harris,,,,,,,,
Evan Engram,TE,DEN,152.0,,2026-03-03,Evan,Engram,165.0,131.0,TE10,-21.0,,,,
Davis Allen,TE,LAR,152.0,,2026-03-03,Davis,Allen,27.7,632.0,TE105,480.0,,,,
Hunter Henry,TE,NE,153.0,,2026-03-03,Hunter,Henry,142.8,176.0,TE16,23.0,,,,
Elic Ayomanor,WR,TEN,154.0,,2026-03-03,Elic,Ayomanor,,,,,,,,
Roschon Johnson,RB,CHI,155.0,,2026-03-03,Roschon,Johnson,73.8,325.0,RB71,170.0,,,,
T.J. Hockenson,TE,MIN,156.0,,2026-03-03,T.J.,Hockenson,171.7,121.0,TE7,-35.0,,,,
Tyrone Tracy,RB,NYG,138.0,,2026-03-03,Tyrone,Tracy,,,,,,,,
Davante Adams,WR,LAR,74.0,,2026-03-03,Davante,Adams,199.0,96.0,WR33,22.0,,,,
Tank Dell,WR,HOU,138.0,,2026-03-03,Tank,Dell,178.4,115.0,WR38,-23.0,,,,
Rasheen Ali,RB,BAL,134.0,,2026-03-03,Rasheen,Ali,5.3,986.0,RB268,852.0,,,,
Mike Evans,WR,TB,117.0,,2026-03-03,Mike,Evans,182.4,113.0,WR36,-4.0,,,,
Dennis Houston,WR,TB,118.0,,2026-03-03,Dennis,Houston,21.6,698.0,WR240,580.0,,,,
Jake Ferguson,TE,DAL,118.0,,2026-03-03,Jake,Ferguson,143.3,174.0,TE15,56.0,,,,
Brandon Aiyuk,WR,SF,119.0,,2026-03-03,Brandon,Aiyuk,144.5,172.0,WR54,53.0,,,,
Tyler Allgeier,RB,ATL,120.0,,2026-03-03,Tyler,Allgeier,107.5,239.0,RB46,119.0,,,,
Kendric Pryor,WR,CIN,120.0,,2026-03-03,Kendric,Pryor,36.8,544.0,WR187,424.0,,,,
Stefon Diggs,WR,NE,121.0,,2026-03-03,Stefon,Diggs,163.2,137.0,WR44,16.0,,,,
Rico Dowdle,RB,CAR,122.0,,2026-03-03,Rico,Dowdle,159.9,140.0,RB27,18.0,,,,
Erick All,TE,CIN,123.0,,2026-03-03,Erick,All,80.5,299.0,TE39,176.0,,,,
Brian Robinson,RB,SF,125.0,,2026-03-03,Brian,Robinson,156.3,145.0,RB28,20.0,,,,
Mark Andrews,TE,BAL,125.0,,2026-03-03,Mark,Andrews,148.2,166.0,TE14,41.0,,,,
Parker Washington,WR,JAX,126.0,,2026-03-03,Parker,Washington,88.8,275.0,WR104,149.0,,,,
Mason Taylor,TE,NYJ,127.0,,2026-03-03,Mason,Taylor,,,,,,,,
Dalton Schultz,TE,HOU,127.0,,2026-03-03,Dalton,Schultz,137.0,186.0,TE19,59.0,,,,
Cade Stover,TE,HOU,127.0,,2026-03-03,Cade,Stover,39.5,524.0,TE80,397.0,,,,
Isaac TeSlaa,WR,DET,128.0,,2026-03-03,Isaac,TeSlaa,,,,,,,,
Bhayshul Tuten,RB,JAX,130.0,,2026-03-03,Bhayshul,Tuten,,,,,,,,
Xavier Restrepo,WR,TEN,131.0,,2026-03-03,Xavier,Restrepo,,,,,,,,
Tyler Lockett,WR,LV,131.0,,2026-03-03,Tyler,Lockett,74.3,320.0,WR124,189.0,,,,
Dameon Pierce,RB,KC,132.0,,2026-03-03,Dameon,Pierce,19.4,731.0,RB235,599.0,,,,
Jarrett Stidham,QB,DEN,133.0,,2026-03-03,Jarrett,Stidham,10.0,843.0,QB118,710.0,,,,
Brittain Brown,RB,CHI,135.0,,2026-03-03,Brittain,Brown,,,,,,,,
DK Metcalf,WR,PIT,73.0,,2026-03-03,DK,Metcalf,213.8,84.0,WR27,11.0,,,,
Sam LaPorta,TE,DET,71.0,,2026-03-03,Sam,LaPorta,203.5,95.0,TE4,24.0,,,,
Shedeur Sanders,QB,CLE,70.0,,2026-03-03,Shedeur,Sanders,,,,,,,,
Caleb Williams,QB,CHI,16.0,,2026-03-03,Caleb,Williams,229.4,68.0,QB33,52.0,,,,
Drake London,WR,ATL,17.0,,2026-03-03,Drake,London,257.9,38.0,WR12,21.0,,,,
Justin Herbert,QB,LAC,18.0,,2026-03-03,Justin,Herbert,281.8,26.0,QB16,8.0,,,,
Jaxson Dart,QB,NYG,19.0,,2026-03-03,Jaxson,Dart,,,,,,,,
A.J. Brown,WR,PHI,19.0,,2026-03-03,A.J.,Brown,235.9,60.0,WR18,41.0,,,,
Brock Bowers,TE,LV,20.0,,2026-03-03,Brock,Bowers,230.5,67.0,TE2,47.0,,,,
Trevor Lawrence,QB,JAX,20.0,,2026-03-03,Trevor,Lawrence,261.5,36.0,QB19,16.0,,,,
Kyren Williams,RB,LAR,23.0,,2026-03-03,Kyren,Williams,272.0,29.0,RB6,6.0,,,,
Ladd McConkey,WR,LAC,23.0,,2026-03-03,Ladd,McConkey,255.9,42.0,WR13,19.0,,,,
Bucky Irving,RB,TB,23.0,,2026-03-03,Bucky,Irving,235.3,62.0,RB11,39.0,,,,
Chase Brown,RB,CIN,23.0,,2026-03-03,Chase,Brown,219.1,75.0,RB14,52.0,,,,
Brock Purdy,QB,SF,25.0,,2026-03-03,Brock,Purdy,309.3,13.0,QB8,-12.0,,,,
James Cook,RB,BUF,26.0,,2026-03-03,James,Cook,245.6,48.0,RB10,22.0,,,,
Bo Nix,QB,DEN,26.0,,2026-03-03,Bo,Nix,308.4,16.0,QB10,-10.0,,,,
Omarion Hampton,RB,LAC,28.0,,2026-03-03,Omarion,Hampton,,,,,,,,
George Pickens,WR,DAL,28.0,,2026-03-03,George,Pickens,209.6,90.0,WR30,62.0,,,,
Michael Wilson,WR,ARI,28.0,,2026-03-03,Michael,Wilson,127.5,199.0,WR69,171.0,,,,
Trey McBride,TE,ARI,29.0,,2026-03-03,Trey,McBride,252.6,43.0,TE1,14.0,,,,
Lew Nichols,RB,PIT,29.0,,2026-03-03,Lew,Nichols,,,,,,,,
Tee Higgins,WR,CIN,31.0,,2026-03-03,Tee,Higgins,309.2,14.0,WR4,-17.0,,,,
Breece Hall,RB,NYJ,32.0,,2026-03-03,Breece,Hall,271.3,30.0,RB7,-2.0,,,,
Brian Thomas,WR,JAX,15.0,,2026-03-03,Brian,Thomas,,,,,,,,
Chris Olave,WR,NO,32.0,,2026-03-03,Chris,Olave,148.4,164.0,WR52,132.0,,,,
Jonathan Taylor,RB,IND,15.0,,2026-03-03,Jonathan,Taylor,256.1,39.0,RB8,24.0,,,,
Nico Collins,WR,HOU,13.0,,2026-03-03,Nico,Collins,296.3,21.0,WR6,8.0,,,,
Dominic Lovett,WR,DET,365.0,,2026-03-03,Dominic,Lovett,,,,,,,,
Josh Allen,QB,BUF,1.0,,2026-03-03,Josh,Allen,392.4,2.0,QB1,1.0,,,,
Bijan Robinson,RB,ATL,2.0,,2026-03-03,Bijan,Robinson,328.2,11.0,RB2,9.0,,,,
Saquon Barkley,RB,PHI,2.0,,2026-03-03,Saquon,Barkley,220.4,74.0,RB13,72.0,,,,
Drake Maye,QB,NE,2.0,,2026-03-03,Drake,Maye,250.7,47.0,QB24,45.0,,,,
Joe Burrow,QB,CIN,3.0,,2026-03-03,Joe,Burrow,354.4,6.0,QB5,3.0,,,,
Jayden Daniels,QB,WAS,4.0,,2026-03-03,Jayden,Daniels,362.3,4.0,QB3,0.0,,,,
Jahmyr Gibbs,RB,DET,4.0,,2026-03-03,Jahmyr,Gibbs,341.5,7.0,RB1,3.0,,,,
Justin Jefferson,WR,MIN,5.0,,2026-03-03,Justin,Jefferson,299.7,20.0,WR5,15.0,,,,
Puka Nacua,WR,LAR,6.0,,2026-03-03,Puka,Nacua,268.1,34.0,WR10,28.0,,,,
CeeDee Lamb,WR,DAL,6.0,,2026-03-03,CeeDee,Lamb,318.3,12.0,WR3,6.0,,,,
Michael Penix,QB,ATL,7.0,,2026-03-03,Michael,Penix,,,,,,,,
Jaxon Smith-Njigba,WR,SEA,7.0,,2026-03-03,Jaxon,Smith-Njigba,207.4,91.0,WR31,84.0,,,,
Ashton Jeanty,RB,LV,8.0,,2026-03-03,Ashton,Jeanty,,,,,,,,
Amon-Ra St. Brown,WR,DET,8.0,,2026-03-03,Amon-Ra,St. Brown,271.2,31.0,WR7,23.0,,,,
Christian McCaffrey,RB,SF,8.0,,2026-03-03,Christian,McCaffrey,164.8,134.0,RB25,126.0,,,,
Lamar Jackson,QB,BAL,8.0,,2026-03-03,Lamar,Jackson,378.9,3.0,QB2,-5.0,,,,
Jalen Hurts,QB,PHI,9.0,,2026-03-03,Jalen,Hurts,339.2,9.0,QB6,0.0,,,,
Malik Nabers,WR,NYG,11.0,,2026-03-03,Malik,Nabers,268.6,33.0,WR9,22.0,,,,
Patrick Mahomes,QB,KC,12.0,,2026-03-03,Patrick,Mahomes,337.3,10.0,QB7,-2.0,,,,
Josh Jacobs,RB,GB,13.0,,2026-03-03,Josh,Jacobs,218.9,76.0,RB15,63.0,,,,
De'Von Achane,RB,MIA,15.0,,2026-03-03,De'Von,Achane,291.5,23.0,RB3,8.0,,,,
Ollie Gordon,RB,MIA,157.0,,2026-03-03,Ollie,Gordon,,,,,,,,
Tetairoa McMillan,WR,CAR,33.0,,2026-03-03,Tetairoa,McMillan,,,,,,,,
Ricky Pearsall,WR,SF,34.0,,2026-03-03,Ricky,Pearsall,134.3,191.0,WR65,157.0,,,,
C.J. Stroud,QB,HOU,55.0,,2026-03-03,C.J.,Stroud,255.9,40.0,QB20,-15.0,,,,
RJ Harvey,RB,DEN,55.0,,2026-03-03,RJ,Harvey,,,,,,,,
Chris Godwin,WR,TB,56.0,,2026-03-03,Chris,Godwin,,,,,,,,
Kyle Monangai,RB,CHI,56.0,,2026-03-03,Kyle,Monangai,,,,,,,,
Luther Burden,WR,CHI,57.0,,2026-03-03,Luther,Burden,,,,,,,,
Zack Kuntz,TE,MIA,57.0,,2026-03-03,Zack,Kuntz,,,,,,,,
Jared Goff,QB,DET,58.0,,2026-03-03,Jared,Goff,277.4,27.0,QB17,-31.0,,,,
Zay Flowers,WR,BAL,59.0,,2026-03-03,Zay,Flowers,216.7,78.0,WR25,19.0,,,,
Courtland Sutton,WR,DEN,59.0,,2026-03-03,Courtland,Sutton,238.0,57.0,WR17,-2.0,,,,
Colston Loveland,TE,CHI,61.0,,2026-03-03,Colston,Loveland,,,,,,,,
Brenton Strange,TE,JAX,62.0,,2026-03-03,Brenton,Strange,101.0,251.0,TE33,189.0,,,,
Jaylen Waddle,WR,MIA,62.0,,2026-03-03,Jaylen,Waddle,159.0,142.0,WR45,80.0,,,,
Oronde Gadsden,TE,LAC,63.0,,2026-03-03,Oronde,Gadsden,,,,,,,,
Tyler Warren,TE,IND,63.0,,2026-03-03,Tyler,Warren,,,,,,,,
Quinshon Judkins,RB,CLE,65.0,,2026-03-03,Quinshon,Judkins,,,,,,,,
Jalen McMillan,WR,TB,66.0,,2026-03-03,Jalen,McMillan,168.1,127.0,WR40,61.0,,,,
Harold Fannin,TE,CLE,68.0,,2026-03-03,Harold,Fannin,,,,,,,,
Romeo Doubs,WR,GB,68.0,,2026-03-03,Romeo,Doubs,158.7,143.0,WR46,75.0,,,,
Javonte Williams,RB,DAL,69.0,,2026-03-03,Javonte,Williams,145.4,170.0,RB37,101.0,,,,
Tucker Kraft,TE,GB,69.0,,2026-03-03,Tucker,Kraft,142.8,177.0,TE16,108.0,,,,
Cam Skattebo,RB,NYG,70.0,,2026-03-03,Cam,Skattebo,,,,,,,,
Michael Pittman,WR,IND,54.0,,2026-03-03,Michael,Pittman,181.2,114.0,WR37,60.0,,,,
Dak Prescott,QB,DAL,34.0,,2026-03-03,Dak,Prescott,289.9,25.0,QB15,-9.0,,,,
DeVonta Smith,WR,PHI,52.0,,2026-03-03,DeVonta,Smith,221.0,73.0,WR24,21.0,,,,
Rome Odunze,WR,CHI,51.0,,2026-03-03,Rome,Odunze,140.6,181.0,WR58,130.0,,,,
Rashee Rice,WR,KC,35.0,,2026-03-03,Rashee,Rice,340.3,8.0,WR2,-27.0,,,,
David Montgomery,RB,HOU,37.0,,2026-03-03,David,Montgomery,188.7,103.0,RB18,66.0,,,,
Garrett Wilson,WR,NYJ,37.0,,2026-03-03,Garrett,Wilson,211.6,86.0,WR29,49.0,,,,
Marvin Harrison,WR,ARI,39.0,,2026-03-03,Marvin,Harrison,,,,,,,,
Juwan Johnson,TE,NO,39.0,,2026-03-03,Juwan,Johnson,93.3,267.0,TE36,228.0,,,,
Jaylen Warren,RB,PIT,39.0,,2026-03-03,Jaylen,Warren,141.8,179.0,RB38,140.0,,,,
Emeka Egbuka,WR,TB,40.0,,2026-03-03,Emeka,Egbuka,,,,,,,,
Kenneth Walker,RB,SEA,41.0,,2026-03-03,Kenneth,Walker,,,,,,,,
Jordan Love,QB,GB,42.0,,2026-03-03,Jordan,Love,252.3,45.0,QB22,3.0,,,,
Travis Hunter,WR,JAX,44.0,,2026-03-03,Travis,Hunter,,,,,,,,
Bryce Ford-Wheaton,WR,NYG,44.0,,2026-03-03,Bryce,Ford-Wheaton,0.0,1065.0,WR429,1021.0,,,,
TreVeyon Henderson,RB,NE,44.0,,2026-03-03,TreVeyon,Henderson,,,,,,,,
Jameson Williams,WR,DET,45.0,,2026-03-03,Jameson,Williams,222.2,72.0,WR23,27.0,,,,
Pat Bryant,WR,DEN,45.0,,2026-03-03,Pat,Bryant,,,,,,,,
Jauan Jennings,WR,SF,46.0,,2026-03-03,Jauan,Jennings,212.0,85.0,WR28,39.0,,,,
Blake Corum,RB,LAR,46.0,,2026-03-03,Blake,Corum,21.2,703.0,RB228,657.0,,,,
Christian Watson,WR,GB,47.0,,2026-03-03,Christian,Watson,136.6,187.0,WR62,140.0,,,,
Baker Mayfield,QB,TB,47.0,,2026-03-03,Baker,Mayfield,304.4,18.0,QB12,-29.0,,,,
Justin Shorter,WR,LV,50.0,,2026-03-03,Justin,Shorter,,,,,,,,
Tyler Shough,QB,NO,51.0,,2026-03-03,Tyler,Shough,,,,,,,,
Xavier Worthy,WR,KC,51.0,,2026-03-03,Xavier,Worthy,172.8,120.0,WR39,69.0,,,,
Geno Smith,QB,LV,51.0,,2026-03-03,Geno,Smith,225.1,71.0,QB35,20.0,,,,
Kyle Williams,WR,NE,157.0,,2026-03-03,Kyle,Williams,,,,,,,,
Sam Darnold,QB,SEA,56.0,,2026-03-03,Sam,Darnold,296.2,22.0,QB14,-34.0,,,,
Isaiah Likely,TE,BAL,158.0,,2026-03-03,Isaiah,Likely,148.4,165.0,TE13,7.0,,,,
Ty Johnson,RB,BUF,276.0,,2026-03-03,Ty,Johnson,43.7,493.0,RB152,217.0,,,,
Will Shipley,RB,PHI,277.0,,2026-03-03,Will,Shipley,66.2,354.0,RB90,77.0,,,,
Kendrick Bourne,WR,SF,278.0,,2026-03-03,Kendrick,Bourne,79.7,303.0,WR115,25.0,,,,
Malik Davis,RB,DAL,279.0,,2026-03-03,Malik,Davis,87.0,278.0,RB55,-1.0,,,,
Savion Williams,WR,GB,280.0,,2026-03-03,Savion,Williams,,,,,,,,
Skylar Thompson,QB,PIT,281.0,,2026-03-03,Skylar,Thompson,67.0,351.0,QB90,70.0,,,,
Jordan James,RB,SF,281.0,,2026-03-03,Jordan,James,,,,,,,,
Demarcus Robinson,WR,SF,282.0,,2026-03-03,Demarcus,Robinson,77.8,311.0,WR120,29.0,,,,
Tyrod Taylor,QB,NYJ,283.0,,2026-03-03,Tyrod,Taylor,111.0,225.0,QB76,-58.0,,,,
LeQuint Allen,RB,JAX,284.0,,2026-03-03,LeQuint,Allen,,,,,,,,
Jawhar Jordan,RB,HOU,286.0,,2026-03-03,Jawhar,Jordan,,,,,,,,
Will Howard,QB,PIT,287.0,,2026-03-03,Will,Howard,,,,,,,,
Jaylin Lane,WR,WAS,288.0,,2026-03-03,Jaylin,Lane,,,,,,,,
Jordan Whittington,WR,LAR,289.0,,2026-03-03,Jordan,Whittington,111.3,224.0,WR81,-65.0,,,,
Miles Sanders,RB,DAL,290.0,,2026-03-03,Miles,Sanders,57.5,406.0,RB115,116.0,,,,
Mack Hollins,WR,NE,291.0,,2026-03-03,Mack,Hollins,44.5,487.0,WR168,196.0,,,,
Noah Fant,TE,CIN,292.0,,2026-03-03,Noah,Fant,116.1,218.0,TE25,-74.0,,,,
Emari Demercado,RB,ARI,294.0,,2026-03-03,Emari,Demercado,46.5,472.0,RB143,178.0,,,,
Konata Mumpfield,WR,LAR,295.0,,2026-03-03,Konata,Mumpfield,,,,,,,,
Luke McCaffrey,WR,WAS,296.0,,2026-03-03,Luke,McCaffrey,56.8,410.0,WR148,114.0,,,,
Tai Felton,WR,MIN,297.0,,2026-03-03,Tai,Felton,,,,,,,,
Zach Ertz,TE,WAS,275.0,,2026-03-03,Zach,Ertz,96.9,258.0,TE34,-17.0,,,,
Connor Heyward,TE,PIT,299.0,,2026-03-03,Connor,Heyward,28.0,626.0,TE103,327.0,,,,
Raheim Sanders,RB,CLE,274.0,,2026-03-03,Raheim,Sanders,,,,,,,,
Trevor Etienne,RB,CAR,273.0,,2026-03-03,Trevor,Etienne,,,,,,,,
Luke Lachey,TE,HOU,256.0,,2026-03-03,Luke,Lachey,,,,,,,,
Dont'e Thornton,WR,LV,256.0,,2026-03-03,Dont'e,Thornton,,,,,,,,
Phil Mafah,RB,DAL,257.0,,2026-03-03,Phil,Mafah,,,,,,,,
Calvin Austin,WR,PIT,258.0,,2026-03-03,Calvin,Austin,,,,,,,,
Justice Hill,RB,BAL,259.0,,2026-03-03,Justice,Hill,73.4,326.0,RB72,67.0,,,,
Ricky White,WR,SEA,259.0,,2026-03-03,Ricky,White,,,,,,,,
Tahj Brooks,RB,CIN,260.0,,2026-03-03,Tahj,Brooks,,,,,,,,
Cole Kmet,TE,CHI,261.0,,2026-03-03,Cole,Kmet,105.6,243.0,TE29,-18.0,,,,
Darnell Washington,TE,PIT,262.0,,2026-03-03,Darnell,Washington,38.0,535.0,TE84,273.0,,,,
Jarquez Hunter,RB,LAR,263.0,,2026-03-03,Jarquez,Hunter,,,,,,,,
Jaleel McLaughlin,RB,DEN,265.0,,2026-03-03,Jaleel,McLaughlin,76.2,314.0,RB68,49.0,,,,
Albert Okwuegbunam,TE,LV,265.0,,2026-03-03,Albert,Okwuegbunam,9.4,864.0,TE168,599.0,,,,
Luke Musgrave,TE,GB,266.0,,2026-03-03,Luke,Musgrave,25.2,656.0,TE113,390.0,,,,
Cam Grandy,TE,CIN,267.0,,2026-03-03,Cam,Grandy,32.0,582.0,TE91,315.0,,,,
John Metchie,WR,NYJ,267.0,,2026-03-03,John,Metchie,,,,,,,,
Anthony Tyus,RB,CAR,268.0,,2026-03-03,Anthony,Tyus,,,,,,,,
Samaje Perine,RB,CIN,268.0,,2026-03-03,Samaje,Perine,35.9,552.0,RB173,284.0,,,,
Andrei Iosivas,WR,CIN,269.0,,2026-03-03,Andrei,Iosivas,139.5,183.0,WR59,-86.0,,,,
Noah Gray,TE,KC,270.0,,2026-03-03,Noah,Gray,105.3,244.0,TE30,-26.0,,,,
Tim Patrick,WR,JAX,272.0,,2026-03-03,Tim,Patrick,59.0,389.0,WR139,117.0,,,,
Russell Wilson,QB,NYG,272.0,,2026-03-03,Russell,Wilson,218.5,77.0,QB36,-195.0,,,,
Ty Chandler,RB,MIN,273.0,,2026-03-03,Ty,Chandler,28.6,618.0,RB204,345.0,,,,
Audric Estime,RB,NO,254.0,,2026-03-03,Audric,Estime,,,,,,,,
Ja'Corey Brooks,WR,WAS,302.0,,2026-03-03,Ja'Corey,Brooks,,,,,,,,
Dawson Knox,TE,BUF,310.0,,2026-03-03,Dawson,Knox,61.4,378.0,TE50,68.0,,,,
Mason Rudolph,QB,PIT,331.0,,2026-03-03,Mason,Rudolph,236.9,58.0,QB30,-273.0,,,,
Tyrell Shavers,WR,BUF,332.0,,2026-03-03,Tyrell,Shavers,243.8,50.0,WR15,-282.0,,,,
Jonathan Mingo,WR,DAL,332.0,,2026-03-03,Jonathan,Mingo,58.1,395.0,WR141,63.0,,,,
Jalen Tolbert,WR,DAL,334.0,,2026-03-03,Jalen,Tolbert,126.2,202.0,WR70,-132.0,,,,
Wendell Smallwood,RB,WAS,334.0,,2026-03-03,Wendell,Smallwood,36.2,547.0,RB170,213.0,,,,
Darius Cooper,WR,PHI,335.0,,2026-03-03,Darius,Cooper,,,,,,,,
Gardner Minshew,QB,KC,336.0,,2026-03-03,Gardner,Minshew,205.6,93.0,QB42,-243.0,,,,
Tommy Tremble,TE,CAR,337.0,,2026-03-03,Tommy,Tremble,90.4,272.0,TE37,-65.0,,,,
Philip Rivers,QB,IND,338.0,,2026-03-03,Philip,Rivers,153.0,150.0,QB63,-188.0,,,,
Brady Cook,QB,NYJ,339.0,,2026-03-03,Brady,Cook,,,,,,,,
Davis Mills,QB,HOU,341.0,,2026-03-03,Davis,Mills,41.0,511.0,QB101,170.0,,,,
Jared Wiley,TE,KC,342.0,,2026-03-03,Jared,Wiley,33.5,566.0,TE89,224.0,,,,
Tyler Huntley,QB,BAL,343.0,,2026-03-03,Tyler,Huntley,210.4,87.0,QB40,-256.0,,,,
KaVontae Turpin,WR,DAL,344.0,,2026-03-03,KaVontae,Turpin,110.8,226.0,WR82,-118.0,,,,
Will Levis,QB,TEN,345.0,,2026-03-03,Will,Levis,198.8,98.0,QB44,-247.0,,,,
Jeremy McNichols,RB,WAS,346.0,,2026-03-03,Jeremy,McNichols,24.9,659.0,RB216,313.0,,,,
Ja'seem Reed,WR,CAR,346.0,,2026-03-03,Ja'seem,Reed,,,,,,,,
Tutu Atwell,WR,LAR,347.0,,2026-03-03,Tutu,Atwell,85.0,285.0,WR109,-62.0,,,,
Theo Wease,WR,MIA,349.0,,2026-03-03,Theo,Wease,,,,,,,,
Tyjae Spears,RB,TEN,157.0,,2026-03-03,Tyjae,Spears,148.7,161.0,RB33,4.0,,,,
Terrell Jennings,RB,NE,351.0,,2026-03-03,Terrell,Jennings,29.8,605.0,RB198,254.0,,,,
Aidan O'Connell,QB,LV,330.0,,2026-03-03,Aidan,O'Connell,228.4,69.0,QB34,-261.0,,,,
Andre Baccellia,WR,ARI,306.0,,2026-03-03,Andre,Baccellia,6.3,952.0,WR363,646.0,,,,
D.J. Montgomery,WR,IND,330.0,,2026-03-03,D.J.,Montgomery,59.8,385.0,WR138,55.0,,,,
Treylon Burks,WR,WAS,329.0,,2026-03-03,Treylon,Burks,20.7,716.0,WR248,387.0,,,,
Michael Bandy,WR,DEN,311.0,,2026-03-03,Michael,Bandy,5.2,989.0,WR389,678.0,,,,
Tanner McKee,QB,PHI,311.0,,2026-03-03,Tanner,McKee,240.0,55.0,QB29,-256.0,,,,
Dontae Fleming,WR,MIN,312.0,,2026-03-03,Dontae,Fleming,,,,,,,,
Jahan Dotson,WR,PHI,313.0,,2026-03-03,Jahan,Dotson,41.0,512.0,WR178,199.0,,,,
Joe Milton,QB,DAL,315.0,,2026-03-03,Joe,Milton,,,,,,,,
Austin Ekeler,RB,WAS,317.0,,2026-03-03,Austin,Ekeler,88.0,277.0,RB54,-40.0,,,,
Chris Brooks,RB,GB,317.0,,2026-03-03,Chris,Brooks,53.6,431.0,RB125,114.0,,,,
Tejhaun Palmer,WR,ARI,318.0,,2026-03-03,Tejhaun,Palmer,,,,,,,,
Spencer Rattler,QB,NO,318.0,,2026-03-03,Spencer,Rattler,185.4,109.0,QB48,-209.0,,,,
Carlos Washington,RB,ATL,318.0,,2026-03-03,Carlos,Washington,,,,,,,,
DeAndre Hopkins,WR,BAL,319.0,,2026-03-03,DeAndre,Hopkins,75.6,317.0,WR123,-2.0,,,,
Greg Dortch,WR,ARI,320.0,,2026-03-03,Greg,Dortch,58.1,396.0,WR141,76.0,,,,
Taysom Hill,TE,NO,321.0,,2026-03-03,Taysom,Hill,53.5,433.0,TE62,112.0,,,,
Gabe Davis,WR,BUF,322.0,,2026-03-03,Gabe,Davis,114.0,221.0,WR79,-101.0,,,,
Salvon Ahmed,RB,IND,325.0,,2026-03-03,Salvon,Ahmed,77.3,312.0,RB66,-13.0,,,,
Olamide Zaccheaus,WR,CHI,325.0,,2026-03-03,Olamide,Zaccheaus,86.6,279.0,WR106,-46.0,,,,
Jake Haener,QB,KC,326.0,,2026-03-03,Jake,Haener,16.7,758.0,QB114,432.0,,,,
Riley Leonard,QB,IND,326.0,,2026-03-03,Riley,Leonard,,,,,,,,
Xavier Hutchinson,WR,HOU,327.0,,2026-03-03,Xavier,Hutchinson,24.1,668.0,WR225,341.0,,,,
Evan Hull,RB,NO,328.0,,2026-03-03,Evan,Hull,31.9,583.0,RB189,255.0,,,,
Devontez Walker,WR,BAL,328.0,,2026-03-03,Devontez,Walker,76.1,315.0,WR121,-13.0,,,,
Trey Lance,QB,LAC,330.0,,2026-03-03,Trey,Lance,40.2,519.0,QB102,189.0,,,,
Jalen Royals,WR,KC,253.0,,2026-03-03,Jalen,Royals,,,,,,,,
Thomas Yassmin,TE,LAC,315.0,,2026-03-03,Thomas,Yassmin,,,,,,,,
Tyree Jackson,TE,WAS,251.0,,2026-03-03,Tyree,Jackson,16.3,761.0,TE140,510.0,,,,
Malik Washington,WR,MIA,184.0,,2026-03-03,Malik,Washington,85.8,281.0,WR108,97.0,,,,
Emanuel Wilson,RB,GB,186.0,,2026-03-03,Emanuel,Wilson,74.2,322.0,RB69,136.0,,,,
Tank Bigsby,RB,PHI,187.0,,2026-03-03,Tank,Bigsby,146.7,167.0,RB35,-20.0,,,,
Jalen Milroe,QB,SEA,189.0,,2026-03-03,Jalen,Milroe,,,,,,,,
Jake Tonges,TE,SF,189.0,,2026-03-03,Jake,Tonges,10.2,836.0,TE163,647.0,,,,
David Njoku,TE,CLE,190.0,,2026-03-03,David,Njoku,187.2,106.0,TE6,-84.0,,,,
Rashod Bateman,WR,BAL,192.0,,2026-03-03,Rashod,Bateman,149.1,160.0,WR51,-32.0,,,,
Jerome Ford,RB,CLE,192.0,,2026-03-03,Jerome,Ford,148.5,162.0,RB34,-30.0,,,,
Devin Neal,RB,NO,193.0,,2026-03-03,Devin,Neal,,,,,,,,
Christian Kirk,WR,HOU,194.0,,2026-03-03,Christian,Kirk,118.1,215.0,WR76,21.0,,,,
Ja'Lynn Polk,WR,NO,197.0,,2026-03-03,Ja'Lynn,Polk,32.6,576.0,WR195,379.0,,,,
Darnell Mooney,WR,ATL,198.0,,2026-03-03,Darnell,Mooney,167.2,129.0,WR42,-69.0,,,,
Sean Tucker,RB,TB,199.0,,2026-03-03,Sean,Tucker,63.0,369.0,RB97,170.0,,,,
DeMario Douglas,WR,NE,199.0,,2026-03-03,DeMario,Douglas,135.8,189.0,WR63,-10.0,,,,
Efton Chism,WR,NE,200.0,,2026-03-03,Efton,Chism,,,,,,,,
Dontayvion Wicks,WR,GB,200.0,,2026-03-03,Dontayvion,Wicks,121.8,208.0,WR73,8.0,,,,
Tyquan Thornton,WR,KC,201.0,,2026-03-03,Tyquan,Thornton,37.9,536.0,WR185,335.0,,,,
Kirk Cousins,QB,ATL,202.0,,2026-03-03,Kirk,Cousins,171.2,123.0,QB55,-79.0,,,,
Joshua Dobbs,QB,NE,202.0,,2026-03-03,Joshua,Dobbs,242.5,52.0,QB26,-150.0,,,,
Pat Freiermuth,TE,PIT,203.0,,2026-03-03,Pat,Freiermuth,130.9,194.0,TE21,-9.0,,,,
Rachaad White,RB,TB,205.0,,2026-03-03,Rachaad,White,152.2,155.0,RB31,-50.0,,,,
Mac Jones,QB,SF,184.0,,2026-03-03,Mac,Jones,186.6,107.0,QB47,-77.0,,,,
Jonnu Smith,TE,PIT,206.0,,2026-03-03,Jonnu,Smith,189.0,101.0,TE5,-105.0,,,,
Marquise Brown,WR,KC,183.0,,2026-03-03,Marquise,Brown,121.5,210.0,WR75,27.0,,,,
Dylan Sampson,RB,CLE,180.0,,2026-03-03,Dylan,Sampson,,,,,,,,
Andy Dalton,QB,CAR,158.0,,2026-03-03,Andy,Dalton,146.4,168.0,QB66,10.0,,,,
Alvin Kamara,RB,NO,158.0,,2026-03-03,Alvin,Kamara,171.5,122.0,RB22,-36.0,,,,
Chase Edmonds,RB,WAS,253.0,,2026-03-03,Chase,Edmonds,57.8,402.0,RB112,149.0,,,,
Terrance Ferguson,TE,LAR,159.0,,2026-03-03,Terrance,Ferguson,,,,,,,,
Justin Fields,QB,NYJ,159.0,,2026-03-03,Justin,Fields,241.4,53.0,QB27,-106.0,,,,
Jaylin Noel,WR,HOU,162.0,,2026-03-03,Jaylin,Noel,,,,,,,,
Jerry Jeudy,WR,CLE,165.0,,2026-03-03,Jerry,Jeudy,232.4,66.0,WR22,-99.0,,,,
Jaydon Blue,RB,DAL,165.0,,2026-03-03,Jaydon,Blue,,,,,,,,
Xavier Legette,WR,CAR,167.0,,2026-03-03,Xavier,Legette,152.6,154.0,WR49,-13.0,,,,
Jahdae Walker,WR,CHI,168.0,,2026-03-03,Jahdae,Walker,,,,,,,,
MarShawn Lloyd,RB,GB,171.0,,2026-03-03,MarShawn,Lloyd,50.6,452.0,RB135,281.0,,,,
Tre Tucker,WR,LV,173.0,,2026-03-03,Tre,Tucker,104.9,245.0,WR90,72.0,,,,
Ben Sinnott,TE,WAS,173.0,,2026-03-03,Ben,Sinnott,42.7,501.0,TE74,328.0,,,,
Kevin Austin,WR,NO,174.0,,2026-03-03,Kevin,Austin,,,,,,,,
Jordan Mason,RB,MIN,174.0,,2026-03-03,Jordan,Mason,173.5,119.0,RB21,-55.0,,,,
Isiah Pacheco,RB,KC,175.0,,2026-03-03,Isiah,Pacheco,107.0,241.0,RB47,66.0,,,,
Ben Roethlisberger,QB,PIT,176.0,,2026-03-03,Ben,Roethlisberger,158.1,144.0,QB61,-32.0,,,,
Gunnar Helm,TE,TEN,176.0,,2026-03-03,Gunnar,Helm,,,,,,,,
Malik Willis,QB,GB,177.0,,2026-03-03,Malik,Willis,127.4,200.0,QB70,23.0,,,,
Calvin Ridley,WR,TEN,179.0,,2026-03-03,Calvin,Ridley,131.1,193.0,WR66,14.0,,,,
Cedric Tillman,WR,CLE,180.0,,2026-03-03,Cedric,Tillman,102.3,249.0,WR92,69.0,,,,
Jacoby Brissett,QB,ARI,182.0,,2026-03-03,Jacoby,Brissett,164.6,135.0,QB57,-47.0,,,,
Jack Bech,WR,LV,207.0,,2026-03-03,Jack,Bech,,,,,,,,
Adonai Mitchell,WR,NYJ,183.0,,2026-03-03,Adonai,Mitchell,62.2,373.0,WR134,190.0,,,,
Chris Rodriguez,RB,WAS,210.0,,2026-03-03,Chris,Rodriguez,,,,,,,,
Le'Veon Bell,RB,TB,235.0,,2026-03-03,Le'Veon,Bell,35.7,554.0,RB174,319.0,,,,
Charlie Kolar,TE,BAL,236.0,,2026-03-03,Charlie,Kolar,37.0,543.0,TE86,307.0,,,,
Michael Mayer,TE,LV,236.0,,2026-03-03,Michael,Mayer,43.3,494.0,TE71,258.0,,,,
Ja'Tavion Sanders,TE,CAR,237.0,,2026-03-03,Ja'Tavion,Sanders,46.2,475.0,TE68,238.0,,,,
Mike Gesicki,TE,CIN,238.0,,2026-03-03,Mike,Gesicki,124.2,206.0,TE22,-32.0,,,,
Velus Jones,WR,SEA,239.0,,2026-03-03,Velus,Jones,,,,,,,,
Devin Singletary,RB,NYG,239.0,,2026-03-03,Devin,Singletary,72.8,327.0,RB73,88.0,,,,
Joe Flacco,QB,CIN,240.0,,2026-03-03,Joe,Flacco,164.9,133.0,QB56,-107.0,,,,
Roman Wilson,WR,PIT,241.0,,2026-03-03,Roman,Wilson,,,,,,,,
Kareem Hunt,RB,KC,242.0,,2026-03-03,Kareem,Hunt,95.6,259.0,RB50,17.0,,,,
Aaron Rodgers,QB,PIT,235.0,,2026-03-03,Aaron,Rodgers,160.8,139.0,QB59,-96.0,,,,
Julius Chestnut,RB,TEN,242.0,,2026-03-03,Julius,Chestnut,20.9,711.0,RB229,469.0,,,,
Nick Chubb,RB,HOU,244.0,,2026-03-03,Nick,Chubb,71.2,329.0,RB75,85.0,,,,
Joshua Palmer,WR,BUF,245.0,,2026-03-03,Joshua,Palmer,,,,,,,,
Bryson Nesbit,TE,MIN,246.0,,2026-03-03,Bryson,Nesbit,,,,,,,,
Michael Carter,RB,ARI,246.0,,2026-03-03,Michael,Carter,214.1,83.0,RB16,-163.0,,,,
Ulysses Bentley,RB,IND,247.0,,2026-03-03,Ulysses,Bentley,,,,,,,,
Shedrick Jackson,WR,LV,248.0,,2026-03-03,Shedrick,Jackson,6.0,962.0,WR370,714.0,,,,
Travis Kelce,TE,KC,208.0,,2026-03-03,Travis,Kelce,170.7,125.0,TE9,-83.0,,,,
Darren Waller,TE,MIA,249.0,,2026-03-03,Darren,Waller,12.3,816.0,TE156,567.0,,,,
Jalen Nailor,WR,MIN,251.0,,2026-03-03,Jalen,Nailor,86.4,280.0,WR107,29.0,,,,
DJ Giddens,RB,IND,250.0,,2026-03-03,DJ,Giddens,,,,,,,,
Isaac Guerendo,RB,SF,243.0,,2026-03-03,Isaac,Guerendo,66.5,353.0,RB89,110.0,,,,
Isaiah Davis,RB,NYJ,234.0,,2026-03-03,Isaiah,Davis,67.2,346.0,RB85,112.0,,,,
Ihmir Smith-Marsette,WR,ARI,241.0,,2026-03-03,Ihmir,Smith-Marsette,0.0,1062.0,WR429,821.0,,,,
Jaylen Wright,RB,MIA,232.0,,2026-03-03,Jaylen,Wright,29.6,607.0,RB200,375.0,,,,
Isaiah Bond,WR,CLE,214.0,,2026-03-03,Isaiah,Bond,,,,,,,,
Keaton Mitchell,RB,BAL,214.0,,2026-03-03,Keaton,Mitchell,85.2,284.0,RB57,70.0,,,,
Marcus Mariota,QB,WAS,233.0,,2026-03-03,Marcus,Mariota,84.8,286.0,QB82,53.0,,,,
Kalif Raymond,WR,DET,211.0,,2026-03-03,Kalif,Raymond,56.4,413.0,WR149,202.0,,,,
Eric Ebron,TE,PIT,215.0,,2026-03-03,Eric,Ebron,4.9,999.0,TE211,784.0,,,,
Marvin Mims,WR,DEN,215.0,,2026-03-03,Marvin,Mims,,,,,,,,
Ray Davis,RB,BUF,216.0,,2026-03-03,Ray,Davis,80.9,297.0,RB62,81.0,,,,
Ryan Flournoy,WR,DAL,217.0,,2026-03-03,Ryan,Flournoy,61.3,379.0,WR135,162.0,,,,
Tez Johnson,WR,TB,218.0,,2026-03-03,Tez,Johnson,,,,,,,,
Jimmy Garoppolo,QB,LAR,219.0,,2026-03-03,Jimmy,Garoppolo,302.4,19.0,QB13,-200.0,,,,
Najee Harris,RB,LAC,219.0,,2026-03-03,Najee,Harris,170.6,126.0,RB23,-93.0,,,,
Devaughn Vele,WR,NO,217.0,,2026-03-03,Devaughn,Vele,109.2,233.0,WR85,16.0,,,,
Mitchell Trubisky,QB,BUF,221.0,,2026-03-03,Mitchell,Trubisky,27.7,631.0,QB106,410.0,,,,
Darius Slayton,WR,NYG,227.0,,2026-03-03,Darius,Slayton,91.2,271.0,WR103,44.0,,,,
Kendre Miller,RB,NO,226.0,,2026-03-03,Kendre,Miller,89.7,274.0,RB53,48.0,,,,
Damien Martinez,RB,GB,225.0,,2026-03-03,Damien,Martinez,,,,,,,,
Quinn Ewers,QB,MIA,224.0,,2026-03-03,Quinn,Ewers,,,,,,,,
Cooper Kupp,WR,SEA,223.0,,2026-03-03,Cooper,Kupp,152.8,152.0,WR48,-71.0,,,,
Joe Mixon,RB,HOU,212.0,,2026-03-03,Joe,Mixon,187.7,105.0,RB19,-107.0,,,,
Jameis Winston,QB,NYG,223.0,,2026-03-03,Jameis,Winston,188.2,104.0,QB46,-119.0,,,,
Jalin Hyatt,WR,NYG,223.0,,2026-03-03,Jalin,Hyatt,34.7,562.0,WR192,339.0,,,,
Brandin Cooks,WR,,239.9,,2026-03-04,,,,,,,WR118,239.8,-0.1,
Odell Beckham Jr.,WR,,239.8,,2026-03-04,,,,,,,WR121,239.8,-0.0,
Austin Ekeler,RB,,239.9,,2026-03-04,,,,,,,RB97,239.9,-0.0,
Tyson Bagent,QB,,239.8,,2026-03-04,,,,,,,QB41,240.0,0.2,
Trevor Etienne,RB,,239.8,,2026-03-04,,,,,,,RB92,239.9,0.1,
Travis Homer,RB,,239.8,,2026-03-04,,,,,,,RB98,239.9,0.1,
Tanner McLachlan,TE,,239.8,,2026-03-04,,,,,,,,239.8,-0.0,
Tahj Brooks,RB,,239.8,,2026-03-04,,,,,,,RB97,239.7,-0.1,
Sione Vaki,RB,,239.8,,2026-03-04,,,,,,,RB103,240.0,0.2,
Cade Stover,TE,,239.9,,2026-03-04,,,,,,,TE53,240.0,0.1,
Tyquan Thornton,WR,,239.8,,2026-03-04,,,,,,,WR121,239.8,-0.0,
Tyler Higbee,TE,,239.8,,2026-03-04,,,,,,,TE50,239.6,-0.2,
Jarquez Hunter,RB,,239.8,,2026-03-04,,,,,,,RB99,239.9,0.1,
Max Brosmer,QB,,239.8,,2026-03-04,,,,,,,QB49,239.8,-0.0,
Le'Veon Moss,RB,,239.8,,2026-03-04,,,,,,,RB85,239.8,-0.0,
Kendre Miller,RB,,239.8,,2026-03-04,,,,,,,RB91,239.7,-0.1,
Kaelon Black,RB,,239.8,,2026-03-04,,,,,,,RB90,239.3,-0.5,
Jaydn Ott,RB,,239.8,,2026-03-04,,,,,,,RB88,239.6,-0.2,
Jam Miller,RB,,239.8,,2026-03-04,,,,,,,RB92,240.0,0.2,
Jalen Milroe,QB,,239.8,,2026-03-04,,,,,,,QB45,239.9,0.1,
Cedric Tillman,WR,,239.8,,2026-03-04,,,,,,,WR123,239.5,-0.3,
Colbie Young,WR,,239.8,,2026-03-04,,,,,,,WR131,240.0,0.2,
Darius Cooper,WR,,239.9,,2026-03-04,,,,,,,WR135,240.0,0.1,
Duke Johnson,RB,,239.8,,2026-03-04,,,,,,,RB90,239.8,-0.0,
DeAndre Hopkins,WR,,239.8,,2026-03-04,,,,,,,WR124,239.9,0.1,
Nick Mullens,QB,,239.8,,2026-03-04,,,,,,,QB48,239.8,-0.0,
De'Zhaun Stribling,WR,,239.9,,2026-03-04,,,,,,,WR134,240.0,0.1,
Marquez Valdes-Scantling,WR,,239.9,,2026-03-04,,,,,,,WR124,239.9,-0.0,
Dont'e Thornton,WR,,239.9,,2026-03-04,,,,,,,WR118,239.2,-0.7,
Phil Mafah,RB,,239.9,,2026-03-04,,,,,,,RB103,240.0,0.1,
Oscar Delp,TE,,239.9,,2026-03-04,,,,,,,TE53,240.0,0.1,
Calvin Austin III,WR,,239.8,,2026-03-04,,,,,,,WR121,239.7,-0.1,
Rahsul Faison,RB,,239.9,,2026-03-04,,,,,,,RB100,240.0,0.1,
Noah Gray,TE,,239.9,,2026-03-04,,,,,,,TE56,239.7,-0.2,
Nick Chubb,RB,,239.9,,2026-03-04,,,,,,,RB102,239.8,-0.1,
Michael Strachan,WR,,239.9,,2026-03-04,,,,,,,WR126,239.9,-0.0,
Mason Tipton,WR,,239.9,,2026-03-04,,,,,,,WR128,240.0,0.1,
Marcus Mariota,QB,,239.9,,2026-03-04,,,,,,,QB46,239.5,-0.4,
Luke Schoonmaker,TE,,239.9,,2026-03-04,,,,,,,TE58,240.0,0.1,
Konata Mumpfield,WR,,239.9,,2026-03-04,,,,,,,WR148,239.9,-0.0,
Kevin Coleman Jr.,WR,,239.9,,2026-03-04,,,,,,,WR126,239.9,-0.0,
Demarcus Robinson,WR,,239.9,,2026-03-04,,,,,,,WR129,240.0,0.1,
Kendrick Bourne,WR,,239.9,,2026-03-04,,,,,,,WR128,239.9,-0.0,
Joshua Palmer,WR,,239.9,,2026-03-04,,,,,,,WR144,240.0,0.1,
Jimmy Horn,WR,,239.9,,2026-03-04,,,,,,,WR135,239.9,-0.0,
Jimmy Garoppolo,QB,,239.9,,2026-03-04,,,,,,,QB46,239.9,-0.0,
Jeff Wilson Jr.,RB,,239.9,,2026-03-04,,,,,,,RB96,239.9,-0.0,
Jameis Winston,QB,,239.9,,2026-03-04,,,,,,,QB51,239.9,-0.0,
Jahan Dotson,WR,,239.9,,2026-03-04,,,,,,,WR129,239.9,-0.0,
Ja'Lynn Polk,WR,,239.9,,2026-03-04,,,,,,,WR139,239.9,-0.0,
J'Mari Taylor,RB,,239.9,,2026-03-04,,,,,,,RB106,239.5,-0.4,
Isaac Guerendo,RB,,239.9,,2026-03-04,,,,,,,RB94,239.9,-0.0,
Hunter Luepke,RB,,239.9,,2026-03-04,,,,,,,RB98,239.9,-0.0,
Ezekiel Elliott,RB,,239.9,,2026-03-04,,,,,,,RB109,239.9,-0.0,
Erick All,TE,,239.9,,2026-03-04,,,,,,,TE52,239.9,-0.0,
KaVontae Turpin,WR,,239.9,,2026-03-04,,,,,,,WR133,239.7,-0.2,
Blake Whiteheart,TE,,239.8,,2026-03-04,,,,,,,TE51,239.8,-0.0,
Jalen Nailor,WR,,237.7,,2026-03-04,,,,,,,WR104,238.8,1.1,
Ty Johnson,RB,,239.7,,2026-03-04,,,,,,,RB86,239.8,0.1,
Deshaun Watson,QB,,239.0,,2026-03-04,,,,,,,QB40,239.3,0.3,
Elijah Arroyo,TE,,238.9,,2026-03-04,,,,,,,TE39,238.6,-0.3,
Ja'Tavion Sanders,TE,,238.7,,2026-03-04,,,,,,,TE40,239.1,0.4,
George Holani,RB,,238.7,,2026-03-04,,,,,,,RB83,239.6,0.9,
DJ Giddens,RB,,238.7,,2026-03-04,,,,,,,RB78,239.0,0.3,
Derek Carr,QB,,238.6,,2026-03-04,,,,,,,QB39,239.0,0.4,
Antonio Williams,WR,,238.6,,2026-03-04,,,,,,,WR104,239.5,0.9,
Dontayvion Wicks,WR,,238.5,,2026-03-04,,,,,,,WR107,238.4,-0.1,
Skyler Bell,WR,,238.4,,2026-03-04,,,,,,,WR108,239.7,1.3,
Max Klare,TE,,238.2,,2026-03-04,,,,,,,TE38,239.4,1.2,
Ben Sinnott,TE,,238.2,,2026-03-04,,,,,,,TE37,238.0,-0.2,
Darius Slayton,WR,,238.1,,2026-03-04,,,,,,,WR106,238.2,0.1,
Hollywood Brown,WR,,239.0,,2026-03-04,,,,,,,WR109,238.3,-0.7,
Christian Kirk,WR,,238.0,,2026-03-04,,,,,,,WR101,236.9,-1.1,
Xavier Legette,WR,,237.5,,2026-03-04,,,,,,,WR101,237.5,-0.0,
LeQuint Allen,RB,,237.5,,2026-03-04,,,,,,,RB76,237.5,-0.0,
Tez Johnson,WR,,237.0,,2026-03-04,,,,,,,WR100,237.5,0.5,
Seth McGowan,RB,,237.0,,2026-03-04,,,,,,,RB76,239.8,2.8,
Isaiah Bond,WR,,237.0,,2026-03-04,,,,,,,WR99,236.8,-0.2,
Jack Bech,WR,,236.3,,2026-03-04,,,,,,,WR98,235.8,-0.5,
Evan Engram,TE,,236.1,,2026-03-04,,,,,,,TE36,235.7,-0.4,
Mike Gesicki,TE,,235.8,,2026-03-04,,,,,,,TE35,235.9,0.1,
Isiah Pacheco,RB,,235.5,,2026-03-04,,,,,,,RB75,233.6,-1.9,
Mac Jones,QB,,235.4,,2026-03-04,,,,,,,QB35,232.3,-3.1,
Roman Wilson,WR,,239.9,,2026-03-04,,,,,,,WR139,240.0,0.1,
Tua Tagovailoa,QB,,235.3,,2026-03-04,,,,,,,QB37,234.3,-1.0,
Bryce Lance,WR,,237.9,,2026-03-04,,,,,,,WR103,240.0,2.1,
Audric Estime,RB,,239.8,,2026-03-04,,,,,,,RB89,239.7,-0.1,
Jaylen Wright,RB,,239.0,,2026-03-04,,,,,,,RB79,239.0,-0.0,
Michael Trigg,TE,,239.2,,2026-03-04,,,,,,,TE41,238.7,-0.5,
Justin Fields,QB,,239.7,,2026-03-04,,,,,,,QB44,239.6,-0.1,
Justice Hill,RB,,239.7,,2026-03-04,,,,,,,RB87,239.9,0.2,
Jonnu Smith,TE,,239.7,,2026-03-04,,,,,,,TE50,239.9,0.2,
Joe Flacco,QB,,239.7,,2026-03-04,,,,,,,QB43,240.0,0.3,
Jaylin Lane,WR,,239.7,,2026-03-04,,,,,,,WR126,239.9,0.2,
Jalen Royals,WR,,239.7,,2026-03-04,,,,,,,WR118,239.5,-0.2,
Devontez Walker,WR,,239.7,,2026-03-04,,,,,,,WR115,239.6,-0.1,
DeMario Douglas,WR,,239.7,,2026-03-04,,,,,,,WR125,239.9,0.2,
Darren Waller,TE,,239.7,,2026-03-04,,,,,,,TE48,239.7,-0.0,
Taylen Green,QB,,239.6,,2026-03-04,,,,,,,QB42,239.9,0.3,
Roman Hemby,RB,,239.6,,2026-03-04,,,,,,,RB83,238.6,-1.0,
KeAndre Lambert-Smith,WR,,239.6,,2026-03-04,,,,,,,WR116,239.8,0.2,
Deion Burks,WR,,239.2,,2026-03-04,,,,,,,WR110,240.0,0.8,
Isaiah Davis,RB,,239.6,,2026-03-04,,,,,,,RB80,237.8,-1.8,
Dawson Knox,TE,,239.6,,2026-03-04,,,,,,,TE46,239.5,-0.1,
Cole Kmet,TE,,239.6,,2026-03-04,,,,,,,TE47,239.5,-0.1,
Mack Hollins,WR,,239.5,,2026-03-04,,,,,,,WR113,238.6,-0.9,
Luke McCaffrey,WR,,239.5,,2026-03-04,,,,,,,WR114,239.7,0.2,
Kareem Hunt,RB,,239.5,,2026-03-04,,,,,,,RB81,239.3,-0.2,
Brenen Thompson,WR,,239.5,,2026-03-04,,,,,,,WR110,239.9,0.4,
Zach Ertz,TE,,239.4,,2026-03-04,,,,,,,TE45,239.6,0.2,
MarShawn Lloyd,RB,,239.4,,2026-03-04,,,,,,,RB82,239.6,0.2,
Darnell Washington,TE,,239.4,,2026-03-04,,,,,,,TE43,239.7,0.3,
Andrei Iosivas,WR,,239.4,,2026-03-04,,,,,,,WR112,239.3,-0.1,
Michael Mayer,TE,,239.3,,2026-03-04,,,,,,,TE44,238.7,-0.6,
Justin Joly,TE,,239.3,,2026-03-04,,,,,,,TE42,238.8,-0.5,
Eric McAlister,WR,,239.6,,2026-03-04,,,,,,,WR117,239.7,0.1,
Rondale Moore,WR,,239.9,,2026-03-04,,,,,,,WR139,239.9,-0.0,
Tanner McKee,QB,,240.0,,2026-03-04,,,,,,,QB54,240.0,-0.0,
Sam Roush,TE,,239.9,,2026-03-04,,,,,,,TE49,240.0,0.1,
Raheim Sanders,RB,,240.0,,2026-03-04,,,,,,,RB115,240.0,-0.0,
Raheem Mostert,RB,,240.0,,2026-03-04,,,,,,,RB108,240.0,-0.0,
Quinn Ewers,QB,,240.0,,2026-03-04,,,,,,,QB46,239.7,-0.3,
Olamide Zaccheaus,WR,,240.0,,2026-03-04,,,,,,,WR152,239.9,-0.1,
Noah Whittington,RB,,240.0,,2026-03-04,,,,,,,RB109,240.0,-0.0,
Noah Fant,TE,,240.0,,2026-03-04,,,,,,,TE62,240.0,-0.0,
Nathan Carter,RB,,240.0,,2026-03-04,,,,,,,RB108,240.0,-0.0,
Mitchell Trubisky,QB,,240.0,,2026-03-04,,,,,,,QB61,240.0,-0.0,
Mitchell Evans,TE,,240.0,,2026-03-04,,,,,,,TE66,239.9,-0.1,
Mitch Tinsley,WR,,240.0,,2026-03-04,,,,,,,WR148,239.9,-0.1,
Michael Carter,RB,,240.0,,2026-03-04,,,,,,,RB110,239.7,-0.3,
Marlin Klein,TE,,240.0,,2026-03-04,,,,,,,TE57,239.9,-0.1,
Reggie Virgil,WR,,240.0,,2026-03-04,,,,,,,WR157,240.0,-0.0,
Malik Davis,RB,,240.0,,2026-03-04,,,,,,,RB100,239.9,-0.1,
Luke Musgrave,TE,,240.0,,2026-03-04,,,,,,,TE63,239.9,-0.1,
Lil'Jordan Humphrey,WR,,240.0,,2026-03-04,,,,,,,WR152,240.0,-0.0,
Lewis Bond,WR,,240.0,,2026-03-04,,,,,,,WR144,239.9,-0.1,
Lan Larison,RB,,240.0,,2026-03-04,,,,,,,RB110,240.0,-0.0,
LaJohntay Wester,WR,,240.0,,2026-03-04,,,,,,,WR139,240.0,-0.0,
Kalif Raymond,WR,,240.0,,2026-03-04,,,,,,,WR156,240.0,-0.0,
Kalel Mullings,RB,,240.0,,2026-03-04,,,,,,,RB110,240.0,-0.0,
JuJu Smith-Schuster,WR,,240.0,,2026-03-04,,,,,,,WR134,240.0,-0.0,
Joshua Dobbs,QB,,240.0,,2026-03-04,,,,,,,QB60,240.0,-0.0,
Josh Reynolds,WR,,240.0,,2026-03-04,,,,,,,WR149,240.0,-0.0,
Josh Oliver,TE,,240.0,,2026-03-04,,,,,,,TE53,240.0,-0.0,
Josh Cameron,WR,,240.0,,2026-03-04,,,,,,,WR152,240.0,-0.0,
Malachi Corley,WR,,240.0,,2026-03-04,,,,,,,WR161,240.0,-0.0,
Jordan Whittington,WR,,240.0,,2026-03-04,,,,,,,WR134,240.0,-0.0,
Riley Leonard,QB,,240.0,,2026-03-04,,,,,,,QB54,240.0,-0.0,
Samaje Perine,RB,,240.0,,2026-03-04,,,,,,,RB118,239.6,-0.4,
Chris Rodriguez,RB,,235.2,,2026-03-04,,,,,,,RB73,234.9,-0.3,
Zay Jones,WR,,240.0,,2026-03-04,,,,,,,WR151,240.0,-0.0,
Zavion Thomas,WR,,240.0,,2026-03-04,,,,,,,WR139,240.0,-0.0,
Zavier Scott,RB,,240.0,,2026-03-04,,,,,,,RB109,240.0,-0.0,
Xavier Smith,WR,,240.0,,2026-03-04,,,,,,,,240.0,-0.0,
Xavier Restrepo,WR,,240.0,,2026-03-04,,,,,,,WR144,240.0,-0.0,
Xavier Hutchinson,WR,,240.0,,2026-03-04,,,,,,,WR152,240.0,-0.0,
Will Shipley,RB,,240.0,,2026-03-04,,,,,,,RB105,240.0,-0.0,
Will Howard,QB,,240.0,,2026-03-04,,,,,,,QB54,239.6,-0.4,
Tyrell Shavers,WR,,240.0,,2026-03-04,,,,,,,WR135,240.0,-0.0,
Tyreik McAllister,WR,,240.0,,2026-03-04,,,,,,,WR153,240.0,-0.0,
Tyler Scott,WR,,240.0,,2026-03-04,,,,,,,WR148,240.0,-0.0,
Roschon Johnson,RB,,240.0,,2026-03-04,,,,,,,RB112,240.0,-0.0,
Tyler Huntley,QB,,240.0,,2026-03-04,,,,,,,QB52,240.0,-0.0,
Ty Montgomery,WR,,240.0,,2026-03-04,,,,,,,WR146,240.0,-0.0,
Tutu Atwell,WR,,240.0,,2026-03-04,,,,,,,WR164,240.0,-0.0,
Trinidad Chambliss,QB,,240.0,,2026-03-04,,,,,,,QB51,240.0,-0.0,
Tommy Tremble,TE,,240.0,,2026-03-04,,,,,,,TE58,240.0,-0.0,
Tim Patrick,WR,,240.0,,2026-03-04,,,,,,,,240.0,-0.0,
Terion Stewart,RB,,240.0,,2026-03-04,,,,,,,RB113,240.0,-0.0,
Taysom Hill,TE,,240.0,,2026-03-04,,,,,,,TE63,239.9,-0.1,
Tanner Koziol,TE,,240.0,,2026-03-04,,,,,,,TE58,239.9,-0.1,
Tai Felton,WR,,240.0,,2026-03-04,,,,,,,WR140,240.0,-0.0,
Sterling Shepard,WR,,240.0,,2026-03-04,,,,,,,WR157,239.9,-0.1,
Spencer Rattler,QB,,240.0,,2026-03-04,,,,,,,QB54,239.8,-0.2,
Sawyer Robertson,QB,,240.0,,2026-03-04,,,,,,,QB55,240.0,-0.0,
Tyler Goodson,RB,,240.0,,2026-03-04,,,,,,,RB109,240.0,-0.0,
Jordan Watkins,WR,,240.0,,2026-03-04,,,,,,,WR152,239.9,-0.1,
John Michael Gyllenborg,TE,,240.0,,2026-03-04,,,,,,,TE57,240.0,-0.0,
John Metchie III,WR,,240.0,,2026-03-04,,,,,,,WR139,240.0,-0.0,
David Sills,WR,,240.0,,2026-03-04,,,,,,,WR148,240.0,-0.0,
Dane Key,WR,,240.0,,2026-03-04,,,,,,,WR153,240.0,-0.0,
Damien Martinez,RB,,240.0,,2026-03-04,,,,,,,RB107,240.0,-0.0,
Dameon Pierce,RB,,240.0,,2026-03-04,,,,,,,RB102,239.9,-0.1,
Dallen Bentley,TE,,240.0,,2026-03-04,,,,,,,,240.0,-0.0,
Dae'Quan Wright,TE,,240.0,,2026-03-04,,,,,,,TE66,240.0,-0.0,
Cole Payton,QB,,240.0,,2026-03-04,,,,,,,QB48,239.8,-0.2,
Chris Hilton Jr.,WR,,240.0,,2026-03-04,,,,,,,WR137,240.0,-0.0,
Chip Trayanum,RB,,240.0,,2026-03-04,,,,,,,RB107,240.0,-0.0,
Chase Roberts,WR,,240.0,,2026-03-04,,,,,,,WR148,240.0,-0.0,
Chase Claypool,WR,,240.0,,2026-03-04,,,,,,,WR148,240.0,-0.0,
Charlie Kolar,TE,,240.0,,2026-03-04,,,,,,,,240.0,-0.0,
Davis Mills,QB,,240.0,,2026-03-04,,,,,,,QB55,239.9,-0.1,
Carson Wentz,QB,,240.0,,2026-03-04,,,,,,,QB57,240.0,-0.0,
Cam Akers,RB,,240.0,,2026-03-04,,,,,,,,240.0,-0.0,
Caleb Douglas,WR,,240.0,,2026-03-04,,,,,,,WR144,240.0,-0.0,
Beaux Collins,WR,,240.0,,2026-03-04,,,,,,,WR146,240.0,-0.0,
Bam Knight,RB,,240.0,,2026-03-04,,,,,,,RB109,240.0,-0.0,
Austin Hooper,TE,,240.0,,2026-03-04,,,,,,,TE70,239.9,-0.1,
Antonio Gibson,RB,,240.0,,2026-03-04,,,,,,,RB109,239.5,-0.5,
Andrew Armstrong,WR,,240.0,,2026-03-04,,,,,,,WR153,240.0,-0.0,
Aaron Anderson,WR,,240.0,,2026-03-04,,,,,,,WR140,240.0,-0.0,
Tyler Conklin,TE,,239.9,,2026-03-04,,,,,,,TE54,239.9,-0.0,
Tucker Fisk,TE,,239.9,,2026-03-04,,,,,,,TE60,239.9,-0.0,
Treylon Burks,WR,,239.9,,2026-03-04,,,,,,,WR139,240.0,0.1,
Savion Williams,WR,,239.9,,2026-03-04,,,,,,,WR131,239.9,-0.0,
Carson Beck,QB,,240.0,,2026-03-04,,,,,,,QB54,240.0,-0.0,
Dean Conners,RB,,240.0,,2026-03-04,,,,,,,,240.0,-0.0,
Desmond Reid,RB,,240.0,,2026-03-04,,,,,,,RB110,240.0,-0.0,
Devin Culp,TE,,240.0,,2026-03-04,,,,,,,TE57,240.0,-0.0,
Joe Royer,TE,,240.0,,2026-03-04,,,,,,,TE65,240.0,-0.0,
Joe Milton,QB,,240.0,,2026-03-04,,,,,,,QB51,240.0,-0.0,
Jerome Ford,RB,,240.0,,2026-03-04,,,,,,,RB109,239.8,-0.2,
Jeremy McNichols,RB,,240.0,,2026-03-04,,,,,,,RB109,240.0,-0.0,
Jawhar Jordan,RB,,240.0,,2026-03-04,,,,,,,RB108,240.0,-0.0,
Jarrett Stidham,QB,,240.0,,2026-03-04,,,,,,,QB60,240.0,-0.0,
Jalen Tolbert,WR,,240.0,,2026-03-04,,,,,,,WR152,240.0,-0.0,
Jake Browning,QB,,240.0,,2026-03-04,,,,,,,QB61,240.0,-0.0,
Jake Bobo,WR,,240.0,,2026-03-04,,,,,,,WR164,240.0,-0.0,
Jacob Saylors,RB,,240.0,,2026-03-04,,,,,,,,240.0,-0.0,
Jacob Cowing,WR,,240.0,,2026-03-04,,,,,,,WR146,240.0,-0.0,
Jackson Hawes,TE,,240.0,,2026-03-04,,,,,,,TE65,240.0,-0.0,
Jack Endries,TE,,240.0,,2026-03-04,,,,,,,TE58,240.0,-0.0,
Ja'Corey Brooks,WR,,240.0,,2026-03-04,,,,,,,WR149,240.0,-0.0,
JP Richardson,WR,,240.0,,2026-03-04,,,,,,,WR162,240.0,-0.0,
Greg Dulcich,TE,,240.0,,2026-03-04,,,,,,,TE58,240.0,-0.0,
Greg Dortch,WR,,240.0,,2026-03-04,,,,,,,WR152,240.0,-0.0,
Grant Calcaterra,TE,,240.0,,2026-03-04,,,,,,,TE63,240.0,-0.0,
Garrett Nussmeier,QB,,240.0,,2026-03-04,,,,,,,QB49,240.0,-0.0,
Gardner Minshew II,QB,,240.0,,2026-03-04,,,,,,,,239.7,-0.3,
Eric Rivers,WR,,240.0,,2026-03-04,,,,,,,WR152,240.0,-0.0,
Emari Demercado,RB,,240.0,,2026-03-04,,,,,,,RB109,240.0,-0.0,
Elijah Higgins,TE,,240.0,,2026-03-04,,,,,,,TE67,239.9,-0.1,
Efton Chism,WR,,240.0,,2026-03-04,,,,,,,WR135,240.0,-0.0,
Drew Allar,QB,,240.0,,2026-03-04,,,,,,,QB49,240.0,-0.0,
Donovan Edwards,RB,,240.0,,2026-03-04,,,,,,,RB103,240.0,-0.0,
Devin Singletary,RB,,240.0,,2026-03-04,,,,,,,RB95,239.9,-0.1,
Ronnie Rivers,RB,,239.9,,2026-03-04,,,,,,,RB104,239.9,-0.0,
Anthony Richardson,QB,,235.1,,2026-03-04,,,,,,,QB36,238.0,2.9,
Jonathon Brooks,RB,,161.4,,2026-03-04,,,,,,,RB50,164.1,2.7,
Ted Hurst,WR,,234.8,,2026-03-04,,,,,,,WR97,238.1,3.3,
Kyle Monangai,RB,,86.2,,2026-03-04,,,,,,,RB28,85.5,-0.7,
Jakobi Meyers,WR,,85.4,,2026-03-04,,,,,,,WR40,84.4,-1.0,
Tucker Kraft,TE,,83.7,,2026-03-04,,,,,,,TE6,82.5,-1.2,
Trevor Lawrence,QB,,82.9,,2026-03-04,,,,,,,QB11,81.9,-1.0,
David Montgomery,RB,,82.4,,2026-03-04,,,,,,,RB31,107.9,25.5,
Dak Prescott,QB,,81.9,,2026-03-04,,,,,,,QB10,82.8,0.9,
Jaxson Dart,QB,,81.4,,2026-03-04,,,,,,,QB9,80.1,-1.3,
Justin Herbert,QB,,80.3,,2026-03-04,,,,,,,QB8,79.3,-1.0,
Alec Pierce,WR,,79.4,,2026-03-04,,,,,,,WR39,78.8,-0.6,
Bhayshul Tuten,RB,,75.9,,2026-03-04,,,,,,,RB27,76.4,0.5,
Harold Fannin,TE,,75.5,,2026-03-04,,,,,,,TE5,74.9,-0.6,
Ricky Pearsall,WR,,75.4,,2026-03-04,,,,,,,WR37,76.0,0.6,
Patrick Mahomes,QB,,87.4,,2026-03-04,,,,,,,QB12,87.5,0.1,
Michael Wilson,WR,,75.4,,2026-03-04,,,,,,,WR38,74.6,-0.8,
Parker Washington,WR,,71.6,,2026-03-04,,,,,,,WR36,73.4,1.8,
Jaylen Warren,RB,,71.6,,2026-03-04,,,,,,,RB25,72.2,0.6,
Jalen Hurts,QB,,69.5,,2026-03-04,,,,,,,QB7,68.9,-0.6,
Tyler Warren,TE,,69.3,,2026-03-04,,,,,,,TE4,68.2,-1.1,
Caleb Williams,QB,,68.3,,2026-03-04,,,,,,,QB6,67.4,-0.9,
DK Metcalf,WR,,67.1,,2026-03-04,,,,,,,WR35,67.5,0.4,
Drake Maye,QB,,66.9,,2026-03-04,,,,,,,QB5,62.8,-4.1,
Mike Evans,WR,,64.4,,2026-03-04,,,,,,,WR34,66.2,1.8,
Joe Burrow,QB,,64.0,,2026-03-04,,,,,,,QB4,64.2,0.2,
Marvin Harrison,WR,,63.5,,2026-03-04,,,,,,,WR33,64.5,1.0,
Courtland Sutton,WR,,62.6,,2026-03-04,,,,,,,WR32,62.7,0.1,
Jordyn Tyson,WR,,61.7,,2026-03-04,,,,,,,WR31,59.4,-2.3,
Rhamondre Stevenson,RB,,75.1,,2026-03-04,,,,,,,RB26,72.9,-2.2,
Jayden Daniels,QB,,61.5,,2026-03-04,,,,,,,QB3,62.3,0.8,
Quentin Johnston,WR,,88.2,,2026-03-04,,,,,,,WR41,86.3,-1.9,
Kyle Pitts,TE,,90.1,,2026-03-04,,,,,,,TE7,89.4,-0.7,
Khalil Shakir,WR,,117.0,,2026-03-04,,,,,,,WR52,115.9,-1.1,
Jonah Coleman,RB,,115.8,,2026-03-04,,,,,,,RB36,116.7,0.9,
Jayden Reed,WR,,113.7,,2026-03-04,,,,,,,WR51,113.3,-0.4,
Chris Godwin,WR,,113.2,,2026-03-04,,,,,,,WR50,114.2,1.0,
Jauan Jennings,WR,,112.5,,2026-03-04,,,,,,,WR49,112.3,-0.2,
Wan'Dale Robinson,WR,,110.8,,2026-03-04,,,,,,,WR48,110.2,-0.6,
Denzel Boston,WR,,110.6,,2026-03-04,,,,,,,WR47,106.9,-3.7,
Dalton Kincaid,TE,,110.5,,2026-03-04,,,,,,,TE10,109.3,-1.2,
Baker Mayfield,QB,,109.9,,2026-03-04,,,,,,,QB18,110.3,0.4,
Jordan Love,QB,,106.9,,2026-03-04,,,,,,,QB17,107.0,0.1,
Oronde Gadsden,TE,,105.4,,2026-03-04,,,,,,,TE9,104.6,-0.8,
Jared Goff,QB,,104.3,,2026-03-04,,,,,,,QB16,103.6,-0.7,
Chuba Hubbard,RB,,90.0,,2026-03-04,,,,,,,RB30,91.8,1.8,
Bo Nix,QB,,102.4,,2026-03-04,,,,,,,QB15,102.7,0.3,
Xavier Worthy,WR,,100.2,,2026-03-04,,,,,,,WR45,97.0,-3.2,
Jordan Addison,WR,,100.1,,2026-03-04,,,,,,,WR46,100.2,0.1,
Matthew Stafford,QB,,99.6,,2026-03-04,,,,,,,QB14,98.3,-1.3,
Stefon Diggs,WR,,97.8,,2026-03-04,,,,,,,WR44,91.4,-6.4,
Brock Purdy,QB,,97.6,,2026-03-04,,,,,,,QB13,97.5,-0.1,
Tyler Allgeier,RB,,97.5,,2026-03-04,,,,,,,RB34,100.4,2.9,
Blake Corum,RB,,97.0,,2026-03-04,,,,,,,RB33,95.0,-2.0,
Jadarian Price,RB,,96.8,,2026-03-04,,,,,,,RB32,98.2,1.4,
Sam LaPorta,TE,,94.1,,2026-03-04,,,,,,,TE8,92.4,-1.7,
D.J. Moore,WR,,93.6,,2026-03-04,,,,,,,WR43,95.2,1.6,
Michael Pittman Jr.,WR,,92.4,,2026-03-04,,,,,,,WR42,92.8,0.4,
Tony Pollard,RB,,90.2,,2026-03-04,,,,,,,RB29,88.7,-1.5,
Rico Dowdle,RB,,102.3,,2026-03-04,,,,,,,RB35,102.3,-0.0,
Tyler Shough,QB,,117.8,,2026-03-04,,,,,,,QB19,118.1,0.3,
Brian Thomas,WR,,59.5,,2026-03-04,,,,,,,WR30,60.5,1.0,
Rome Odunze,WR,,56.9,,2026-03-04,,,,,,,WR28,57.8,0.9,
Chris Olave,WR,,26.4,,2026-03-04,,,,,,,WR11,26.2,-0.2,
Nico Collins,WR,,23.2,,2026-03-04,,,,,,,WR10,23.3,0.1,
George Pickens,WR,,23.0,,2026-03-04,,,,,,,WR9,22.8,-0.2,
Chase Brown,RB,,22.2,,2026-03-04,,,,,,,RB12,22.0,-0.2,
Brock Bowers,TE,,21.0,,2026-03-04,,,,,,,TE2,20.6,-0.4,
Derrick Henry,RB,,20.5,,2026-03-04,,,,,,,RB11,21.3,0.8,
Drake London,WR,,18.1,,2026-03-04,,,,,,,WR8,17.1,-1.0,
Malik Nabers,WR,,17.6,,2026-03-04,,,,,,,WR7,16.3,-1.3,
Saquon Barkley,RB,,17.2,,2026-03-04,,,,,,,RB10,17.5,0.3,
Trey McBride,TE,,16.7,,2026-03-04,,,,,,,TE1,15.7,-1.0,
Jeremiyah Love,RB,,15.9,,2026-03-04,,,,,,,RB9,18.5,2.6,
Omarion Hampton,RB,,15.0,,2026-03-04,,,,,,,RB8,15.3,0.3,
Josh Jacobs,RB,,27.1,,2026-03-04,,,,,,,RB13,27.4,0.3,
Justin Jefferson,WR,,13.2,,2026-03-04,,,,,,,WR6,13.8,0.6,
De'Von Achane,RB,,11.3,,2026-03-04,,,,,,,RB6,11.4,0.1,
James Cook,RB,,10.5,,2026-03-04,,,,,,,RB5,10.6,0.1,
Amon-Ra St. Brown,WR,,8.8,,2026-03-04,,,,,,,WR5,8.9,0.1,
CeeDee Lamb,WR,,8.4,,2026-03-04,,,,,,,WR4,8.3,-0.1,
Christian McCaffrey,RB,,7.3,,2026-03-04,,,,,,,RB4,7.4,0.1,
Jonathan Taylor,RB,,6.5,,2026-03-04,,,,,,,RB3,6.6,0.1,
Jaxon Smith-Njigba,WR,,5.2,,2026-03-04,,,,,,,WR3,5.2,-0.0,
Ja'Marr Chase,WR,,3.7,,2026-03-04,,,,,,,WR2,3.6,-0.1,
Puka Nacua,WR,,3.2,,2026-03-04,,,,,,,WR1,2.8,-0.4,
Jahmyr Gibbs,RB,,1.9,,2026-03-04,,,,,,,RB2,2.8,0.9,
Bijan Robinson,RB,,1.4,,2026-03-04,,,,,,,RB1,1.1,-0.3,
Adam Randall,RB,,234.9,,2026-03-04,,,,,,,RB74,237.3,2.4,
Ashton Jeanty,RB,,12.1,,2026-03-04,,,,,,,RB7,11.7,-0.4,
Makai Lemon,WR,,58.5,,2026-03-04,,,,,,,WR29,57.6,-0.9,
Bucky Irving,RB,,27.5,,2026-03-04,,,,,,,RB14,27.9,0.4,
Breece Hall,RB,,30.0,,2026-03-04,,,,,,,RB16,29.3,-0.7,
Christian Watson,WR,,56.3,,2026-03-04,,,,,,,WR27,56.2,-0.1,
Carnell Tate,WR,,53.7,,2026-03-04,,,,,,,WR26,53.8,0.1,
Quinshon Judkins,RB,,53.2,,2026-03-04,,,,,,,RB23,54.7,1.5,
RJ Harvey,RB,,52.4,,2026-03-04,,,,,,,RB22,50.9,-1.5,
Jaylen Waddle,WR,,51.0,,2026-03-04,,,,,,,WR25,51.4,0.4,
Luther Burden,WR,,48.9,,2026-03-04,,,,,,,WR24,48.7,-0.2,
Lamar Jackson,QB,,48.7,,2026-03-04,,,,,,,QB2,47.8,-0.9,
Cam Skattebo,RB,,48.1,,2026-03-04,,,,,,,RB20,44.5,-3.6,
TreVeyon Henderson,RB,,47.5,,2026-03-04,,,,,,,RB21,46.9,-0.6,
Terry McLaurin,WR,,46.0,,2026-03-04,,,,,,,WR23,46.8,0.8,
Emeka Egbuka,WR,,44.8,,2026-03-04,,,,,,,WR22,45.2,0.4,
Colston Loveland,TE,,44.2,,2026-03-04,,,,,,,TE3,43.3,-0.9,
Kenneth Walker III,RB,,29.4,,2026-03-04,,,,,,,RB15,30.5,1.1,
Javonte Williams,RB,,43.3,,2026-03-04,,,,,,,RB19,50.3,7.0,
Davante Adams,WR,,42.1,,2026-03-04,,,,,,,WR20,42.0,-0.1,
Zay Flowers,WR,,41.0,,2026-03-04,,,,,,,WR19,41.5,0.5,
Jameson Williams,WR,,40.7,,2026-03-04,,,,,,,WR18,40.4,-0.3,
Garrett Wilson,WR,,38.3,,2026-03-04,,,,,,,WR17,38.4,0.1,
Ladd McConkey,WR,,37.0,,2026-03-04,,,,,,,WR16,36.3,-0.7,
Travis Etienne Jr.,RB,,36.5,,2026-03-04,,,,,,,RB18,36.6,0.1,
Kyren Williams,RB,,33.7,,2026-03-04,,,,,,,RB17,33.9,0.2,
Tee Higgins,WR,,33.5,,2026-03-04,,,,,,,WR15,33.2,-0.3,
Rashee Rice,WR,,32.7,,2026-03-04,,,,,,,WR14,30.5,-2.2,
Tetairoa McMillan,WR,,30.8,,2026-03-04,,,,,,,WR12,31.4,0.6,
Josh Allen,QB,,30.7,,2026-03-04,,,,,,,QB1,30.5,-0.2,
A.J. Brown,WR,,30.5,,2026-03-04,,,,,,,WR12,32.3,1.8,
DeVonta Smith,WR,,43.1,,2026-03-04,,,,,,,WR21,44.0,0.9,
Jalen Coker,WR,,118.3,,2026-03-04,,,,,,,WR53,118.1,-0.2,
D'Andre Swift,RB,,58.9,,2026-03-04,,,,,,,RB24,58.7,-0.2,
Matthew Golden,WR,,122.1,,2026-03-04,,,,,,,WR54,123.0,0.9,
Ja'Kobi Lane,WR,,210.3,,2026-03-04,,,,,,,WR85,214.5,4.2,
Marvin Mims Jr.,WR,,208.7,,2026-03-04,,,,,,,WR83,204.9,-3.8,
Chris Brazzell II,WR,,207.1,,2026-03-04,,,,,,,WR82,215.9,8.8,
Mason Taylor,TE,,205.8,,2026-03-04,,,,,,,TE30,203.6,-2.2,
J.J. McCarthy,QB,,204.6,,2026-03-04,,,,,,,QB30,189.0,-15.6,
Colby Parkinson,TE,,204.3,,2026-03-04,,,,,,,TE29,200.5,-3.8,
Ray Davis,RB,,202.4,,2026-03-04,,,,,,,RB63,206.0,3.6,
Keon Coleman,WR,,201.5,,2026-03-04,,,,,,,WR81,201.7,0.2,
Gunnar Helm,TE,,201.4,,2026-03-04,,,,,,,TE28,199.6,-1.8,
Joe Mixon,RB,,199.7,,2026-03-04,,,,,,,RB61,181.5,-18.2,
Keaton Mitchell,RB,,198.8,,2026-03-04,,,,,,,RB62,198.2,-0.6,
Elic Ayomanor,WR,,198.4,,2026-03-04,,,,,,,WR80,195.5,-2.9,
Shedeur Sanders,QB,,211.2,,2026-03-04,,,,,,,QB31,201.8,-9.4,
Zachariah Branch,WR,,196.7,,2026-03-04,,,,,,,WR79,197.2,0.5,
Tory Horton,WR,,194.0,,2026-03-04,,,,,,,WR78,194.3,0.3,
Eli Stowers,TE,,192.7,,2026-03-04,,,,,,,TE27,219.8,27.1,
Jacoby Brissett,QB,,191.8,,2026-03-04,,,,,,,QB29,191.1,-0.7,
Tank Bigsby,RB,,190.2,,2026-03-04,,,,,,,RB59,192.3,2.1,
T.J. Hockenson,TE,,189.6,,2026-03-04,,,,,,,TE26,187.2,-2.4,
Brian Robinson,RB,,187.5,,2026-03-04,,,,,,,RB58,187.8,0.3,
Dalton Schultz,TE,,186.7,,2026-03-04,,,,,,,TE25,186.2,-0.5,
Tre Tucker,WR,,185.9,,2026-03-04,,,,,,,WR77,184.4,-1.5,
Isaac TeSlaa,WR,,185.4,,2026-03-04,,,,,,,WR76,183.5,-1.9,
Terrance Ferguson,TE,,184.4,,2026-03-04,,,,,,,TE24,188.8,4.4,
Elijah Sarratt,WR,,183.3,,2026-03-04,,,,,,,WR75,178.2,-5.1,
Dylan Sampson,RB,,183.1,,2026-03-04,,,,,,,RB57,183.3,0.2,
Nicholas Singleton,RB,,194.3,,2026-03-04,,,,,,,RB60,192.1,-2.2,
Adonai Mitchell,WR,,181.0,,2026-03-04,,,,,,,WR74,179.2,-1.8,
Ryan Flournoy,WR,,211.6,,2026-03-04,,,,,,,WR84,206.9,-4.7,
Cade Otton,TE,,214.1,,2026-03-04,,,,,,,TE31,211.4,-2.7,
Geno Smith,QB,,234.7,,2026-03-04,,,,,,,QB38,237.7,3.0,
George Kittle,TE,,120.4,,2026-03-04,,,,,,,TE11,118.9,-1.5,
Jordan James,RB,,233.8,,2026-03-04,,,,,,,RB72,233.0,-0.8,
Rashod Bateman,WR,,232.3,,2026-03-04,,,,,,,WR95,231.4,-0.9,
Chris Bell,WR,,232.2,,2026-03-04,,,,,,,WR96,234.3,2.1,
Jaylin Noel,WR,,231.2,,2026-03-04,,,,,,,WR94,228.5,-2.7,
Ollie Gordon,RB,,230.9,,2026-03-04,,,,,,,RB71,230.0,-0.9,
Chig Okonkwo,TE,,230.4,,2026-03-04,,,,,,,TE34,231.0,0.6,
Jaydon Blue,RB,,229.6,,2026-03-04,,,,,,,RB70,223.2,-6.4,
Ty Simpson,QB,,229.3,,2026-03-04,,,,,,,QB34,232.2,2.9,
Malachi Fields,WR,,228.6,,2026-03-04,,,,,,,WR91,224.0,-4.6,
Devaughn Vele,WR,,227.8,,2026-03-04,,,,,,,WR93,223.7,-4.1,
Emanuel Wilson,RB,,212.0,,2026-03-04,,,,,,,RB64,204.3,-7.7,
Keenan Allen,WR,,227.0,,2026-03-04,,,,,,,WR92,228.7,1.7,
Devin Neal,RB,,224.3,,2026-03-04,,,,,,,RB69,227.7,3.4,
Jake Tonges,TE,,223.2,,2026-03-04,,,,,,,TE32,216.8,-6.4,
Malik Washington,WR,,222.8,,2026-03-04,,,,,,,WR89,221.3,-1.5,
Pat Freiermuth,TE,,222.4,,2026-03-04,,,,,,,TE33,219.9,-2.5,
Germie Bernard,WR,,222.4,,2026-03-04,,,,,,,WR90,232.5,10.1,
Brashard Smith,RB,,221.4,,2026-03-04,,,,,,,RB68,213.6,-7.8,
Kyle Williams,WR,,220.7,,2026-03-04,,,,,,,WR88,219.3,-1.4,
Cooper Kupp,WR,,220.0,,2026-03-04,,,,,,,WR87,215.2,-4.8,
Darnell Mooney,WR,,218.0,,2026-03-04,,,,,,,WR86,215.6,-2.4,
Demond Claiborne,RB,,216.2,,2026-03-04,,,,,,,RB67,226.6,10.4,
Aaron Rodgers,QB,,214.8,,2026-03-04,,,,,,,QB32,211.8,-3.0,
Kaleb Johnson,RB,,214.1,,2026-03-04,,,,,,,RB66,209.8,-4.3,
Kirk Cousins,QB,,226.2,,2026-03-04,,,,,,,QB33,227.3,1.1,
Tre' Harris,WR,,179.4,,2026-03-04,,,,,,,WR73,181.4,2.0,
Najee Harris,RB,,210.4,,2026-03-04,,,,,,,RB65,222.8,12.4,
Kaytron Allen,RB,,178.3,,2026-03-04,,,,,,,RB56,174.7,-3.6,
Juwan Johnson,TE,,147.0,,2026-03-04,,,,,,,TE16,146.0,-1.0,
Cam Ward,QB,,146.2,,2026-03-04,,,,,,,QB26,143.8,-2.4,
Brandon Aiyuk,WR,,145.7,,2026-03-04,,,,,,,WR60,142.6,-3.1,
James Conner,RB,,145.4,,2026-03-04,,,,,,,RB45,140.7,-4.7,
Bryce Young,QB,,142.2,,2026-03-04,,,,,,,QB25,138.3,-3.9,
Rashid Shaheed,WR,,141.0,,2026-03-04,,,,,,,WR59,140.6,-0.4,
Emmett Johnson,RB,,138.6,,2026-03-04,,,,,,,RB43,128.0,-10.6,
Brenton Strange,TE,,138.6,,2026-03-04,,,,,,,TE15,133.6,-5.0,
C.J. Stroud,QB,,137.3,,2026-03-04,,,,,,,QB23,134.9,-2.4,
Romeo Doubs,WR,,137.0,,2026-03-04,,,,,,,WR58,137.9,0.9,
Dallas Goedert,TE,,136.5,,2026-03-04,,,,,,,TE14,131.5,-5.0,
J.K. Dobbins,RB,,135.9,,2026-03-04,,,,,,,RB42,134.7,-1.2,
Travis Hunter,WR,,148.3,,2026-03-04,,,,,,,WR61,149.9,1.6,
Fernando Mendoza,QB,,135.5,,2026-03-04,,,,,,,QB22,133.6,-1.9,
Trey Benson,RB,,133.7,,2026-03-04,,,,,,,RB41,137.0,3.3,
Tyrone Tracy,RB,,133.3,,2026-03-04,,,,,,,RB40,130.4,-2.9,
Woody Marks,RB,,131.2,,2026-03-04,,,,,,,RB38,121.2,-10.0,
Deebo Samuel,WR,,130.3,,2026-03-04,,,,,,,WR57,128.7,-1.6,
Malik Willis,QB,,129.8,,2026-03-04,,,,,,,QB21,141.2,11.4,
Kenyon Sadiq,TE,,129.0,,2026-03-04,,,,,,,TE13,146.7,17.7,
Jake Ferguson,TE,,127.2,,2026-03-04,,,,,,,TE12,126.0,-1.2,
Jayden Higgins,WR,,125.6,,2026-03-04,,,,,,,WR56,124.8,-0.8,
Sam Darnold,QB,,125.3,,2026-03-04,,,,,,,QB20,123.7,-1.6,
Kenneth Gainwell,RB,,125.0,,2026-03-04,,,,,,,RB39,126.8,1.8,
Jacory Croskey-Merritt,RB,,124.1,,2026-03-04,,,,,,,RB37,122.7,-1.4,
KC Concepcion,WR,,122.9,,2026-03-04,,,,,,,WR55,126.0,3.1,
Jordan Mason,RB,,134.5,,2026-03-04,,,,,,,RB44,147.2,12.7,
Alvin Kamara,RB,,149.3,,2026-03-04,,,,,,,RB46,148.7,-0.6,
Kyler Murray,QB,,136.3,,2026-03-04,,,,,,,QB24,141.0,4.7,
Michael Penix,QB,,171.5,,2026-03-04,,,,,,,QB28,169.2,-2.3,
David Njoku,TE,,178.3,,2026-03-04,,,,,,,TE23,177.6,-0.7,
Kimani Vidal,RB,,176.6,,2026-03-04,,,,,,,RB55,176.5,-0.1,
Tyreek Hill,WR,,149.3,,2026-03-04,,,,,,,WR61,145.6,-3.7,
Tank Dell,WR,,176.0,,2026-03-04,,,,,,,WR72,175.1,-0.9,
Theo Johnson,TE,,174.3,,2026-03-04,,,,,,,TE22,171.0,-3.3,
Chimere Dike,WR,,174.1,,2026-03-04,,,,,,,WR71,173.2,-0.9,
Braelon Allen,RB,,173.4,,2026-03-04,,,,,,,RB54,162.2,-11.2,
Isaiah Likely,TE,,172.0,,2026-03-04,,,,,,,TE21,173.5,1.5,
Calvin Ridley,WR,,171.7,,2026-03-04,,,,,,,WR70,172.3,0.6,
AJ Barner,TE,,168.8,,2026-03-04,,,,,,,TE20,167.8,-1.0,
Aaron Jones,RB,,168.7,,2026-03-04,,,,,,,RB53,163.0,-5.7,
Sean Tucker,RB,,165.9,,2026-03-04,,,,,,,RB51,167.1,1.2,
Omar Cooper Jr.,WR,,164.3,,2026-03-04,,,,,,,WR69,184.8,20.5,
Troy Franklin,WR,,165.1,,2026-03-04,,,,,,,WR68,163.8,-1.3,
Hunter Henry,TE,,157.4,,2026-03-04,,,,,,,TE18,154.4,-3.0,
Josh Downs,WR,,151.7,,2026-03-04,,,,,,,WR63,152.9,1.2,
Jerry Jeudy,WR,,161.0,,2026-03-04,,,,,,,WR67,159.9,-1.1,
Mike Washington Jr.,RB,,160.6,,2026-03-04,,,,,,,RB52,216.8,56.2,
Zach Charbonnet,RB,,160.4,,2026-03-04,,,,,,,RB49,157.7,-2.7,
Pat Bryant,WR,,159.9,,2026-03-04,,,,,,,WR66,156.8,-3.1,
Tyjae Spears,RB,,159.6,,2026-03-04,,,,,,,RB48,158.2,-1.4,
Kayshon Boutte,WR,,158.9,,2026-03-04,,,,,,,WR65,151.2,-7.7,
Travis Kelce,TE,,161.7,,2026-03-04,,,,,,,TE19,161.8,0.1,
Rachaad White,RB,,155.6,,2026-03-04,,,,,,,RB47,163.6,8.0,
Jalen McMillan,WR,,154.8,,2026-03-04,,,,,,,WR64,156.9,2.1,
Mark Andrews,TE,,151.7,,2026-03-04,,,,,,,TE17,151.6,-0.1,
Daniel Jones,QB,,154.1,,2026-03-04,,,,,,,QB27,155.4,1.3,
Carson Beck,QB,,239.9,,2026-03-11,,,,,,,QB46,240.0,0.1,
Blake Watson,RB,,239.9,,2026-03-11,,,,,,,RB98,239.9,-0.0,
Brenen Thompson,WR,,239.9,,2026-03-11,,,,,,,WR125,239.5,-0.4,
Cedric Tillman,WR,,239.9,,2026-03-11,,,,,,,WR125,239.8,-0.1,
Calvin Austin III,WR,,239.9,,2026-03-11,,,,,,,WR135,239.8,-0.1,
Charlie Kolar,TE,,239.9,,2026-03-11,,,,,,,TE53,240.0,0.1,
Jonathan Ward,RB,,239.8,,2026-03-11,,,,,,,RB88,239.8,-0.0,
Demarcus Robinson,WR,,239.9,,2026-03-11,,,,,,,WR131,239.9,-0.0,
Devin Singletary,RB,,239.9,,2026-03-11,,,,,,,RB98,240.0,0.1,
Dont'e Thornton,WR,,239.9,,2026-03-11,,,,,,,WR124,239.9,-0.0,
Austin Ekeler,RB,,239.9,,2026-03-11,,,,,,,RB102,239.9,-0.0,
Efton Chism,WR,,239.9,,2026-03-11,,,,,,,WR139,240.0,0.1,
Daniel Bellinger,TE,,239.9,,2026-03-11,,,,,,,TE58,240.0,0.1,
Audric Estime,RB,,239.9,,2026-03-11,,,,,,,RB96,239.8,-0.1,
Kalel Mullings,RB,,239.8,,2026-03-11,,,,,,,RB90,240.0,0.2,
Velus Jones Jr.,RB,,239.8,,2026-03-11,,,,,,,RB90,239.8,-0.0,
Taylen Green,QB,,239.8,,2026-03-11,,,,,,,QB44,239.6,-0.2,
Tanner McLachlan,TE,,239.8,,2026-03-11,,,,,,,TE50,239.8,-0.0,
Tai Felton,WR,,239.8,,2026-03-11,,,,,,,WR122,240.0,0.2,
Roman Hemby,RB,,239.8,,2026-03-11,,,,,,,RB94,239.6,-0.2,
Noah Fant,TE,,239.8,,2026-03-11,,,,,,,TE52,240.0,0.2,
Marcus Mariota,QB,,239.8,,2026-03-11,,,,,,,QB43,239.9,0.1,
Malik Davis,RB,,239.8,,2026-03-11,,,,,,,RB92,240.0,0.2,
Kyric McGowan,WR,,239.8,,2026-03-11,,,,,,,WR122,239.7,-0.1,
KeAndre Lambert-Smith,WR,,239.8,,2026-03-11,,,,,,,WR123,239.6,-0.2,
JuJu Smith-Schuster,WR,,239.8,,2026-03-11,,,,,,,WR127,239.8,-0.0,
Eric McAlister,WR,,239.9,,2026-03-11,,,,,,,WR135,239.6,-0.3,
Andre Roberts,WR,,239.9,,2026-03-11,,,,,,,WR131,239.9,-0.0,
Gardner Minshew II,QB,,239.9,,2026-03-11,,,,,,,QB49,240.0,0.1,
Savion Williams,WR,,239.9,,2026-03-11,,,,,,,WR131,239.9,-0.0,
Isaiah Davis,RB,,239.9,,2026-03-11,,,,,,,RB95,239.6,-0.3,
Isaac Guerendo,RB,,239.8,,2026-03-11,,,,,,,RB92,239.9,0.1,
Shaquan Davis,WR,,239.9,,2026-03-11,,,,,,,WR139,239.9,-0.0,
Stephen Anderson,TE,,239.9,,2026-03-11,,,,,,,TE54,239.9,-0.0,
Sam Roush,TE,,239.9,,2026-03-11,,,,,,,TE54,239.9,-0.0,
Riley Leonard,QB,,239.9,,2026-03-11,,,,,,,QB47,240.0,0.1,
Raleigh Webb,WR,,239.9,,2026-03-11,,,,,,,WR138,239.9,-0.0,
Nsimba Webster,WR,,239.9,,2026-03-11,,,,,,,WR136,239.9,-0.0,
Noah Gray,TE,,239.9,,2026-03-11,,,,,,,TE54,239.9,-0.0,
Nick Chubb,RB,,239.9,,2026-03-11,,,,,,,RB98,239.9,-0.0,
Nick Bowers,TE,,239.9,,2026-03-11,,,,,,,TE56,239.9,-0.0,
Mike White,QB,,239.9,,2026-03-11,,,,,,,QB45,239.8,-0.1,
Mac Dalena,WR,,239.9,,2026-03-11,,,,,,,WR125,239.9,-0.0,
Lynn Bowden,WR,,239.9,,2026-03-11,,,,,,,WR125,239.9,-0.0,
Le'Veon Moss,RB,,239.9,,2026-03-11,,,,,,,RB102,239.8,-0.1,
Konata Mumpfield,WR,,239.9,,2026-03-11,,,,,,,WR135,239.9,-0.0,
Kalif Raymond,WR,,239.9,,2026-03-11,,,,,,,WR130,239.9,-0.0,
KaVontae Turpin,WR,,239.9,,2026-03-11,,,,,,,WR131,239.9,-0.0,
Justin Joly,TE,,239.9,,2026-03-11,,,,,,,TE56,239.3,-0.6,
Joe Flacco,QB,,239.9,,2026-03-11,,,,,,,QB47,239.7,-0.2,
Jimmy Horn,WR,,239.9,,2026-03-11,,,,,,,WR135,239.9,-0.0,
Jesper Horsted,TE,,239.9,,2026-03-11,,,,,,,TE57,239.9,-0.0,
Jelani Woods,TE,,239.9,,2026-03-11,,,,,,,TE61,239.9,-0.0,
Jase McClellan,RB,,239.9,,2026-03-11,,,,,,,RB104,239.9,-0.0,
Jarquez Hunter,RB,,239.9,,2026-03-11,,,,,,,RB98,239.8,-0.1,
Jam Miller,RB,,239.9,,2026-03-11,,,,,,,RB97,239.8,-0.1,
Jalen Royals,WR,,239.9,,2026-03-11,,,,,,,WR125,239.7,-0.2,
Jalen Milroe,QB,,239.9,,2026-03-11,,,,,,,QB50,239.8,-0.1,
Giles Jackson,WR,,239.9,,2026-03-11,,,,,,,WR134,239.9,-0.0,
Derek Parish,TE,,239.8,,2026-03-11,,,,,,,TE50,239.8,-0.0,
Jack Bech,WR,,237.6,,2026-03-11,,,,,,,WR102,236.3,-1.3,
DeAndre Hopkins,WR,,239.8,,2026-03-11,,,,,,,WR124,239.8,-0.0,
Dawson Knox,TE,,239.1,,2026-03-11,,,,,,,TE42,239.6,0.5,
Xavier Legette,WR,,239.0,,2026-03-11,,,,,,,WR112,237.5,-1.5,
Skyler Bell,WR,,239.0,,2026-03-11,,,,,,,WR110,238.4,-0.6,
Olamide Zaccheaus,WR,,239.0,,2026-03-11,,,,,,,WR110,240.0,1.0,
Elijah Arroyo,TE,,239.0,,2026-03-11,,,,,,,TE41,238.9,-0.1,
Tyquan Thornton,WR,,238.9,,2026-03-11,,,,,,,WR108,239.8,0.9,
Tyler Higbee,TE,,238.9,,2026-03-11,,,,,,,TE40,239.8,0.9,
Ty Johnson,RB,,238.9,,2026-03-11,,,,,,,RB82,239.7,0.8,
Chris Brooks,RB,,238.9,,2026-03-11,,,,,,,RB83,239.6,0.7,
Antonio Williams,WR,,238.9,,2026-03-11,,,,,,,WR109,238.6,-0.3,
MarShawn Lloyd,RB,,238.8,,2026-03-11,,,,,,,RB81,239.4,0.6,
Jaylen Wright,RB,,238.6,,2026-03-11,,,,,,,RB80,239.0,0.4,
Bryce Lance,WR,,238.6,,2026-03-11,,,,,,,WR107,237.9,-0.7,
Seth McGowan,RB,,238.5,,2026-03-11,,,,,,,RB79,237.0,-1.5,
Darnell Washington,TE,,238.5,,2026-03-11,,,,,,,TE38,239.4,0.9,
DJ Giddens,RB,,238.5,,2026-03-11,,,,,,,RB78,238.7,0.2,
Christian Kirk,WR,,238.5,,2026-03-11,,,,,,,WR106,238.0,-0.5,
Ben Sinnott,TE,,238.5,,2026-03-11,,,,,,,TE39,238.2,-0.3,
Max Klare,TE,,238.4,,2026-03-11,,,,,,,TE37,238.2,-0.2,
Isaiah Bond,WR,,238.4,,2026-03-11,,,,,,,WR105,237.0,-1.4,
Deshaun Watson,QB,,238.4,,2026-03-11,,,,,,,QB39,239.0,0.6,
Malachi Fields,WR,,237.8,,2026-03-11,,,,,,,WR103,228.6,-9.2,
Jahan Dotson,WR,,237.8,,2026-03-11,,,,,,,WR104,239.9,2.1,
Anthony Richardson,QB,,237.8,,2026-03-11,,,,,,,QB38,235.1,-2.7,
Mack Hollins,WR,,237.5,,2026-03-11,,,,,,,WR101,239.5,2.0,
Darius Slayton,WR,,237.3,,2026-03-11,,,,,,,WR100,238.1,0.8,
Taysom Hill,TE,,239.9,,2026-03-11,,,,,,,TE57,240.0,0.1,
Andrei Iosivas,WR,,239.3,,2026-03-11,,,,,,,WR114,239.4,0.1,
Deion Burks,WR,,239.8,,2026-03-11,,,,,,,WR121,239.2,-0.6,
DeMario Douglas,WR,,239.3,,2026-03-11,,,,,,,WR113,239.7,0.4,
Devontez Walker,WR,,239.4,,2026-03-11,,,,,,,WR115,239.7,0.3,
Daylen Baldwin,WR,,239.8,,2026-03-11,,,,,,,WR124,239.8,-0.0,
Darren Waller,TE,,239.8,,2026-03-11,,,,,,,TE50,239.7,-0.1,
Brandon Powell,WR,,239.8,,2026-03-11,,,,,,,WR131,239.8,-0.0,
Ameer Abdullah,RB,,239.8,,2026-03-11,,,,,,,RB91,239.8,-0.0,
Adam Trautman,TE,,239.8,,2026-03-11,,,,,,,TE51,240.0,0.2,
Tyson Bagent,QB,,239.7,,2026-03-11,,,,,,,QB42,239.8,0.1,
Trevor Etienne,RB,,239.7,,2026-03-11,,,,,,,RB89,239.8,0.1,
Tahj Brooks,RB,,239.7,,2026-03-11,,,,,,,RB86,239.8,0.1,
Sione Vaki,RB,,239.7,,2026-03-11,,,,,,,RB86,239.8,0.1,
Michael Trigg,TE,,239.7,,2026-03-11,,,,,,,TE48,239.2,-0.5,
Luke McCaffrey,WR,,239.7,,2026-03-11,,,,,,,WR120,239.5,-0.2,
Luke Altmyer,QB,,239.7,,2026-03-11,,,,,,,QB43,240.0,0.3,
Justice Hill,RB,,239.7,,2026-03-11,,,,,,,RB88,239.7,-0.0,
Jaylin Lane,WR,,239.7,,2026-03-11,,,,,,,WR119,239.7,-0.0,
Greg Dulcich,TE,,239.7,,2026-03-11,,,,,,,TE49,240.0,0.3,
Anthony Miller,WR,,239.7,,2026-03-11,,,,,,,WR120,239.7,-0.0,
Kareem Hunt,RB,,239.6,,2026-03-11,,,,,,,RB84,239.5,-0.1,
Kaelon Black,RB,,239.6,,2026-03-11,,,,,,,RB85,239.8,0.2,
Justin Fields,QB,,239.6,,2026-03-11,,,,,,,QB40,239.7,0.1,
Jonnu Smith,TE,,239.6,,2026-03-11,,,,,,,TE47,239.7,0.1,
Derek Carr,QB,,239.6,,2026-03-11,,,,,,,QB41,238.6,-1.0,
Treylon Burks,WR,,239.5,,2026-03-11,,,,,,,WR118,239.9,0.4,
Cole Kmet,TE,,239.5,,2026-03-11,,,,,,,TE46,239.6,0.1,
Zach Ertz,TE,,239.4,,2026-03-11,,,,,,,TE44,239.4,-0.0,
Michael Mayer,TE,,239.4,,2026-03-11,,,,,,,TE45,239.3,-0.1,
Kendrick Bourne,WR,,239.4,,2026-03-11,,,,,,,WR115,239.9,0.5,
Hollywood Brown,WR,,239.4,,2026-03-11,,,,,,,WR117,239.0,-0.4,
Ja'Tavion Sanders,TE,,239.3,,2026-03-11,,,,,,,TE43,238.7,-0.6,
Trey Knox,TE,,239.9,,2026-03-11,,,,,,,TE56,239.9,-0.0,
Xavier Restrepo,WR,,240.0,,2026-03-11,,,,,,,WR148,240.0,-0.0,
AJ Dillon,RB,,240.0,,2026-03-11,,,,,,,RB113,240.0,-0.0,
Noah Thomas,WR,,240.0,,2026-03-11,,,,,,,WR150,240.0,-0.0,
Moliki Matavao,TE,,240.0,,2026-03-11,,,,,,,TE63,240.0,-0.0,
Mitchell Trubisky,QB,,240.0,,2026-03-11,,,,,,,QB54,240.0,-0.0,
Mitchell Evans,TE,,240.0,,2026-03-11,,,,,,,TE65,240.0,-0.0,
Mitch Tinsley,WR,,240.0,,2026-03-11,,,,,,,WR148,240.0,-0.0,
Max Brosmer,QB,,240.0,,2026-03-11,,,,,,,QB59,240.0,-0.0,
Matt Breida,RB,,240.0,,2026-03-11,,,,,,,RB110,240.0,-0.0,
Malik Knowles,WR,,240.0,,2026-03-11,,,,,,,WR144,240.0,-0.0,
Malachi Corley,WR,,240.0,,2026-03-11,,,,,,,WR152,240.0,-0.0,
Luke Schoonmaker,TE,,240.0,,2026-03-11,,,,,,,TE69,240.0,-0.0,
Luke Musgrave,TE,,240.0,,2026-03-11,,,,,,,TE56,240.0,-0.0,
Luke Lachey,TE,,240.0,,2026-03-11,,,,,,,TE65,240.0,-0.0,
Lil'Jordan Humphrey,WR,,240.0,,2026-03-11,,,,,,,WR165,240.0,-0.0,
Lewis Bond,WR,,240.0,,2026-03-11,,,,,,,WR144,240.0,-0.0,
Lan Larison,RB,,240.0,,2026-03-11,,,,,,,RB116,240.0,-0.0,
Kevin Coleman Jr.,WR,,240.0,,2026-03-11,,,,,,,WR143,239.9,-0.1,
Kendre Miller,RB,,240.0,,2026-03-11,,,,,,,RB106,239.8,-0.2,
Joshua Palmer,WR,,240.0,,2026-03-11,,,,,,,WR158,239.9,-0.1,
Josh Oliver,TE,,240.0,,2026-03-11,,,,,,,TE61,240.0,-0.0,
Josh Cameron,WR,,240.0,,2026-03-11,,,,,,,WR152,240.0,-0.0,
Jordan Whittington,WR,,240.0,,2026-03-11,,,,,,,WR142,240.0,-0.0,
Jordan Watkins,WR,,240.0,,2026-03-11,,,,,,,WR165,240.0,-0.0,
John Michael Gyllenborg,TE,,240.0,,2026-03-11,,,,,,,TE61,240.0,-0.0,
John Metchie III,WR,,240.0,,2026-03-11,,,,,,,WR148,240.0,-0.0,
Joe Milton,QB,,240.0,,2026-03-11,,,,,,,QB57,240.0,-0.0,
Jimmy Garoppolo,QB,,240.0,,2026-03-11,,,,,,,QB52,239.9,-0.1,
Jerome Ford,RB,,240.0,,2026-03-11,,,,,,,RB116,240.0,-0.0,
Noah Whittington,RB,,240.0,,2026-03-11,,,,,,,RB110,240.0,-0.0,
Jeremy McNichols,RB,,240.0,,2026-03-11,,,,,,,RB108,240.0,-0.0,
Oscar Delp,TE,,240.0,,2026-03-11,,,,,,,TE73,239.9,-0.1,
Quinn Ewers,QB,,240.0,,2026-03-11,,,,,,,QB57,240.0,-0.0,
Mac Jones,QB,,237.2,,2026-03-11,,,,,,,QB37,235.4,-1.8,
Zavion Thomas,WR,,240.0,,2026-03-11,,,,,,,WR152,240.0,-0.0,
Zavier Scott,RB,,240.0,,2026-03-11,,,,,,,RB110,240.0,-0.0,
Xavier Smith,WR,,240.0,,2026-03-11,,,,,,,WR152,240.0,-0.0,
Xavier Hutchinson,WR,,240.0,,2026-03-11,,,,,,,WR141,240.0,-0.0,
Will Shipley,RB,,240.0,,2026-03-11,,,,,,,RB110,240.0,-0.0,
Tyrod Taylor,QB,,240.0,,2026-03-11,,,,,,,QB61,240.0,-0.0,
Tyrell Shavers,WR,,240.0,,2026-03-11,,,,,,,WR153,240.0,-0.0,
Tyler Huntley,QB,,240.0,,2026-03-11,,,,,,,QB55,240.0,-0.0,
Tyler Goodson,RB,,240.0,,2026-03-11,,,,,,,RB109,240.0,-0.0,
Tutu Atwell,WR,,240.0,,2026-03-11,,,,,,,WR159,240.0,-0.0,
Tommy Tremble,TE,,240.0,,2026-03-11,,,,,,,TE62,240.0,-0.0,
Tim Patrick,WR,,240.0,,2026-03-11,,,,,,,WR145,240.0,-0.0,
Theo Wease,WR,,240.0,,2026-03-11,,,,,,,WR165,240.0,-0.0,
Terrace Marshall Jr.,WR,,240.0,,2026-03-11,,,,,,,WR144,240.0,-0.0,
Terion Stewart,RB,,240.0,,2026-03-11,,,,,,,RB120,240.0,-0.0,
Tanner McKee,QB,,240.0,,2026-03-11,,,,,,,QB55,240.0,-0.0,
Tanner Koziol,TE,,240.0,,2026-03-11,,,,,,,TE65,240.0,-0.0,
Spencer Rattler,QB,,240.0,,2026-03-11,,,,,,,QB59,240.0,-0.0,
Snoop Conner,RB,,240.0,,2026-03-11,,,,,,,RB106,239.8,-0.2,
Samaje Perine,RB,,240.0,,2026-03-11,,,,,,,RB105,240.0,-0.0,
Roman Wilson,WR,,240.0,,2026-03-11,,,,,,,WR145,239.9,-0.1,
Robert Burns,RB,,240.0,,2026-03-11,,,,,,,RB116,239.8,-0.2,
Reggie Virgil,WR,,240.0,,2026-03-11,,,,,,,WR165,240.0,-0.0,
Rasheen Ali,RB,,240.0,,2026-03-11,,,,,,,RB108,240.0,-0.0,
Rahsul Faison,RB,,240.0,,2026-03-11,,,,,,,RB119,239.9,-0.1,
Raheem Mostert,RB,,240.0,,2026-03-11,,,,,,,RB107,240.0,-0.0,
Phil Mafah,RB,,240.0,,2026-03-11,,,,,,,RB116,239.9,-0.1,
Will Howard,QB,,239.9,,2026-03-11,,,,,,,QB45,240.0,0.1,
Jaydn Ott,RB,,240.0,,2026-03-11,,,,,,,RB116,239.8,-0.2,
Jarrett Stidham,QB,,240.0,,2026-03-11,,,,,,,QB60,240.0,-0.0,
De'Zhaun Stribling,WR,,240.0,,2026-03-11,,,,,,,WR167,239.9,-0.1,
Davis Mills,QB,,240.0,,2026-03-11,,,,,,,QB52,240.0,-0.0,
David Sills,WR,,240.0,,2026-03-11,,,,,,,WR167,240.0,-0.0,
Darius Cooper,WR,,240.0,,2026-03-11,,,,,,,WR141,239.9,-0.1,
Damien Martinez,RB,,240.0,,2026-03-11,,,,,,,RB116,240.0,-0.0,
Dallen Bentley,TE,,240.0,,2026-03-11,,,,,,,TE69,240.0,-0.0,
Dae'Quan Wright,TE,,240.0,,2026-03-11,,,,,,,TE62,240.0,-0.0,
Cole Payton,QB,,240.0,,2026-03-11,,,,,,,QB57,239.9,-0.1,
Colbie Young,WR,,240.0,,2026-03-11,,,,,,,WR141,239.8,-0.2,
Chris Moore,WR,,240.0,,2026-03-11,,,,,,,WR148,240.0,-0.0,
Chase Roberts,WR,,240.0,,2026-03-11,,,,,,,WR152,240.0,-0.0,
Carson Wentz,QB,,240.0,,2026-03-11,,,,,,,QB54,240.0,-0.0,
Cam Akers,RB,,240.0,,2026-03-11,,,,,,,RB111,240.0,-0.0,
Caleb Douglas,WR,,240.0,,2026-03-11,,,,,,,WR152,240.0,-0.0,
Cade Stover,TE,,240.0,,2026-03-11,,,,,,,TE63,239.9,-0.1,
CJ Daniels,WR,,240.0,,2026-03-11,,,,,,,WR152,240.0,-0.0,
Brandin Cooks,WR,,240.0,,2026-03-11,,,,,,,WR152,239.9,-0.1,
Ben Yurosek,TE,,240.0,,2026-03-11,,,,,,,TE59,240.0,-0.0,
Barion Brown,WR,,240.0,,2026-03-11,,,,,,,WR152,239.8,-0.2,
Bam Knight,RB,,240.0,,2026-03-11,,,,,,,RB110,240.0,-0.0,
Antonio Gibson,RB,,240.0,,2026-03-11,,,,,,,RB119,240.0,-0.0,
Anthony Gould,WR,,240.0,,2026-03-11,,,,,,,WR152,240.0,-0.0,
Andy Isabella,WR,,240.0,,2026-03-11,,,,,,,WR145,240.0,-0.0,
Andy Dalton,QB,,240.0,,2026-03-11,,,,,,,QB61,240.0,-0.0,
Andrew Armstrong,WR,,240.0,,2026-03-11,,,,,,,WR165,240.0,-0.0,
Allen Lazard,WR,,240.0,,2026-03-11,,,,,,,WR157,240.0,-0.0,
Aaron Anderson,WR,,240.0,,2026-03-11,,,,,,,WR159,240.0,-0.0,
DeVante Parker,WR,,240.0,,2026-03-11,,,,,,,WR152,239.9,-0.1,
Jawhar Jordan,RB,,240.0,,2026-03-11,,,,,,,RB107,240.0,-0.0,
Dean Conners,RB,,240.0,,2026-03-11,,,,,,,RB111,240.0,-0.0,
Desmond Reid,RB,,240.0,,2026-03-11,,,,,,,RB107,240.0,-0.0,
Jameis Winston,QB,,240.0,,2026-03-11,,,,,,,QB51,239.9,-0.1,
Jalen Tolbert,WR,,240.0,,2026-03-11,,,,,,,WR157,240.0,-0.0,
Jalen Reagor,WR,,240.0,,2026-03-11,,,,,,,WR140,240.0,-0.0,
Jake Browning,QB,,240.0,,2026-03-11,,,,,,,QB61,240.0,-0.0,
Jake Briningstool,TE,,240.0,,2026-03-11,,,,,,,TE65,240.0,-0.0,
Jake Bobo,WR,,240.0,,2026-03-11,,,,,,,WR143,240.0,-0.0,
Jacob Saylors,RB,,240.0,,2026-03-11,,,,,,,RB116,240.0,-0.0,
Jacob Cowing,WR,,240.0,,2026-03-11,,,,,,,WR152,240.0,-0.0,
Jackson Hawes,TE,,240.0,,2026-03-11,,,,,,,TE67,240.0,-0.0,
Jack Endries,TE,,240.0,,2026-03-11,,,,,,,TE66,240.0,-0.0,
Ja'Lynn Polk,WR,,240.0,,2026-03-11,,,,,,,WR144,239.9,-0.1,
J.Michael Sturdivant,WR,,240.0,,2026-03-11,,,,,,,WR153,240.0,-0.0,
J'Mari Taylor,RB,,240.0,,2026-03-11,,,,,,,RB110,239.9,-0.1,
Isaiah Williams,WR,,240.0,,2026-03-11,,,,,,,WR152,240.0,-0.0,
Isaiah Neyor,WR,,240.0,,2026-03-11,,,,,,,WR165,240.0,-0.0,
Isaiah Hodgins,WR,,240.0,,2026-03-11,,,,,,,WR144,240.0,-0.0,
Greg Dortch,WR,,240.0,,2026-03-11,,,,,,,WR157,240.0,-0.0,
Grant Calcaterra,TE,,240.0,,2026-03-11,,,,,,,TE63,240.0,-0.0,
Garrett Nussmeier,QB,,240.0,,2026-03-11,,,,,,,QB52,240.0,-0.0,
Erick All,TE,,240.0,,2026-03-11,,,,,,,TE59,239.9,-0.1,
Eric Rivers,WR,,240.0,,2026-03-11,,,,,,,WR168,240.0,-0.0,
Emari Demercado,RB,,240.0,,2026-03-11,,,,,,,RB119,240.0,-0.0,
Elijah Higgins,TE,,240.0,,2026-03-11,,,,,,,TE60,240.0,-0.0,
Eli Raridon,TE,,240.0,,2026-03-11,,,,,,,TE64,240.0,-0.0,
Drew Lock,QB,,240.0,,2026-03-11,,,,,,,QB59,240.0,-0.0,
Drew Allar,QB,,240.0,,2026-03-11,,,,,,,QB50,240.0,-0.0,
Dillon Bell,WR,,240.0,,2026-03-11,,,,,,,WR152,239.9,-0.1,
Derrick Gore,RB,,240.0,,2026-03-11,,,,,,,RB103,240.0,-0.0,
Adam Randall,RB,,237.1,,2026-03-11,,,,,,,RB77,234.9,-2.2,
Seth Henigan,QB,,239.8,,2026-03-11,,,,,,,QB46,239.8,-0.0,
Evan Engram,TE,,235.9,,2026-03-11,,,,,,,TE36,236.1,0.2,
Patrick Mahomes,QB,,88.3,,2026-03-11,,,,,,,QB12,87.4,-0.9,
Kyle Monangai,RB,,88.3,,2026-03-11,,,,,,,RB31,86.2,-2.1,
Tyler Allgeier,RB,,88.0,,2026-03-11,,,,,,,RB30,97.5,9.5,
Tucker Kraft,TE,,86.5,,2026-03-11,,,,,,,TE6,83.7,-2.8,
Chuba Hubbard,RB,,86.4,,2026-03-11,,,,,,,RB29,90.0,3.6,
Jaxson Dart,QB,,84.7,,2026-03-11,,,,,,,QB11,81.4,-3.3,
Jakobi Meyers,WR,,84.7,,2026-03-11,,,,,,,WR41,85.4,0.7,
Trevor Lawrence,QB,,84.2,,2026-03-11,,,,,,,QB10,82.9,-1.3,
Dak Prescott,QB,,82.9,,2026-03-11,,,,,,,QB9,81.9,-1.0,
Justin Herbert,QB,,81.6,,2026-03-11,,,,,,,QB8,80.3,-1.3,
Ricky Pearsall,WR,,79.1,,2026-03-11,,,,,,,WR40,75.4,-3.7,
Harold Fannin,TE,,79.1,,2026-03-11,,,,,,,TE5,75.5,-3.6,
Rhamondre Stevenson,RB,,78.2,,2026-03-11,,,,,,,RB28,75.1,-3.1,
Michael Wilson,WR,,77.6,,2026-03-11,,,,,,,WR39,75.4,-2.2,
Alec Pierce,WR,,73.9,,2026-03-11,,,,,,,WR38,79.4,5.5,
David Montgomery,RB,,73.1,,2026-03-11,,,,,,,RB27,82.4,9.3,
Parker Washington,WR,,72.9,,2026-03-11,,,,,,,WR37,71.6,-1.3,
Jaylen Warren,RB,,72.9,,2026-03-11,,,,,,,RB26,71.6,-1.3,
DK Metcalf,WR,,71.7,,2026-03-11,,,,,,,WR36,67.1,-4.6,
Tyler Warren,TE,,71.6,,2026-03-11,,,,,,,TE4,69.3,-2.3,
Jalen Hurts,QB,,70.4,,2026-03-11,,,,,,,QB7,69.5,-0.9,
Drake Maye,QB,,70.4,,2026-03-11,,,,,,,QB6,66.9,-3.5,
Caleb Williams,QB,,68.5,,2026-03-11,,,,,,,QB5,68.3,-0.2,
Courtland Sutton,WR,,66.4,,2026-03-11,,,,,,,WR35,62.6,-3.8,
Jordyn Tyson,WR,,66.1,,2026-03-11,,,,,,,WR34,61.7,-4.4,
Joe Burrow,QB,,65.1,,2026-03-11,,,,,,,QB4,64.0,-1.1,
D.J. Moore,WR,,64.6,,2026-03-11,,,,,,,WR33,93.6,29.0,
Michael Pittman Jr.,WR,,91.8,,2026-03-11,,,,,,,WR42,92.4,0.6,
Bhayshul Tuten,RB,,64.6,,2026-03-11,,,,,,,RB25,75.9,11.3,
Quentin Johnston,WR,,93.5,,2026-03-11,,,,,,,WR43,88.2,-5.3,
Tony Pollard,RB,,95.3,,2026-03-11,,,,,,,RB32,90.2,-5.1,
Malik Willis,QB,,122.3,,2026-03-11,,,,,,,QB21,129.8,7.5,
Kyler Murray,QB,,122.1,,2026-03-11,,,,,,,QB20,136.3,14.2,
George Kittle,TE,,120.9,,2026-03-11,,,,,,,TE11,120.4,-0.5,
Denzel Boston,WR,,120.4,,2026-03-11,,,,,,,WR52,110.6,-9.8,
Jonah Coleman,RB,,120.1,,2026-03-11,,,,,,,RB37,115.8,-4.3,
Stefon Diggs,WR,,119.9,,2026-03-11,,,,,,,WR51,97.8,-22.1,
Tyler Shough,QB,,117.5,,2026-03-11,,,,,,,QB19,117.8,0.3,
Jalen Coker,WR,,116.6,,2026-03-11,,,,,,,WR50,118.3,1.7,
Kenneth Gainwell,RB,,116.5,,2026-03-11,,,,,,,RB36,125.0,8.5,
Jauan Jennings,WR,,115.4,,2026-03-11,,,,,,,WR49,112.5,-2.9,
Dalton Kincaid,TE,,112.5,,2026-03-11,,,,,,,TE10,110.5,-2.0,
Baker Mayfield,QB,,110.4,,2026-03-11,,,,,,,QB18,109.9,-0.5,
Jayden Reed,WR,,109.5,,2026-03-11,,,,,,,WR48,113.7,4.2,
Jordan Love,QB,,107.2,,2026-03-11,,,,,,,QB17,106.9,-0.3,
Oronde Gadsden,TE,,106.8,,2026-03-11,,,,,,,TE9,105.4,-1.4,
Jared Goff,QB,,105.0,,2026-03-11,,,,,,,QB16,104.3,-0.7,
Bo Nix,QB,,103.8,,2026-03-11,,,,,,,QB15,102.4,-1.4,
Wan'Dale Robinson,WR,,103.4,,2026-03-11,,,,,,,WR46,110.8,7.4,
Chris Godwin,WR,,103.4,,2026-03-11,,,,,,,WR47,113.2,9.8,
Jadarian Price,RB,,102.5,,2026-03-11,,,,,,,RB35,96.8,-5.7,
Xavier Worthy,WR,,101.7,,2026-03-11,,,,,,,WR45,100.2,-1.5,
Matthew Stafford,QB,,99.6,,2026-03-11,,,,,,,QB14,99.6,-0.0,
Jordan Addison,WR,,97.1,,2026-03-11,,,,,,,WR44,100.1,3.0,
Rico Dowdle,RB,,97.0,,2026-03-11,,,,,,,RB34,102.3,5.3,
Blake Corum,RB,,97.0,,2026-03-11,,,,,,,RB33,97.0,-0.0,
Sam LaPorta,TE,,96.2,,2026-03-11,,,,,,,TE8,94.1,-2.1,
Brock Purdy,QB,,96.1,,2026-03-11,,,,,,,QB13,97.6,1.5,
Kyle Pitts,TE,,93.7,,2026-03-11,,,,,,,TE7,90.1,-3.6,
Khalil Shakir,WR,,122.8,,2026-03-11,,,,,,,WR53,117.0,-5.8,
Marvin Harrison,WR,,63.7,,2026-03-11,,,,,,,WR32,63.5,-0.2,
D'Andre Swift,RB,,61.2,,2026-03-11,,,,,,,RB24,58.9,-2.3,
Bucky Irving,RB,,28.4,,2026-03-11,,,,,,,RB15,27.5,-0.9,
Josh Jacobs,RB,,27.8,,2026-03-11,,,,,,,RB14,27.1,-0.7,
Chris Olave,WR,,27.5,,2026-03-11,,,,,,,WR11,26.4,-1.1,
Nico Collins,WR,,23.9,,2026-03-11,,,,,,,WR10,23.2,-0.7,
George Pickens,WR,,23.7,,2026-03-11,,,,,,,WR9,23.0,-0.7,
Chase Brown,RB,,22.6,,2026-03-11,,,,,,,RB13,22.2,-0.4,
Brock Bowers,TE,,22.1,,2026-03-11,,,,,,,TE2,21.0,-1.1,
Kenneth Walker III,RB,,21.1,,2026-03-11,,,,,,,RB12,29.4,8.3,
Derrick Henry,RB,,20.3,,2026-03-11,,,,,,,RB11,20.5,0.2,
Drake London,WR,,19.1,,2026-03-11,,,,,,,WR8,18.1,-1.0,
Malik Nabers,WR,,18.3,,2026-03-11,,,,,,,WR7,17.6,-0.7,
Trey McBride,TE,,17.6,,2026-03-11,,,,,,,TE1,16.7,-0.9,
Saquon Barkley,RB,,16.5,,2026-03-11,,,,,,,RB10,17.2,0.7,
Jeremiyah Love,RB,,16.1,,2026-03-11,,,,,,,RB9,15.9,-0.2,
Omarion Hampton,RB,,14.8,,2026-03-11,,,,,,,RB8,15.0,0.2,
Justin Jefferson,WR,,12.8,,2026-03-11,,,,,,,WR6,13.2,0.4,
De'Von Achane,RB,,11.6,,2026-03-11,,,,,,,RB7,11.3,-0.3,
Ashton Jeanty,RB,,11.5,,2026-03-11,,,,,,,RB6,12.1,0.6,
James Cook,RB,,10.6,,2026-03-11,,,,,,,RB5,10.5,-0.1,
CeeDee Lamb,WR,,8.6,,2026-03-11,,,,,,,WR4,8.4,-0.2,
Christian McCaffrey,RB,,7.2,,2026-03-11,,,,,,,RB4,7.3,0.1,
Jonathan Taylor,RB,,6.5,,2026-03-11,,,,,,,RB3,6.5,-0.0,
Jaxon Smith-Njigba,WR,,5.3,,2026-03-11,,,,,,,WR3,5.2,-0.1,
Ja'Marr Chase,WR,,3.7,,2026-03-11,,,,,,,WR2,3.7,-0.0,
Puka Nacua,WR,,3.2,,2026-03-11,,,,,,,WR1,3.2,-0.0,
Jahmyr Gibbs,RB,,1.9,,2026-03-11,,,,,,,RB2,1.9,-0.0,
Bijan Robinson,RB,,1.4,,2026-03-11,,,,,,,RB1,1.4,-0.0,
A.J. Brown,WR,,29.8,,2026-03-11,,,,,,,WR12,30.5,0.7,
Jayden Daniels,QB,,62.7,,2026-03-11,,,,,,,QB3,61.5,-1.2,
Josh Allen,QB,,30.5,,2026-03-11,,,,,,,QB1,30.7,0.2,
Tetairoa McMillan,WR,,32.3,,2026-03-11,,,,,,,WR13,30.8,-1.5,
Makai Lemon,WR,,60.9,,2026-03-11,,,,,,,WR31,58.5,-2.4,
Brian Thomas,WR,,59.1,,2026-03-11,,,,,,,WR30,59.5,0.4,
RJ Harvey,RB,,58.7,,2026-03-11,,,,,,,RB23,52.4,-6.3,
Christian Watson,WR,,57.4,,2026-03-11,,,,,,,WR29,56.3,-1.1,
Mike Evans,WR,,56.9,,2026-03-11,,,,,,,WR28,64.4,7.5,
Carnell Tate,WR,,55.0,,2026-03-11,,,,,,,WR27,53.7,-1.3,
Quinshon Judkins,RB,,53.8,,2026-03-11,,,,,,,RB22,53.2,-0.6,
Rome Odunze,WR,,52.3,,2026-03-11,,,,,,,WR26,56.9,4.6,
Cam Skattebo,RB,,52.3,,2026-03-11,,,,,,,RB21,48.1,-4.2,
Jaylen Waddle,WR,,51.1,,2026-03-11,,,,,,,WR25,51.0,-0.1,
Lamar Jackson,QB,,49.6,,2026-03-11,,,,,,,QB2,48.7,-0.9,
TreVeyon Henderson,RB,,47.9,,2026-03-11,,,,,,,RB20,47.5,-0.4,
Terry McLaurin,WR,,47.1,,2026-03-11,,,,,,,WR24,46.0,-1.1,
Davante Adams,WR,,45.3,,2026-03-11,,,,,,,WR23,42.1,-3.2,
Colston Loveland,TE,,43.9,,2026-03-11,,,,,,,TE3,44.2,0.3,
Emeka Egbuka,WR,,43.4,,2026-03-11,,,,,,,WR22,44.8,1.4,
Javonte Williams,RB,,43.2,,2026-03-11,,,,,,,RB19,43.3,0.1,
Jameson Williams,WR,,43.1,,2026-03-11,,,,,,,WR21,40.7,-2.4,
Luther Burden,WR,,42.5,,2026-03-11,,,,,,,WR20,48.9,6.4,
Zay Flowers,WR,,40.9,,2026-03-11,,,,,,,WR19,41.0,0.1,
DeVonta Smith,WR,,40.7,,2026-03-11,,,,,,,WR18,43.1,2.4,
Garrett Wilson,WR,,38.8,,2026-03-11,,,,,,,WR17,38.3,-0.5,
Ladd McConkey,WR,,37.9,,2026-03-11,,,,,,,WR16,37.0,-0.9,
Kyren Williams,RB,,35.1,,2026-03-11,,,,,,,RB18,33.7,-1.4,
Rashee Rice,WR,,33.7,,2026-03-11,,,,,,,WR15,32.7,-1.0,
Tee Higgins,WR,,33.6,,2026-03-11,,,,,,,WR14,33.5,-0.1,
Travis Etienne Jr.,RB,,32.9,,2026-03-11,,,,,,,RB17,36.5,3.6,
Breece Hall,RB,,31.4,,2026-03-11,,,,,,,RB16,30.0,-1.4,
Jordan Mason,RB,,123.1,,2026-03-11,,,,,,,RB38,134.5,11.4,
Amon-Ra St. Brown,WR,,9.0,,2026-03-11,,,,,,,WR5,8.8,-0.2,
Matthew Golden,WR,,124.5,,2026-03-11,,,,,,,WR55,122.1,-2.4,
Tua Tagovailoa,QB,,216.4,,2026-03-11,,,,,,,QB31,235.3,18.9,
Keon Coleman,WR,,214.7,,2026-03-11,,,,,,,WR88,201.5,-13.2,
Jalen Nailor,WR,,213.9,,2026-03-11,,,,,,,WR87,237.7,23.8,
Marvin Mims Jr.,WR,,213.3,,2026-03-11,,,,,,,WR86,208.7,-4.6,
Germie Bernard,WR,,212.8,,2026-03-11,,,,,,,WR85,222.4,9.6,
Najee Harris,RB,,210.6,,2026-03-11,,,,,,,RB63,210.4,-0.2,
Colby Parkinson,TE,,210.6,,2026-03-11,,,,,,,TE32,204.3,-6.3,
Pat Freiermuth,TE,,210.3,,2026-03-11,,,,,,,TE31,222.4,12.1,
Kyle Williams,WR,,210.0,,2026-03-11,,,,,,,WR84,220.7,10.7,
Ja'Kobi Lane,WR,,208.4,,2026-03-11,,,,,,,WR83,210.3,1.9,
Ryan Flournoy,WR,,208.0,,2026-03-11,,,,,,,WR82,211.6,3.6,
Cade Otton,TE,,206.8,,2026-03-11,,,,,,,TE30,214.1,7.3,
Aaron Rodgers,QB,,205.7,,2026-03-11,,,,,,,QB30,214.8,9.1,
Chris Brazzell II,WR,,205.3,,2026-03-11,,,,,,,WR81,207.1,1.8,
Elic Ayomanor,WR,,202.5,,2026-03-11,,,,,,,WR80,198.4,-4.1,
Ray Davis,RB,,201.5,,2026-03-11,,,,,,,RB62,202.4,0.9,
Mason Taylor,TE,,200.9,,2026-03-11,,,,,,,TE29,205.8,4.9,
Gunnar Helm,TE,,199.6,,2026-03-11,,,,,,,TE28,201.4,1.8,
Zachariah Branch,WR,,199.3,,2026-03-11,,,,,,,WR79,196.7,-2.6,
Nicholas Singleton,RB,,195.6,,2026-03-11,,,,,,,RB61,194.3,-1.3,
Tory Horton,WR,,194.7,,2026-03-11,,,,,,,WR78,194.0,-0.7,
Keaton Mitchell,RB,,194.0,,2026-03-11,,,,,,,RB60,198.8,4.8,
Terrance Ferguson,TE,,192.2,,2026-03-11,,,,,,,TE27,184.4,-7.8,
Elijah Sarratt,WR,,191.8,,2026-03-11,,,,,,,WR77,183.3,-8.5,
Theo Johnson,TE,,188.8,,2026-03-11,,,,,,,TE26,174.3,-14.5,
Tre Tucker,WR,,187.9,,2026-03-11,,,,,,,WR76,185.9,-2.0,
Tank Bigsby,RB,,187.4,,2026-03-11,,,,,,,RB59,190.2,2.8,
Kaleb Johnson,RB,,217.5,,2026-03-11,,,,,,,RB64,214.1,-3.4,
T.J. Hockenson,TE,,185.9,,2026-03-11,,,,,,,TE25,189.6,3.7,
Demond Claiborne,RB,,220.4,,2026-03-11,,,,,,,RB65,216.2,-4.2,
Joe Mixon,RB,,222.2,,2026-03-11,,,,,,,RB66,199.7,-22.5,
KC Concepcion,WR,,124.4,,2026-03-11,,,,,,,WR54,122.9,-1.5,
Jordan James,RB,,234.9,,2026-03-11,,,,,,,RB76,233.8,-1.1,
Rashod Bateman,WR,,233.9,,2026-03-11,,,,,,,WR98,232.3,-1.6,
Ty Simpson,QB,,233.8,,2026-03-11,,,,,,,QB36,229.3,-4.5,
Chris Rodriguez,RB,,233.8,,2026-03-11,,,,,,,RB75,235.2,1.4,
Tez Johnson,WR,,233.5,,2026-03-11,,,,,,,WR96,237.0,3.5,
Mike Gesicki,TE,,232.9,,2026-03-11,,,,,,,TE35,235.8,2.9,
Kirk Cousins,QB,,232.3,,2026-03-11,,,,,,,QB35,226.2,-6.1,
Ted Hurst,WR,,232.2,,2026-03-11,,,,,,,WR95,234.8,2.6,
George Holani,RB,,232.0,,2026-03-11,,,,,,,RB74,238.7,6.7,
Jaylin Noel,WR,,231.5,,2026-03-11,,,,,,,WR94,231.2,-0.3,
LeQuint Allen,RB,,229.8,,2026-03-11,,,,,,,RB73,237.5,7.7,
Brashard Smith,RB,,229.3,,2026-03-11,,,,,,,RB72,221.4,-7.9,
Devin Neal,RB,,228.9,,2026-03-11,,,,,,,RB71,224.3,-4.6,
Chig Okonkwo,TE,,228.5,,2026-03-11,,,,,,,TE34,230.4,1.9,
Keenan Allen,WR,,228.0,,2026-03-11,,,,,,,WR93,227.0,-1.0,
Devaughn Vele,WR,,227.8,,2026-03-11,,,,,,,WR92,227.8,-0.0,
Ollie Gordon,RB,,227.7,,2026-03-11,,,,,,,RB70,230.9,3.2,
Jaydon Blue,RB,,227.3,,2026-03-11,,,,,,,RB69,229.6,2.3,
Jake Tonges,TE,,226.4,,2026-03-11,,,,,,,TE33,223.2,-3.2,
Isiah Pacheco,RB,,225.6,,2026-03-11,,,,,,,RB68,235.5,9.9,
Darnell Mooney,WR,,225.5,,2026-03-11,,,,,,,WR91,218.0,-7.5,
Emanuel Wilson,RB,,224.1,,2026-03-11,,,,,,,RB67,212.0,-12.1,
Shedeur Sanders,QB,,223.7,,2026-03-11,,,,,,,QB34,211.2,-12.5,
Malik Washington,WR,,223.6,,2026-03-11,,,,,,,WR90,222.8,-0.8,
Cooper Kupp,WR,,222.9,,2026-03-11,,,,,,,WR89,220.0,-2.9,
Geno Smith,QB,,222.7,,2026-03-11,,,,,,,QB33,234.7,12.0,
J.J. McCarthy,QB,,220.7,,2026-03-11,,,,,,,QB32,204.6,-16.1,
Brian Robinson,RB,,185.7,,2026-03-11,,,,,,,RB58,187.5,1.8,
Chris Bell,WR,,233.8,,2026-03-11,,,,,,,WR97,232.2,-1.6,
Isaac TeSlaa,WR,,183.2,,2026-03-11,,,,,,,WR75,185.4,2.2,
Emmett Johnson,RB,,150.0,,2026-03-11,,,,,,,RB47,138.6,-11.4,
Mark Andrews,TE,,149.9,,2026-03-11,,,,,,,TE17,151.7,1.8,
Jalen McMillan,WR,,149.4,,2026-03-11,,,,,,,WR62,154.8,5.4,
Brandon Aiyuk,WR,,149.3,,2026-03-11,,,,,,,WR61,145.7,-3.6,
Rachaad White,RB,,148.3,,2026-03-11,,,,,,,RB46,155.6,7.3,
Juwan Johnson,TE,,147.6,,2026-03-11,,,,,,,TE16,147.0,-0.6,
Trey Benson,RB,,145.5,,2026-03-11,,,,,,,RB45,133.7,-11.8,
Mike Washington Jr.,RB,,145.1,,2026-03-11,,,,,,,RB44,160.6,15.5,
Woody Marks,RB,,144.5,,2026-03-11,,,,,,,RB43,131.2,-13.3,
Cam Ward,QB,,144.5,,2026-03-11,,,,,,,QB26,146.2,1.7,
Dallas Goedert,TE,,144.4,,2026-03-11,,,,,,,TE15,136.5,-7.9,
James Conner,RB,,143.2,,2026-03-11,,,,,,,RB42,145.4,2.2,
Bryce Young,QB,,142.6,,2026-03-11,,,,,,,QB25,142.2,-0.4,
Josh Downs,WR,,141.5,,2026-03-11,,,,,,,WR60,151.7,10.2,
Fernando Mendoza,QB,,139.7,,2026-03-11,,,,,,,QB24,135.5,-4.2,
Rashid Shaheed,WR,,138.2,,2026-03-11,,,,,,,WR59,141.0,2.8,
Brenton Strange,TE,,138.1,,2026-03-11,,,,,,,TE14,138.6,0.5,
Deebo Samuel,WR,,136.1,,2026-03-11,,,,,,,WR58,130.3,-5.8,
Tyrone Tracy,RB,,135.4,,2026-03-11,,,,,,,RB41,133.3,-2.1,
C.J. Stroud,QB,,134.4,,2026-03-11,,,,,,,QB23,137.3,2.9,
Jacory Croskey-Merritt,RB,,130.0,,2026-03-11,,,,,,,RB40,124.1,-5.9,
Kenyon Sadiq,TE,,129.0,,2026-03-11,,,,,,,TE13,129.0,-0.0,
Sam Darnold,QB,,128.0,,2026-03-11,,,,,,,QB22,125.3,-2.7,
Romeo Doubs,WR,,126.7,,2026-03-11,,,,,,,WR57,137.0,10.3,
Jayden Higgins,WR,,126.6,,2026-03-11,,,,,,,WR56,125.6,-1.0,
Kaytron Allen,RB,,183.9,,2026-03-11,,,,,,,RB57,178.3,-5.6,
Jake Ferguson,TE,,126.1,,2026-03-11,,,,,,,TE12,127.2,1.1,
Travis Hunter,WR,,150.7,,2026-03-11,,,,,,,WR63,148.3,-2.4,
Travis Kelce,TE,,152.1,,2026-03-11,,,,,,,TE18,161.7,9.6,
J.K. Dobbins,RB,,127.0,,2026-03-11,,,,,,,RB39,135.9,8.9,
Zach Charbonnet,RB,,154.9,,2026-03-11,,,,,,,RB48,160.4,5.5,
Daniel Jones,QB,,153.1,,2026-03-11,,,,,,,QB27,154.1,1.0,
Braelon Allen,RB,,181.8,,2026-03-11,,,,,,,RB55,173.4,-8.4,
Adonai Mitchell,WR,,180.8,,2026-03-11,,,,,,,WR74,181.0,0.2,
Michael Penix,QB,,180.1,,2026-03-11,,,,,,,QB29,171.5,-8.6,
Dalton Schultz,TE,,179.9,,2026-03-11,,,,,,,TE23,186.7,6.8,
Jacoby Brissett,QB,,179.7,,2026-03-11,,,,,,,QB28,191.8,12.1,
Tre' Harris,WR,,178.0,,2026-03-11,,,,,,,WR73,179.4,1.4,
Dylan Sampson,RB,,183.2,,2026-03-11,,,,,,,RB56,183.1,-0.1,
Tank Dell,WR,,177.7,,2026-03-11,,,,,,,WR72,176.0,-1.7,
Calvin Ridley,WR,,177.5,,2026-03-11,,,,,,,WR71,171.7,-5.8,
Dontayvion Wicks,WR,,236.4,,2026-03-11,,,,,,,WR99,238.5,2.1,
David Njoku,TE,,176.2,,2026-03-11,,,,,,,TE22,178.3,2.1,
Chimere Dike,WR,,174.8,,2026-03-11,,,,,,,WR70,174.1,-0.7,
Aaron Jones,RB,,172.9,,2026-03-11,,,,,,,RB54,168.7,-4.2,
Eli Stowers,TE,,182.5,,2026-03-11,,,,,,,TE24,192.7,10.2,
Kimani Vidal,RB,,168.8,,2026-03-11,,,,,,,RB53,176.6,7.8,
AJ Barner,TE,,169.4,,2026-03-11,,,,,,,TE21,168.8,-0.6,
Tyreek Hill,WR,,156.7,,2026-03-11,,,,,,,WR65,149.3,-7.4,
Hunter Henry,TE,,159.1,,2026-03-11,,,,,,,TE19,157.4,-1.7,
Isaiah Likely,TE,,159.3,,2026-03-11,,,,,,,TE20,172.0,12.7,
Kayshon Boutte,WR,,160.9,,2026-03-11,,,,,,,WR66,158.9,-2.0,
Jonathon Brooks,RB,,157.3,,2026-03-11,,,,,,,RB49,161.4,4.1,
Jerry Jeudy,WR,,163.4,,2026-03-11,,,,,,,WR67,161.0,-2.4,
Sean Tucker,RB,,167.4,,2026-03-11,,,,,,,RB52,165.9,-1.5,
Alvin Kamara,RB,,161.6,,2026-03-11,,,,,,,RB50,149.3,-12.3,
Troy Franklin,WR,,167.0,,2026-03-11,,,,,,,WR69,165.1,-1.9,
Omar Cooper Jr.,WR,,156.3,,2026-03-11,,,,,,,WR64,164.3,8.0,
Pat Bryant,WR,,163.7,,2026-03-11,,,,,,,WR68,159.9,-3.8,
Tyjae Spears,RB,,163.4,,2026-03-11,,,,,,,RB51,159.6,-3.8,
Kareem Hunt,RB,,239.8,,2026-03-18,,,,,,,RB91,239.6,-0.2,
Andre Roberts,WR,,239.9,,2026-03-18,,,,,,,WR131,239.9,-0.0,
Audric Estime,RB,,239.9,,2026-03-18,,,,,,,RB102,239.9,-0.0,
Samaje Perine,RB,,239.8,,2026-03-18,,,,,,,RB92,240.0,0.2,
Russell Wilson,QB,,239.8,,2026-03-18,,,,,,,QB43,239.8,-0.0,
Michael Trigg,TE,,239.8,,2026-03-18,,,,,,,TE47,239.7,-0.1,
Malik Davis,RB,,239.8,,2026-03-18,,,,,,,RB93,239.8,-0.0,
Luke McCaffrey,WR,,239.8,,2026-03-18,,,,,,,WR126,239.7,-0.1,
Le'Veon Moss,RB,,239.8,,2026-03-18,,,,,,,RB95,239.9,0.1,
Ashton Dulin,WR,,239.9,,2026-03-18,,,,,,,WR137,240.0,0.1,
Tahj Brooks,RB,,239.8,,2026-03-18,,,,,,,RB94,239.7,-0.1,
Charlie Kolar,TE,,239.8,,2026-03-18,,,,,,,TE48,239.9,0.1,
John Metchie III,WR,,239.8,,2026-03-18,,,,,,,WR124,240.0,0.2,
Jameis Winston,QB,,239.8,,2026-03-18,,,,,,,QB41,240.0,0.2,
Isaiah Davis,RB,,239.8,,2026-03-18,,,,,,,RB90,239.9,0.1,
Hayden Hurst,TE,,239.8,,2026-03-18,,,,,,,TE47,239.8,-0.0,
Devontez Walker,WR,,239.8,,2026-03-18,,,,,,,WR123,239.4,-0.4,
Brenen Thompson,WR,,239.8,,2026-03-18,,,,,,,WR125,239.9,0.1,
Ameer Abdullah,RB,,239.8,,2026-03-18,,,,,,,RB92,239.8,-0.0,
Tyler Higbee,TE,,239.7,,2026-03-18,,,,,,,TE46,238.9,-0.8,
Sam Roush,TE,,239.7,,2026-03-18,,,,,,,TE45,239.9,0.2,
Kalif Raymond,WR,,239.7,,2026-03-18,,,,,,,WR121,239.9,0.2,
Ben Sinnott,TE,,239.9,,2026-03-18,,,,,,,TE54,238.5,-1.4,
Jaylin Lane,WR,,239.7,,2026-03-18,,,,,,,WR122,239.7,-0.0,
Jonnu Smith,TE,,239.8,,2026-03-18,,,,,,,TE48,239.6,-0.2,
Kaelon Black,RB,,239.7,,2026-03-18,,,,,,,RB88,239.6,-0.1,
Ja'Lynn Polk,WR,,239.9,,2026-03-18,,,,,,,WR130,240.0,0.1,
Daniel Bellinger,TE,,239.9,,2026-03-18,,,,,,,TE55,239.9,-0.0,
Noah Gray,TE,,239.9,,2026-03-18,,,,,,,TE50,239.9,-0.0,
Noah Fant,TE,,239.9,,2026-03-18,,,,,,,TE51,239.8,-0.1,
Isaac Guerendo,RB,,239.7,,2026-03-18,,,,,,,RB89,239.8,0.1,
Marcus Mariota,QB,,239.9,,2026-03-18,,,,,,,QB45,239.8,-0.1,
Mac Dalena,WR,,239.9,,2026-03-18,,,,,,,WR127,239.9,-0.0,
Lynn Bowden,WR,,239.9,,2026-03-18,,,,,,,WR127,239.9,-0.0,
KeAndre Lambert-Smith,WR,,239.9,,2026-03-18,,,,,,,WR127,239.8,-0.1,
KaVontae Turpin,WR,,239.9,,2026-03-18,,,,,,,WR135,239.9,-0.0,
Justin Joly,TE,,239.9,,2026-03-18,,,,,,,TE56,239.9,-0.0,
Jordan Watkins,WR,,239.9,,2026-03-18,,,,,,,WR130,240.0,0.1,
Jaydn Ott,RB,,239.9,,2026-03-18,,,,,,,RB96,240.0,0.1,
Jase McClellan,RB,,239.9,,2026-03-18,,,,,,,RB102,239.9,-0.0,
Blake Watson,RB,,239.9,,2026-03-18,,,,,,,RB97,239.9,-0.0,
Jarquez Hunter,RB,,239.9,,2026-03-18,,,,,,,RB101,239.9,-0.0,
Jalen Reagor,WR,,239.9,,2026-03-18,,,,,,,WR135,240.0,0.1,
J'Mari Taylor,RB,,239.9,,2026-03-18,,,,,,,RB96,240.0,0.1,
Erick All,TE,,239.9,,2026-03-18,,,,,,,TE53,240.0,0.1,
Eric McAlister,WR,,239.9,,2026-03-18,,,,,,,WR132,239.9,-0.0,
Dyami Brown,WR,,239.9,,2026-03-18,,,,,,,WR132,240.0,0.1,
Drew Allar,QB,,239.9,,2026-03-18,,,,,,,QB44,240.0,0.1,
Dont'e Thornton,WR,,239.9,,2026-03-18,,,,,,,WR127,239.9,-0.0,
Devin Singletary,RB,,239.9,,2026-03-18,,,,,,,RB100,239.9,-0.0,
Derek Carr,QB,,239.9,,2026-03-18,,,,,,,QB43,239.6,-0.3,
Demarcus Robinson,WR,,239.9,,2026-03-18,,,,,,,WR129,239.9,-0.0,
Deion Burks,WR,,239.9,,2026-03-18,,,,,,,WR136,239.8,-0.1,
Darren Waller,TE,,239.9,,2026-03-18,,,,,,,TE57,239.8,-0.1,
Jalen Royals,WR,,239.9,,2026-03-18,,,,,,,WR132,239.9,-0.0,
Cole Kmet,TE,,239.6,,2026-03-18,,,,,,,TE44,239.5,-0.1,
Jaylen Wright,RB,,238.4,,2026-03-18,,,,,,,RB80,238.6,0.2,
Michael Mayer,TE,,239.5,,2026-03-18,,,,,,,TE42,239.4,-0.1,
Darnell Washington,TE,,238.3,,2026-03-18,,,,,,,TE38,238.5,0.2,
Brashard Smith,RB,,238.3,,2026-03-18,,,,,,,RB78,229.3,-9.0,
Mack Hollins,WR,,237.8,,2026-03-18,,,,,,,WR105,237.5,-0.3,
Kirk Cousins,QB,,237.8,,2026-03-18,,,,,,,QB37,232.3,-5.5,
Chris Bell,WR,,237.6,,2026-03-18,,,,,,,WR104,233.8,-3.8,
Hollywood Brown,WR,,237.5,,2026-03-18,,,,,,,WR103,239.4,1.9,
Greg Dulcich,TE,,237.5,,2026-03-18,,,,,,,TE37,239.7,2.2,
Kaleb Johnson,RB,,237.2,,2026-03-18,,,,,,,RB77,217.5,-19.7,
J.J. McCarthy,QB,,236.9,,2026-03-18,,,,,,,QB36,220.7,-16.2,
Jahan Dotson,WR,,236.6,,2026-03-18,,,,,,,WR102,237.8,1.2,
Tyquan Thornton,WR,,235.9,,2026-03-18,,,,,,,WR101,238.9,3.0,
Justice Hill,RB,,235.9,,2026-03-18,,,,,,,RB75,239.7,3.8,
Jordan James,RB,,235.9,,2026-03-18,,,,,,,RB76,234.9,-1.0,
Darius Slayton,WR,,235.6,,2026-03-18,,,,,,,WR100,237.3,1.7,
Evan Engram,TE,,235.4,,2026-03-18,,,,,,,TE36,235.9,0.5,
Emari Demercado,RB,,235.4,,2026-03-18,,,,,,,RB74,240.0,4.6,
Adam Randall,RB,,235.4,,2026-03-18,,,,,,,RB73,237.1,1.7,
Ted Hurst,WR,,235.0,,2026-03-18,,,,,,,WR99,232.2,-2.8,
Joe Mixon,RB,,234.9,,2026-03-18,,,,,,,RB72,222.2,-12.7,
Justin Fields,QB,,234.5,,2026-03-18,,,,,,,QB35,239.6,5.1,
Keenan Allen,WR,,234.1,,2026-03-18,,,,,,,WR98,228.0,-6.1,
Ty Simpson,QB,,233.9,,2026-03-18,,,,,,,QB34,233.8,-0.1,
Rashod Bateman,WR,,233.7,,2026-03-18,,,,,,,WR97,233.9,0.2,
Rasheen Ali,RB,,239.9,,2026-03-18,,,,,,,RB99,240.0,0.1,
Dontayvion Wicks,WR,,233.6,,2026-03-18,,,,,,,WR96,236.4,2.8,
Jerome Ford,RB,,238.3,,2026-03-18,,,,,,,RB79,240.0,1.7,
Treylon Burks,WR,,239.5,,2026-03-18,,,,,,,WR119,239.5,-0.0,
Deshaun Watson,QB,,238.4,,2026-03-18,,,,,,,QB39,238.4,-0.0,
Mac Jones,QB,,238.4,,2026-03-18,,,,,,,QB38,237.2,-1.2,
Ja'Tavion Sanders,TE,,239.5,,2026-03-18,,,,,,,TE43,239.3,-0.2,
DeMario Douglas,WR,,239.5,,2026-03-18,,,,,,,WR120,239.3,-0.2,
Trevor Etienne,RB,,239.4,,2026-03-18,,,,,,,RB87,239.7,0.3,
Bryce Lance,WR,,239.4,,2026-03-18,,,,,,,WR118,238.6,-0.8,
Ty Johnson,RB,,239.3,,2026-03-18,,,,,,,RB86,238.9,-0.4,
Tutu Atwell,WR,,239.3,,2026-03-18,,,,,,,WR116,240.0,0.7,
Skyler Bell,WR,,239.3,,2026-03-18,,,,,,,WR115,239.0,-0.3,
Max Klare,TE,,239.3,,2026-03-18,,,,,,,TE41,238.4,-0.9,
Andrei Iosivas,WR,,239.3,,2026-03-18,,,,,,,WR117,239.3,-0.0,
Xavier Legette,WR,,239.2,,2026-03-18,,,,,,,WR114,239.0,-0.2,
Seth McGowan,RB,,239.2,,2026-03-18,,,,,,,RB85,238.5,-0.7,
Antonio Williams,WR,,239.2,,2026-03-18,,,,,,,WR113,238.9,-0.3,
Anthony Richardson,QB,,239.2,,2026-03-18,,,,,,,QB40,237.8,-1.4,
MarShawn Lloyd,RB,,239.1,,2026-03-18,,,,,,,RB84,238.8,-0.3,
Elijah Arroyo,TE,,239.1,,2026-03-18,,,,,,,TE40,239.0,-0.1,
Dawson Knox,TE,,239.0,,2026-03-18,,,,,,,TE39,239.1,0.1,
Calvin Austin III,WR,,239.0,,2026-03-18,,,,,,,WR112,239.9,0.9,
Olamide Zaccheaus,WR,,238.9,,2026-03-18,,,,,,,WR111,239.0,0.1,
Malachi Fields,WR,,238.9,,2026-03-18,,,,,,,WR110,237.8,-1.1,
Devin Neal,RB,,238.9,,2026-03-18,,,,,,,RB83,228.9,-10.0,
Isaiah Bond,WR,,238.8,,2026-03-18,,,,,,,WR109,238.4,-0.4,
Chris Brooks,RB,,238.7,,2026-03-18,,,,,,,RB82,238.9,0.2,
Kendrick Bourne,WR,,238.6,,2026-03-18,,,,,,,WR107,239.4,0.8,
Jalen Tolbert,WR,,238.6,,2026-03-18,,,,,,,WR107,239.8,1.2,
DJ Giddens,RB,,238.5,,2026-03-18,,,,,,,RB81,238.5,-0.0,
Jack Bech,WR,,238.4,,2026-03-18,,,,,,,WR106,237.6,-0.8,
Roman Hemby,RB,,239.9,,2026-03-18,,,,,,,RB98,239.8,-0.1,
Jimmy Horn,WR,,240.0,,2026-03-18,,,,,,,WR156,239.9,-0.1,
Sione Vaki,RB,,239.9,,2026-03-18,,,,,,,RB103,239.7,-0.2,
Nathan Carter,RB,,240.0,,2026-03-18,,,,,,,RB116,240.0,-0.0,
Mo Alie-Cox,TE,,240.0,,2026-03-18,,,,,,,TE64,240.0,-0.0,
Mitchell Evans,TE,,240.0,,2026-03-18,,,,,,,TE60,240.0,-0.0,
Mitch Tinsley,WR,,240.0,,2026-03-18,,,,,,,WR153,240.0,-0.0,
Matt Breida,RB,,240.0,,2026-03-18,,,,,,,RB106,240.0,-0.0,
Mason Rudolph,QB,,240.0,,2026-03-18,,,,,,,QB57,240.0,-0.0,
Marlin Klein,TE,,240.0,,2026-03-18,,,,,,,TE70,240.0,-0.0,
Malik Knowles,WR,,240.0,,2026-03-18,,,,,,,WR144,240.0,-0.0,
Malachi Corley,WR,,240.0,,2026-03-18,,,,,,,WR146,240.0,-0.0,
Luke Musgrave,TE,,240.0,,2026-03-18,,,,,,,TE66,240.0,-0.0,
Luke Lachey,TE,,240.0,,2026-03-18,,,,,,,TE66,240.0,-0.0,
Lil'Jordan Humphrey,WR,,240.0,,2026-03-18,,,,,,,WR159,240.0,-0.0,
Lan Larison,RB,,240.0,,2026-03-18,,,,,,,RB110,240.0,-0.0,
Konata Mumpfield,WR,,240.0,,2026-03-18,,,,,,,WR146,239.9,-0.1,
Kevin Coleman Jr.,WR,,240.0,,2026-03-18,,,,,,,WR146,240.0,-0.0,
Kenny McIntosh,RB,,240.0,,2026-03-18,,,,,,,RB116,240.0,-0.0,
Kendre Miller,RB,,240.0,,2026-03-18,,,,,,,RB104,240.0,-0.0,
Kalel Mullings,RB,,240.0,,2026-03-18,,,,,,,RB110,239.8,-0.2,
Joshua Palmer,WR,,240.0,,2026-03-18,,,,,,,WR140,240.0,-0.0,
Josh Oliver,TE,,240.0,,2026-03-18,,,,,,,TE62,240.0,-0.0,
Josh Cameron,WR,,240.0,,2026-03-18,,,,,,,WR143,240.0,-0.0,
Jordan Whittington,WR,,240.0,,2026-03-18,,,,,,,WR159,240.0,-0.0,
John Michael Gyllenborg,TE,,240.0,,2026-03-18,,,,,,,TE64,240.0,-0.0,
Joe Milton,QB,,240.0,,2026-03-18,,,,,,,QB57,240.0,-0.0,
Joe Flacco,QB,,240.0,,2026-03-18,,,,,,,QB47,239.9,-0.1,
Nick Chubb,RB,,240.0,,2026-03-18,,,,,,,RB108,239.9,-0.1,
Jimmy Garoppolo,QB,,240.0,,2026-03-18,,,,,,,QB53,240.0,-0.0,
Noah Whittington,RB,,240.0,,2026-03-18,,,,,,,RB110,240.0,-0.0,
Quinn Ewers,QB,,240.0,,2026-03-18,,,,,,,QB57,240.0,-0.0,
Jaylin Noel,WR,,232.4,,2026-03-18,,,,,,,WR95,231.5,-0.9,
Zavion Thomas,WR,,240.0,,2026-03-18,,,,,,,WR142,240.0,-0.0,
Zavier Scott,RB,,240.0,,2026-03-18,,,,,,,RB112,240.0,-0.0,
Xavier Smith,WR,,240.0,,2026-03-18,,,,,,,WR152,240.0,-0.0,
Xavier Restrepo,WR,,240.0,,2026-03-18,,,,,,,WR151,240.0,-0.0,
Xavier Hutchinson,WR,,240.0,,2026-03-18,,,,,,,WR145,240.0,-0.0,
Will Shipley,RB,,240.0,,2026-03-18,,,,,,,RB104,240.0,-0.0,
Van Jefferson,WR,,240.0,,2026-03-18,,,,,,,WR139,240.0,-0.0,
Tyson Bagent,QB,,240.0,,2026-03-18,,,,,,,QB49,239.7,-0.3,
Tyrell Shavers,WR,,240.0,,2026-03-18,,,,,,,WR152,240.0,-0.0,
Tyler Huntley,QB,,240.0,,2026-03-18,,,,,,,QB54,240.0,-0.0,
Theo Wease,WR,,240.0,,2026-03-18,,,,,,,WR165,240.0,-0.0,
Terrace Marshall Jr.,WR,,240.0,,2026-03-18,,,,,,,WR144,240.0,-0.0,
Taysom Hill,TE,,240.0,,2026-03-18,,,,,,,TE62,239.9,-0.1,
Tanner McKee,QB,,240.0,,2026-03-18,,,,,,,QB55,240.0,-0.0,
Tanner Koziol,TE,,240.0,,2026-03-18,,,,,,,TE60,240.0,-0.0,
Spencer Rattler,QB,,240.0,,2026-03-18,,,,,,,QB56,240.0,-0.0,
Snoop Conner,RB,,240.0,,2026-03-18,,,,,,,RB106,240.0,-0.0,
Skyy Moore,WR,,240.0,,2026-03-18,,,,,,,WR147,240.0,-0.0,
Sean Clifford,QB,,240.0,,2026-03-18,,,,,,,QB57,240.0,-0.0,
Roman Wilson,WR,,240.0,,2026-03-18,,,,,,,WR146,240.0,-0.0,
Riley Leonard,QB,,240.0,,2026-03-18,,,,,,,QB49,239.9,-0.1,
Reggie Virgil,WR,,240.0,,2026-03-18,,,,,,,WR151,240.0,-0.0,
Rahsul Faison,RB,,240.0,,2026-03-18,,,,,,,RB112,240.0,-0.0,
Raheim Sanders,RB,,240.0,,2026-03-18,,,,,,,RB109,240.0,-0.0,
Phil Mafah,RB,,240.0,,2026-03-18,,,,,,,RB112,240.0,-0.0,
Jeremy McNichols,RB,,240.0,,2026-03-18,,,,,,,RB110,240.0,-0.0,
Jawhar Jordan,RB,,240.0,,2026-03-18,,,,,,,RB112,240.0,-0.0,
Jarrett Stidham,QB,,240.0,,2026-03-18,,,,,,,QB54,240.0,-0.0,
Cedric Tillman,WR,,240.0,,2026-03-18,,,,,,,WR146,239.9,-0.1,
Carson Wentz,QB,,240.0,,2026-03-18,,,,,,,QB54,240.0,-0.0,
Carson Beck,QB,,240.0,,2026-03-18,,,,,,,QB53,239.9,-0.1,
Cam Akers,RB,,240.0,,2026-03-18,,,,,,,RB104,240.0,-0.0,
Caleb Douglas,WR,,240.0,,2026-03-18,,,,,,,WR144,240.0,-0.0,
Cade Stover,TE,,240.0,,2026-03-18,,,,,,,TE66,240.0,-0.0,
CJ Daniels,WR,,240.0,,2026-03-18,,,,,,,WR151,240.0,-0.0,
Brock Wright,TE,,240.0,,2026-03-18,,,,,,,TE62,240.0,-0.0,
Brevyn Spann-Ford,TE,,240.0,,2026-03-18,,,,,,,TE59,240.0,-0.0,
Brandin Cooks,WR,,240.0,,2026-03-18,,,,,,,WR153,240.0,-0.0,
Ben Skowronek,WR,,240.0,,2026-03-18,,,,,,,WR153,240.0,-0.0,
Barion Brown,WR,,240.0,,2026-03-18,,,,,,,WR152,240.0,-0.0,
Austin Hooper,TE,,240.0,,2026-03-18,,,,,,,TE66,240.0,-0.0,
Austin Ekeler,RB,,240.0,,2026-03-18,,,,,,,RB116,239.9,-0.1,
Arian Smith,WR,,240.0,,2026-03-18,,,,,,,WR142,240.0,-0.0,
Antonio Gibson,RB,,240.0,,2026-03-18,,,,,,,RB114,240.0,-0.0,
Anthony Gould,WR,,240.0,,2026-03-18,,,,,,,WR151,240.0,-0.0,
Andrew Armstrong,WR,,240.0,,2026-03-18,,,,,,,WR163,240.0,-0.0,
Adam Trautman,TE,,240.0,,2026-03-18,,,,,,,TE62,239.8,-0.2,
Zach Ertz,TE,,239.9,,2026-03-18,,,,,,,TE52,239.4,-0.5,
Will Howard,QB,,239.9,,2026-03-18,,,,,,,QB45,239.9,-0.0,
Tyler Conklin,TE,,239.9,,2026-03-18,,,,,,,TE57,240.0,0.1,
Tommy Tremble,TE,,239.9,,2026-03-18,,,,,,,TE57,239.9,-0.0,
Taylen Green,QB,,239.9,,2026-03-18,,,,,,,QB42,239.8,-0.1,
Tai Felton,WR,,239.9,,2026-03-18,,,,,,,WR136,239.8,-0.1,
Chase Claypool,WR,,240.0,,2026-03-18,,,,,,,WR140,240.0,-0.0,
Chase Roberts,WR,,240.0,,2026-03-18,,,,,,,WR147,240.0,-0.0,
Chris Moore,WR,,240.0,,2026-03-18,,,,,,,WR148,240.0,-0.0,
Colbie Young,WR,,240.0,,2026-03-18,,,,,,,WR143,240.0,-0.0,
Jam Miller,RB,,240.0,,2026-03-18,,,,,,,RB108,239.9,-0.1,
Jalen Milroe,QB,,240.0,,2026-03-18,,,,,,,QB51,239.9,-0.1,
Jaleel McLaughlin,RB,,240.0,,2026-03-18,,,,,,,RB104,240.0,-0.0,
Jacob Cowing,WR,,240.0,,2026-03-18,,,,,,,WR146,240.0,-0.0,
Isaiah Williams,WR,,240.0,,2026-03-18,,,,,,,WR153,240.0,-0.0,
Isaiah Neyor,WR,,240.0,,2026-03-18,,,,,,,WR163,240.0,-0.0,
Isaiah Hodgins,WR,,240.0,,2026-03-18,,,,,,,WR159,240.0,-0.0,
Grant Calcaterra,TE,,240.0,,2026-03-18,,,,,,,TE62,240.0,-0.0,
Garrett Nussmeier,QB,,240.0,,2026-03-18,,,,,,,QB51,240.0,-0.0,
Gardner Minshew II,QB,,240.0,,2026-03-18,,,,,,,QB47,239.9,-0.1,
Foster Moreau,TE,,240.0,,2026-03-18,,,,,,,TE69,240.0,-0.0,
Elijah Higgins,TE,,240.0,,2026-03-18,,,,,,,TE64,240.0,-0.0,
Savion Williams,WR,,239.9,,2026-03-18,,,,,,,WR136,239.9,-0.0,
Efton Chism,WR,,240.0,,2026-03-18,,,,,,,WR146,239.9,-0.1,
DeVante Parker,WR,,240.0,,2026-03-18,,,,,,,WR151,240.0,-0.0,
De'Zhaun Stribling,WR,,240.0,,2026-03-18,,,,,,,WR140,240.0,-0.0,
Davis Mills,QB,,240.0,,2026-03-18,,,,,,,QB54,240.0,-0.0,
Davis Allen,TE,,240.0,,2026-03-18,,,,,,,TE66,240.0,-0.0,
David Sills,WR,,240.0,,2026-03-18,,,,,,,WR153,240.0,-0.0,
Darius Cooper,WR,,240.0,,2026-03-18,,,,,,,WR156,240.0,-0.0,
Dane Key,WR,,240.0,,2026-03-18,,,,,,,WR152,240.0,-0.0,
Damien Martinez,RB,,240.0,,2026-03-18,,,,,,,RB106,240.0,-0.0,
Dallen Bentley,TE,,240.0,,2026-03-18,,,,,,,TE71,240.0,-0.0,
Dae'Quan Wright,TE,,240.0,,2026-03-18,,,,,,,TE66,240.0,-0.0,
Craig Reynolds,RB,,240.0,,2026-03-18,,,,,,,RB111,240.0,-0.0,
Cole Payton,QB,,240.0,,2026-03-18,,,,,,,QB57,240.0,-0.0,
Dillon Bell,WR,,240.0,,2026-03-18,,,,,,,WR147,240.0,-0.0,
Mike Gesicki,TE,,230.8,,2026-03-18,,,,,,,TE35,232.9,2.1,
LeQuint Allen,RB,,230.1,,2026-03-18,,,,,,,RB71,229.8,-0.3,
Carnell Tate,WR,,56.0,,2026-03-18,,,,,,,WR28,55.0,-1.0,
Justin Herbert,QB,,82.8,,2026-03-18,,,,,,,QB9,81.6,-1.2,
Dak Prescott,QB,,82.7,,2026-03-18,,,,,,,QB8,82.9,0.2,
Ricky Pearsall,WR,,80.9,,2026-03-18,,,,,,,WR40,79.1,-1.8,
Chuba Hubbard,RB,,79.8,,2026-03-18,,,,,,,RB29,86.4,6.6,
Rhamondre Stevenson,RB,,78.6,,2026-03-18,,,,,,,RB28,78.2,-0.4,
Harold Fannin,TE,,77.4,,2026-03-18,,,,,,,TE5,79.1,1.7,
Jaylen Warren,RB,,76.8,,2026-03-18,,,,,,,RB27,72.9,-3.9,
Michael Wilson,WR,,76.2,,2026-03-18,,,,,,,WR39,77.6,1.4,
DK Metcalf,WR,,74.7,,2026-03-18,,,,,,,WR38,71.7,-3.0,
Parker Washington,WR,,73.1,,2026-03-18,,,,,,,WR37,72.9,-0.2,
Drake Maye,QB,,72.0,,2026-03-18,,,,,,,QB7,70.4,-1.6,
Alec Pierce,WR,,71.2,,2026-03-18,,,,,,,WR36,73.9,2.7,
David Montgomery,RB,,71.1,,2026-03-18,,,,,,,RB26,73.1,2.0,
Jalen Hurts,QB,,69.8,,2026-03-18,,,,,,,QB6,70.4,0.6,
Tyler Warren,TE,,68.9,,2026-03-18,,,,,,,TE4,71.6,2.7,
Caleb Williams,QB,,68.7,,2026-03-18,,,,,,,QB5,68.5,-0.2,
Courtland Sutton,WR,,67.9,,2026-03-18,,,,,,,WR35,66.4,-1.5,
Jordyn Tyson,WR,,67.6,,2026-03-18,,,,,,,WR34,66.1,-1.5,
Marvin Harrison,WR,,65.3,,2026-03-18,,,,,,,WR33,63.7,-1.6,
D.J. Moore,WR,,64.8,,2026-03-18,,,,,,,WR32,64.6,-0.2,
Joe Burrow,QB,,64.5,,2026-03-18,,,,,,,QB4,65.1,0.6,
Jayden Daniels,QB,,63.2,,2026-03-18,,,,,,,QB3,62.7,-0.5,
Makai Lemon,WR,,62.4,,2026-03-18,,,,,,,WR31,60.9,-1.5,
RJ Harvey,RB,,61.3,,2026-03-18,,,,,,,RB25,58.7,-2.6,
Brian Thomas,WR,,60.7,,2026-03-18,,,,,,,WR30,59.1,-1.6,
Trevor Lawrence,QB,,84.6,,2026-03-18,,,,,,,QB10,84.2,-0.4,
D'Andre Swift,RB,,58.6,,2026-03-18,,,,,,,RB24,61.2,2.6,
Jakobi Meyers,WR,,85.4,,2026-03-18,,,,,,,WR41,84.7,-0.7,
Tyler Allgeier,RB,,88.8,,2026-03-18,,,,,,,RB30,88.0,-0.8,
J.K. Dobbins,RB,,112.9,,2026-03-18,,,,,,,RB36,127.0,14.1,
Kyler Murray,QB,,112.2,,2026-03-18,,,,,,,QB19,122.1,9.9,
Baker Mayfield,QB,,111.6,,2026-03-18,,,,,,,QB18,110.4,-1.2,
Oronde Gadsden,TE,,110.2,,2026-03-18,,,,,,,TE9,106.8,-3.4,
Romeo Doubs,WR,,109.3,,2026-03-18,,,,,,,WR49,126.7,17.4,
Jordan Love,QB,,109.0,,2026-03-18,,,,,,,QB17,107.2,-1.8,
Jayden Reed,WR,,107.1,,2026-03-18,,,,,,,WR48,109.5,2.4,
Jared Goff,QB,,105.5,,2026-03-18,,,,,,,QB16,105.0,-0.5,
Jadarian Price,RB,,105.1,,2026-03-18,,,,,,,RB35,102.5,-2.6,
Xavier Worthy,WR,,104.5,,2026-03-18,,,,,,,WR47,101.7,-2.8,
Wan'Dale Robinson,WR,,103.7,,2026-03-18,,,,,,,WR46,103.4,-0.3,
Bo Nix,QB,,102.4,,2026-03-18,,,,,,,QB15,103.8,1.4,
Matthew Stafford,QB,,100.6,,2026-03-18,,,,,,,QB14,99.6,-1.0,
Blake Corum,RB,,100.3,,2026-03-18,,,,,,,RB34,97.0,-3.3,
Sam LaPorta,TE,,99.4,,2026-03-18,,,,,,,TE8,96.2,-3.2,
Tony Pollard,RB,,99.1,,2026-03-18,,,,,,,RB33,95.3,-3.8,
Chris Godwin,WR,,98.5,,2026-03-18,,,,,,,WR45,103.4,4.9,
Brock Purdy,QB,,96.5,,2026-03-18,,,,,,,QB13,96.1,-0.4,
Quentin Johnston,WR,,95.9,,2026-03-18,,,,,,,WR44,93.5,-2.4,
Kyle Pitts,TE,,95.1,,2026-03-18,,,,,,,TE7,93.7,-1.4,
Michael Pittman Jr.,WR,,94.1,,2026-03-18,,,,,,,WR43,91.8,-2.3,
Rico Dowdle,RB,,93.5,,2026-03-18,,,,,,,RB32,97.0,3.5,
Jordan Addison,WR,,90.5,,2026-03-18,,,,,,,WR42,97.1,6.6,
Kyle Monangai,RB,,90.4,,2026-03-18,,,,,,,RB31,88.3,-2.1,
Patrick Mahomes,QB,,89.2,,2026-03-18,,,,,,,QB12,88.3,-0.9,
Tucker Kraft,TE,,87.4,,2026-03-18,,,,,,,TE6,86.5,-0.9,
Kenneth Gainwell,RB,,116.1,,2026-03-18,,,,,,,RB37,116.5,0.4,
Bhayshul Tuten,RB,,57.8,,2026-03-18,,,,,,,RB23,64.6,6.8,
Cam Skattebo,RB,,54.7,,2026-03-18,,,,,,,RB22,52.3,-2.4,
George Pickens,WR,,23.4,,2026-03-18,,,,,,,WR9,23.7,0.3,
Chase Brown,RB,,22.4,,2026-03-18,,,,,,,RB13,22.6,0.2,
Brock Bowers,TE,,22.4,,2026-03-18,,,,,,,TE2,22.1,-0.3,
Derrick Henry,RB,,20.9,,2026-03-18,,,,,,,RB12,20.3,-0.6,
Kenneth Walker III,RB,,20.1,,2026-03-18,,,,,,,RB11,21.1,1.0,
Drake London,WR,,19.2,,2026-03-18,,,,,,,WR8,19.1,-0.1,
Malik Nabers,WR,,18.1,,2026-03-18,,,,,,,WR7,18.3,0.2,
Trey McBride,TE,,17.7,,2026-03-18,,,,,,,TE1,17.6,-0.1,
Saquon Barkley,RB,,16.5,,2026-03-18,,,,,,,RB10,16.5,-0.0,
Jeremiyah Love,RB,,16.4,,2026-03-18,,,,,,,RB9,16.1,-0.3,
Omarion Hampton,RB,,15.1,,2026-03-18,,,,,,,RB8,14.8,-0.3,
De'Von Achane,RB,,12.8,,2026-03-18,,,,,,,RB7,11.6,-1.2,
Ashton Jeanty,RB,,11.8,,2026-03-18,,,,,,,RB6,11.5,-0.3,
James Cook,RB,,11.0,,2026-03-18,,,,,,,RB5,10.6,-0.4,
Justin Jefferson,WR,,10.7,,2026-03-18,,,,,,,WR6,12.8,2.1,
Amon-Ra St. Brown,WR,,9.0,,2026-03-18,,,,,,,WR5,9.0,-0.0,
CeeDee Lamb,WR,,8.8,,2026-03-18,,,,,,,WR4,8.6,-0.2,
Christian McCaffrey,RB,,7.1,,2026-03-18,,,,,,,RB4,7.2,0.1,
Jonathan Taylor,RB,,6.4,,2026-03-18,,,,,,,RB3,6.5,0.1,
Jaxon Smith-Njigba,WR,,5.3,,2026-03-18,,,,,,,WR3,5.3,-0.0,
Ja'Marr Chase,WR,,3.7,,2026-03-18,,,,,,,WR2,3.7,-0.0,
Puka Nacua,WR,,3.3,,2026-03-18,,,,,,,WR1,3.2,-0.1,
Jahmyr Gibbs,RB,,1.9,,2026-03-18,,,,,,,RB2,1.9,-0.0,
Bijan Robinson,RB,,1.3,,2026-03-18,,,,,,,RB1,1.4,0.1,
Tez Johnson,WR,,230.2,,2026-03-18,,,,,,,WR94,233.5,3.3,
Nico Collins,WR,,24.3,,2026-03-18,,,,,,,WR10,23.9,-0.4,
Christian Watson,WR,,57.3,,2026-03-18,,,,,,,WR29,57.4,0.1,
Chris Olave,WR,,27.0,,2026-03-18,,,,,,,WR11,27.5,0.5,
Josh Allen,QB,,29.6,,2026-03-18,,,,,,,QB1,30.5,0.9,
Rome Odunze,WR,,53.6,,2026-03-18,,,,,,,WR27,52.3,-1.3,
Quinshon Judkins,RB,,52.7,,2026-03-18,,,,,,,RB21,53.8,1.1,
Mike Evans,WR,,51.3,,2026-03-18,,,,,,,WR26,56.9,5.6,
Jaylen Waddle,WR,,50.2,,2026-03-18,,,,,,,WR25,51.1,0.9,
Lamar Jackson,QB,,50.0,,2026-03-18,,,,,,,QB2,49.6,-0.4,
TreVeyon Henderson,RB,,47.7,,2026-03-18,,,,,,,RB20,47.9,0.2,
Terry McLaurin,WR,,47.2,,2026-03-18,,,,,,,WR24,47.1,-0.1,
Davante Adams,WR,,46.4,,2026-03-18,,,,,,,WR23,45.3,-1.1,
Colston Loveland,TE,,46.1,,2026-03-18,,,,,,,TE3,43.9,-2.2,
Jameson Williams,WR,,44.5,,2026-03-18,,,,,,,WR22,43.1,-1.4,
DeVonta Smith,WR,,43.2,,2026-03-18,,,,,,,WR21,40.7,-2.5,
Luther Burden,WR,,42.6,,2026-03-18,,,,,,,WR20,42.5,-0.1,
Javonte Williams,RB,,41.8,,2026-03-18,,,,,,,RB19,43.2,1.4,
Zay Flowers,WR,,40.7,,2026-03-18,,,,,,,WR19,40.9,0.2,
Emeka Egbuka,WR,,39.6,,2026-03-18,,,,,,,WR18,43.4,3.8,
Ladd McConkey,WR,,39.1,,2026-03-18,,,,,,,WR17,37.9,-1.2,
Garrett Wilson,WR,,36.5,,2026-03-18,,,,,,,WR16,38.8,2.3,
Kyren Williams,RB,,35.2,,2026-03-18,,,,,,,RB18,35.1,-0.1,
Rashee Rice,WR,,34.7,,2026-03-18,,,,,,,WR15,33.7,-1.0,
Bucky Irving,RB,,34.2,,2026-03-18,,,,,,,RB17,28.4,-5.8,
Tee Higgins,WR,,33.3,,2026-03-18,,,,,,,WR14,33.6,0.3,
Tetairoa McMillan,WR,,32.2,,2026-03-18,,,,,,,WR13,32.3,0.1,
Breece Hall,RB,,31.2,,2026-03-18,,,,,,,RB16,31.4,0.2,
Travis Etienne Jr.,RB,,30.4,,2026-03-18,,,,,,,RB15,32.9,2.5,
A.J. Brown,WR,,30.0,,2026-03-18,,,,,,,WR12,29.8,-0.2,
Josh Jacobs,RB,,27.3,,2026-03-18,,,,,,,RB14,27.8,0.5,
Dalton Kincaid,TE,,116.5,,2026-03-18,,,,,,,TE10,112.5,-4.0,
Jaxson Dart,QB,,85.9,,2026-03-18,,,,,,,QB11,84.7,-1.2,
Tyler Shough,QB,,119.4,,2026-03-18,,,,,,,QB20,117.5,-1.9,
Gunnar Helm,TE,,201.4,,2026-03-18,,,,,,,TE28,199.6,-1.8,
Elijah Sarratt,WR,,199.2,,2026-03-18,,,,,,,WR78,191.8,-7.4,
Nicholas Singleton,RB,,198.1,,2026-03-18,,,,,,,RB64,195.6,-2.5,
Mason Taylor,TE,,198.0,,2026-03-18,,,,,,,TE27,200.9,2.9,
Michael Penix,QB,,197.1,,2026-03-18,,,,,,,QB30,180.1,-17.0,
Kaytron Allen,RB,,196.6,,2026-03-18,,,,,,,RB63,183.9,-12.7,
Brian Robinson,RB,,195.1,,2026-03-18,,,,,,,RB62,185.7,-9.4,
Braelon Allen,RB,,194.8,,2026-03-18,,,,,,,RB61,181.8,-13.0,
Tre Tucker,WR,,191.3,,2026-03-18,,,,,,,WR77,187.9,-3.4,
Kimani Vidal,RB,,188.1,,2026-03-18,,,,,,,RB60,168.8,-19.3,
Tank Bigsby,RB,,187.6,,2026-03-18,,,,,,,RB59,187.4,-0.2,
Jalen Nailor,WR,,186.1,,2026-03-18,,,,,,,WR76,213.9,27.8,
Emanuel Wilson,RB,,185.4,,2026-03-18,,,,,,,RB58,224.1,38.7,
Eli Stowers,TE,,185.4,,2026-03-18,,,,,,,TE26,182.5,-2.9,
Geno Smith,QB,,184.2,,2026-03-18,,,,,,,QB29,222.7,38.5,
David Njoku,TE,,184.2,,2026-03-18,,,,,,,TE25,176.2,-8.0,
Dylan Sampson,RB,,183.8,,2026-03-18,,,,,,,RB57,183.2,-0.6,
Chimere Dike,WR,,181.1,,2026-03-18,,,,,,,WR75,174.8,-6.3,
Chig Okonkwo,TE,,180.8,,2026-03-18,,,,,,,TE24,228.5,47.7,
Isiah Pacheco,RB,,180.6,,2026-03-18,,,,,,,RB56,225.6,45.0,
Tre' Harris,WR,,180.4,,2026-03-18,,,,,,,WR74,178.0,-2.4,
Tank Dell,WR,,180.3,,2026-03-18,,,,,,,WR73,177.7,-2.6,
T.J. Hockenson,TE,,179.4,,2026-03-18,,,,,,,TE23,185.9,6.5,
Dalton Schultz,TE,,178.3,,2026-03-18,,,,,,,TE22,179.9,1.6,
Isaac TeSlaa,WR,,177.2,,2026-03-18,,,,,,,WR72,183.2,6.0,
Cade Otton,TE,,203.0,,2026-03-18,,,,,,,TE29,206.8,3.8,
Jalen Coker,WR,,118.0,,2026-03-18,,,,,,,WR50,116.6,-1.4,
Tory Horton,WR,,203.5,,2026-03-18,,,,,,,WR79,194.7,-8.8,
Terrance Ferguson,TE,,203.9,,2026-03-18,,,,,,,TE30,192.2,-11.7,
Keon Coleman,WR,,229.8,,2026-03-18,,,,,,,WR93,214.7,-15.1,
Jaydon Blue,RB,,229.3,,2026-03-18,,,,,,,RB70,227.3,-2.0,
Ollie Gordon,RB,,228.9,,2026-03-18,,,,,,,RB69,227.7,-1.2,
Christian Kirk,WR,,228.4,,2026-03-18,,,,,,,WR92,238.5,10.1,
Cooper Kupp,WR,,228.0,,2026-03-18,,,,,,,WR91,222.9,-5.1,
Devaughn Vele,WR,,227.4,,2026-03-18,,,,,,,WR90,227.8,0.4,
Najee Harris,RB,,227.0,,2026-03-18,,,,,,,RB68,210.6,-16.4,
Shedeur Sanders,QB,,225.1,,2026-03-18,,,,,,,QB33,223.7,-1.4,
Colby Parkinson,TE,,224.4,,2026-03-18,,,,,,,TE34,210.6,-13.8,
Demond Claiborne,RB,,223.6,,2026-03-18,,,,,,,RB67,220.4,-3.2,
Marvin Mims Jr.,WR,,223.3,,2026-03-18,,,,,,,WR89,213.3,-10.0,
Ja'Kobi Lane,WR,,221.0,,2026-03-18,,,,,,,WR88,208.4,-12.6,
Sean Tucker,RB,,177.1,,2026-03-18,,,,,,,RB55,167.4,-9.7,
Jake Tonges,TE,,218.5,,2026-03-18,,,,,,,TE33,226.4,7.9,
George Holani,RB,,218.1,,2026-03-18,,,,,,,RB66,232.0,13.9,
Germie Bernard,WR,,217.2,,2026-03-18,,,,,,,WR87,212.8,-4.4,
Malik Washington,WR,,216.2,,2026-03-18,,,,,,,WR85,223.6,7.4,
Kyle Williams,WR,,216.2,,2026-03-18,,,,,,,WR86,210.0,-6.2,
Elic Ayomanor,WR,,213.5,,2026-03-18,,,,,,,WR84,202.5,-11.0,
Chris Brazzell II,WR,,212.0,,2026-03-18,,,,,,,WR83,205.3,-6.7,
Pat Freiermuth,TE,,211.2,,2026-03-18,,,,,,,TE31,210.3,-0.9,
Darnell Mooney,WR,,207.9,,2026-03-18,,,,,,,WR82,225.5,17.6,
Zachariah Branch,WR,,207.7,,2026-03-18,,,,,,,WR81,199.3,-8.4,
Ryan Flournoy,WR,,207.4,,2026-03-18,,,,,,,WR80,208.0,0.6,
Ray Davis,RB,,206.0,,2026-03-18,,,,,,,RB65,201.5,-4.5,
Aaron Rodgers,QB,,206.0,,2026-03-18,,,,,,,QB32,205.7,-0.3,
Theo Johnson,TE,,218.2,,2026-03-18,,,,,,,TE32,188.8,-29.4,
Alvin Kamara,RB,,176.7,,2026-03-18,,,,,,,RB54,161.6,-15.1,
Tua Tagovailoa,QB,,203.3,,2026-03-18,,,,,,,QB31,216.4,13.1,
Trey Benson,RB,,175.3,,2026-03-18,,,,,,,RB53,145.5,-29.8,
Cam Ward,QB,,144.9,,2026-03-18,,,,,,,QB25,144.5,-0.4,
Fernando Mendoza,QB,,144.0,,2026-03-18,,,,,,,QB24,139.7,-4.3,
Brenton Strange,TE,,142.3,,2026-03-18,,,,,,,TE15,138.1,-4.2,
Jalen McMillan,WR,,140.9,,2026-03-18,,,,,,,WR60,149.4,8.5,
Tyrone Tracy,RB,,140.7,,2026-03-18,,,,,,,RB43,135.4,-5.3,
Dallas Goedert,TE,,140.4,,2026-03-18,,,,,,,TE14,144.4,4.0,
Rashid Shaheed,WR,,139.7,,2026-03-18,,,,,,,WR59,138.2,-1.5,
C.J. Stroud,QB,,137.2,,2026-03-18,,,,,,,QB23,134.4,-2.8,
Mike Washington Jr.,RB,,134.8,,2026-03-18,,,,,,,RB42,145.1,10.3,
Stefon Diggs,WR,,132.7,,2026-03-18,,,,,,,WR58,119.9,-12.8,
Josh Downs,WR,,132.3,,2026-03-18,,,,,,,WR57,141.5,9.2,
Jacory Croskey-Merritt,RB,,130.0,,2026-03-18,,,,,,,RB40,130.0,-0.0,
Bryce Young,QB,,145.7,,2026-03-18,,,,,,,QB26,142.6,-3.1,
Sam Darnold,QB,,129.2,,2026-03-18,,,,,,,QB22,128.0,-1.2,
Jayden Higgins,WR,,128.2,,2026-03-18,,,,,,,WR55,126.6,-1.6,
Kenyon Sadiq,TE,,127.7,,2026-03-18,,,,,,,TE13,129.0,1.3,
Jake Ferguson,TE,,126.5,,2026-03-18,,,,,,,TE12,126.1,-0.4,
KC Concepcion,WR,,125.6,,2026-03-18,,,,,,,WR54,124.4,-1.2,
Khalil Shakir,WR,,124.2,,2026-03-18,,,,,,,WR53,122.8,-1.4,
George Kittle,TE,,123.0,,2026-03-18,,,,,,,TE11,120.9,-2.1,
Jauan Jennings,WR,,122.8,,2026-03-18,,,,,,,WR52,115.4,-7.4,
Jordan Mason,RB,,122.5,,2026-03-18,,,,,,,RB39,123.1,0.6,
Matthew Golden,WR,,120.8,,2026-03-18,,,,,,,WR51,124.5,3.7,
Jonah Coleman,RB,,120.4,,2026-03-18,,,,,,,RB38,120.1,-0.3,
Calvin Ridley,WR,,175.4,,2026-03-18,,,,,,,WR71,177.5,2.1,
Malik Willis,QB,,119.8,,2026-03-18,,,,,,,QB21,122.3,2.5,
Denzel Boston,WR,,128.8,,2026-03-18,,,,,,,WR56,120.4,-8.4,
Deebo Samuel,WR,,145.7,,2026-03-18,,,,,,,WR61,136.1,-9.6,
Rachaad White,RB,,132.1,,2026-03-18,,,,,,,RB41,148.3,16.2,
Travis Kelce,TE,,147.0,,2026-03-18,,,,,,,TE16,152.1,5.1,
Troy Franklin,WR,,172.2,,2026-03-18,,,,,,,WR69,167.0,-5.2,
AJ Barner,TE,,172.0,,2026-03-18,,,,,,,TE21,169.4,-2.6,
Pat Bryant,WR,,170.0,,2026-03-18,,,,,,,WR68,163.7,-6.3,
Tyjae Spears,RB,,169.3,,2026-03-18,,,,,,,RB52,163.4,-5.9,
Keaton Mitchell,RB,,166.5,,2026-03-18,,,,,,,RB51,194.0,27.5,
Tyreek Hill,WR,,164.7,,2026-03-18,,,,,,,WR67,156.7,-8.0,
Kayshon Boutte,WR,,164.4,,2026-03-18,,,,,,,WR66,160.9,-3.5,
Chris Rodriguez,RB,,164.3,,2026-03-18,,,,,,,RB50,233.8,69.5,
Jacoby Brissett,QB,,164.1,,2026-03-18,,,,,,,QB28,179.7,15.6,
Jerry Jeudy,WR,,161.4,,2026-03-18,,,,,,,WR65,163.4,2.0,
Hunter Henry,TE,,160.5,,2026-03-18,,,,,,,TE20,159.1,-1.4,
Emmett Johnson,RB,,159.6,,2026-03-18,,,,,,,RB49,150.0,-9.6,
Adonai Mitchell,WR,,174.2,,2026-03-18,,,,,,,WR70,180.8,6.6,
Woody Marks,RB,,150.6,,2026-03-18,,,,,,,RB45,144.5,-6.1,
James Conner,RB,,155.0,,2026-03-18,,,,,,,RB47,143.2,-11.8,
Isaiah Likely,TE,,154.5,,2026-03-18,,,,,,,TE19,159.3,4.8,
Juwan Johnson,TE,,153.4,,2026-03-18,,,,,,,TE18,147.6,-5.8,
Omar Cooper Jr.,WR,,153.3,,2026-03-18,,,,,,,WR64,156.3,3.0,
Travis Hunter,WR,,152.0,,2026-03-18,,,,,,,WR63,150.7,-1.3,
Aaron Jones,RB,,151.5,,2026-03-18,,,,,,,RB46,172.9,21.4,
Brandon Aiyuk,WR,,150.7,,2026-03-18,,,,,,,WR62,149.3,-1.4,
Jonathon Brooks,RB,,155.5,,2026-03-18,,,,,,,RB48,157.3,1.8,
Daniel Jones,QB,,149.0,,2026-03-18,,,,,,,QB27,153.1,4.1,
Mark Andrews,TE,,148.4,,2026-03-18,,,,,,,TE17,149.9,1.5,
Zach Charbonnet,RB,,148.2,,2026-03-18,,,,,,,RB44,154.9,6.7,
Sterling Shepard,WR,,239.8,,2026-03-25,,,,,,,WR127,239.8,-0.0,
Brandin Cooks,WR,,239.9,,2026-03-25,,,,,,,WR136,240.0,0.1,
Samaje Perine,RB,,239.8,,2026-03-25,,,,,,,RB91,239.8,-0.0,
Tahj Brooks,RB,,239.8,,2026-03-25,,,,,,,RB92,239.8,-0.0,
Savion Williams,WR,,239.8,,2026-03-25,,,,,,,WR125,239.9,0.1,
Tanner Conner,TE,,239.8,,2026-03-25,,,,,,,TE51,239.7,-0.1,
Ayir Asante,WR,,239.9,,2026-03-25,,,,,,,WR142,239.9,-0.0,
Tyler Badie,RB,,239.8,,2026-03-25,,,,,,,RB97,239.8,-0.0,
Tyler Higbee,TE,,239.8,,2026-03-25,,,,,,,TE48,239.7,-0.1,
Will Grier,QB,,239.8,,2026-03-25,,,,,,,QB43,239.8,-0.0,
Ameer Abdullah,RB,,239.9,,2026-03-25,,,,,,,RB108,239.9,-0.0,
Sam Roush,TE,,239.8,,2026-03-25,,,,,,,TE48,239.7,-0.1,
Trayveon Williams,RB,,239.8,,2026-03-25,,,,,,,RB95,239.8,-0.0,
Roman Hemby,RB,,239.8,,2026-03-25,,,,,,,RB92,239.9,0.1,
Jaydn Ott,RB,,239.8,,2026-03-25,,,,,,,RB96,239.9,0.1,
Michael Trigg,TE,,239.8,,2026-03-25,,,,,,,TE48,239.8,-0.0,
Luke Musgrave,TE,,239.8,,2026-03-25,,,,,,,TE47,240.0,0.2,
Luke McCaffrey,WR,,239.8,,2026-03-25,,,,,,,WR124,239.8,-0.0,
John Metchie III,WR,,239.8,,2026-03-25,,,,,,,WR123,239.8,-0.0,
Jamaal Williams,RB,,239.8,,2026-03-25,,,,,,,RB94,239.8,-0.0,
Case Keenum,QB,,239.8,,2026-03-25,,,,,,,QB43,239.8,-0.0,
Jam Miller,RB,,239.8,,2026-03-25,,,,,,,RB94,240.0,0.2,
Isaac Guerendo,RB,,239.8,,2026-03-25,,,,,,,RB95,239.7,-0.1,
Hendon Hooker,QB,,239.8,,2026-03-25,,,,,,,QB45,239.8,-0.0,
Dont'e Thornton,WR,,239.8,,2026-03-25,,,,,,,WR125,239.9,0.1,
DeMario Douglas,WR,,239.8,,2026-03-25,,,,,,,WR122,239.5,-0.3,
Deven Thompkins,WR,,239.8,,2026-03-25,,,,,,,WR128,239.8,-0.0,
MyCole Pruitt,TE,,239.8,,2026-03-25,,,,,,,TE52,239.8,-0.0,
Brenen Thompson,WR,,239.9,,2026-03-25,,,,,,,WR133,239.8,-0.1,
Marcus Mariota,QB,,239.9,,2026-03-25,,,,,,,QB48,239.9,-0.0,
Darren Waller,TE,,239.9,,2026-03-25,,,,,,,TE53,239.9,-0.0,
Mitchell Trubisky,QB,,239.9,,2026-03-25,,,,,,,QB44,240.0,0.1,
Cam Akers,RB,,239.8,,2026-03-25,,,,,,,RB99,240.0,0.2,
Mason Rudolph,QB,,239.9,,2026-03-25,,,,,,,QB47,239.9,-0.0,
Malik Flowers,WR,,239.9,,2026-03-25,,,,,,,WR131,239.8,-0.1,
Malik Davis,RB,,239.9,,2026-03-25,,,,,,,RB99,239.8,-0.1,
Malcolm Brown,RB,,239.9,,2026-03-25,,,,,,,RB106,239.9,-0.0,
Le'Veon Moss,RB,,239.9,,2026-03-25,,,,,,,RB103,239.8,-0.1,
Konata Mumpfield,WR,,239.9,,2026-03-25,,,,,,,WR133,240.0,0.1,
Kenny McIntosh,RB,,239.9,,2026-03-25,,,,,,,RB100,240.0,0.1,
KeAndre Lambert-Smith,WR,,239.9,,2026-03-25,,,,,,,WR128,239.9,-0.0,
Kalif Raymond,WR,,239.9,,2026-03-25,,,,,,,WR128,239.7,-0.2,
KaVontae Turpin,WR,,239.9,,2026-03-25,,,,,,,WR127,239.9,-0.0,
Junior Bergen,WR,,239.9,,2026-03-25,,,,,,,WR140,239.9,-0.0,
Jawhar Jordan,RB,,239.9,,2026-03-25,,,,,,,RB101,240.0,0.1,
Jarquez Hunter,RB,,239.9,,2026-03-25,,,,,,,RB103,239.9,-0.0,
Jalen Reagor,WR,,239.9,,2026-03-25,,,,,,,WR139,239.9,-0.0,
Jalen Milroe,QB,,239.9,,2026-03-25,,,,,,,QB49,240.0,0.1,
Hunter Renfrow,WR,,239.9,,2026-03-25,,,,,,,WR143,239.9,-0.0,
Greg Dortch,WR,,239.9,,2026-03-25,,,,,,,WR132,240.0,0.1,
Grant Calcaterra,TE,,239.9,,2026-03-25,,,,,,,TE58,240.0,0.1,
Gardner Minshew II,QB,,239.9,,2026-03-25,,,,,,,QB46,240.0,0.1,
Ezekiel Elliott,RB,,239.9,,2026-03-25,,,,,,,RB101,239.9,-0.0,
Eric McAlister,WR,,239.9,,2026-03-25,,,,,,,WR136,239.9,-0.0,
Equanimeous St. Brown,WR,,239.9,,2026-03-25,,,,,,,WR137,239.9,-0.0,
Dyami Brown,WR,,239.9,,2026-03-25,,,,,,,WR136,239.9,-0.0,
Devin Singletary,RB,,239.9,,2026-03-25,,,,,,,RB103,239.9,-0.0,
Darrynton Evans,RB,,239.9,,2026-03-25,,,,,,,RB102,239.9,-0.0,
Cedric Tillman,WR,,239.9,,2026-03-25,,,,,,,WR128,240.0,0.1,
Brock Wright,TE,,239.8,,2026-03-25,,,,,,,TE53,239.8,-0.0,
Keenan Allen,WR,,236.6,,2026-03-25,,,,,,,WR101,234.1,-2.5,
Trevor Etienne,RB,,239.7,,2026-03-25,,,,,,,RB88,239.4,-0.3,
Andrei Iosivas,WR,,239.2,,2026-03-25,,,,,,,WR113,239.3,0.1,
Max Klare,TE,,239.1,,2026-03-25,,,,,,,TE40,239.3,0.2,
Kaleb Johnson,RB,,239.1,,2026-03-25,,,,,,,RB82,237.2,-1.9,
Skyler Bell,WR,,239.0,,2026-03-25,,,,,,,WR112,239.3,0.3,
Isaiah Bond,WR,,239.0,,2026-03-25,,,,,,,WR111,238.8,-0.2,
Olamide Zaccheaus,WR,,238.9,,2026-03-25,,,,,,,WR110,238.9,-0.0,
J.J. McCarthy,QB,,238.9,,2026-03-25,,,,,,,QB38,236.9,-2.0,
Seth McGowan,RB,,238.8,,2026-03-25,,,,,,,RB81,239.2,0.4,
Jerome Ford,RB,,238.8,,2026-03-25,,,,,,,RB80,238.3,-0.5,
Jack Bech,WR,,238.8,,2026-03-25,,,,,,,WR109,238.4,-0.4,
Dawson Knox,TE,,238.8,,2026-03-25,,,,,,,TE39,239.0,0.2,
Marvin Mims Jr.,WR,,238.7,,2026-03-25,,,,,,,WR108,223.3,-15.4,
Mac Jones,QB,,238.6,,2026-03-25,,,,,,,QB37,238.4,-0.2,
Mack Hollins,WR,,238.5,,2026-03-25,,,,,,,WR107,237.8,-0.7,
Ty Johnson,RB,,238.4,,2026-03-25,,,,,,,RB79,239.3,0.9,
Darnell Washington,TE,,238.4,,2026-03-25,,,,,,,TE38,238.3,-0.1,
Tutu Atwell,WR,,238.3,,2026-03-25,,,,,,,WR105,239.3,1.0,
Jahan Dotson,WR,,238.3,,2026-03-25,,,,,,,WR106,236.6,-1.7,
DJ Giddens,RB,,238.3,,2026-03-25,,,,,,,RB78,238.5,0.2,
Deshaun Watson,QB,,238.1,,2026-03-25,,,,,,,QB36,238.4,0.3,
Darius Slayton,WR,,237.9,,2026-03-25,,,,,,,WR104,235.6,-2.3,
Joe Mixon,RB,,237.7,,2026-03-25,,,,,,,RB77,234.9,-2.8,
Antonio Williams,WR,,237.4,,2026-03-25,,,,,,,WR103,239.2,1.8,
Jaylen Wright,RB,,236.9,,2026-03-25,,,,,,,RB76,238.4,1.5,
Tyquan Thornton,WR,,236.7,,2026-03-25,,,,,,,WR102,235.9,-0.8,
Adam Randall,RB,,236.7,,2026-03-25,,,,,,,RB75,235.4,-1.3,
Zach Ertz,TE,,240.0,,2026-03-25,,,,,,,TE65,239.9,-0.1,
Elijah Arroyo,TE,,239.2,,2026-03-25,,,,,,,TE41,239.1,-0.1,
Adrian Martinez,QB,,239.8,,2026-03-25,,,,,,,QB42,239.8,-0.0,
Ja'Tavion Sanders,TE,,239.2,,2026-03-25,,,,,,,TE41,239.5,0.3,
MarShawn Lloyd,RB,,239.3,,2026-03-25,,,,,,,RB83,239.1,-0.2,
Noah Fant,TE,,239.7,,2026-03-25,,,,,,,TE46,239.9,0.2,
Miles Sanders,RB,,239.7,,2026-03-25,,,,,,,RB92,239.8,0.1,
Leroy Watson,TE,,239.7,,2026-03-25,,,,,,,TE50,239.7,-0.0,
Kareem Hunt,RB,,239.7,,2026-03-25,,,,,,,RB88,239.8,0.1,
Julio Jones,WR,,239.7,,2026-03-25,,,,,,,WR122,239.7,-0.0,
Isaiah Neyor,WR,,239.7,,2026-03-25,,,,,,,WR124,239.7,-0.0,
Isaiah Davis,RB,,239.7,,2026-03-25,,,,,,,RB90,239.8,0.1,
Drew Allar,QB,,239.7,,2026-03-25,,,,,,,QB42,239.9,0.2,
Dresser Winn,QB,,239.7,,2026-03-25,,,,,,,QB43,239.7,-0.0,
Chris Oladokun,QB,,239.7,,2026-03-25,,,,,,,QB44,239.7,-0.0,
Taylen Green,QB,,239.6,,2026-03-25,,,,,,,QB41,239.9,0.3,
Michael Mayer,TE,,239.6,,2026-03-25,,,,,,,TE45,239.5,-0.1,
Jaylin Lane,WR,,239.6,,2026-03-25,,,,,,,WR121,239.7,0.1,
J'Mari Taylor,RB,,239.6,,2026-03-25,,,,,,,RB87,239.9,0.3,
Devontez Walker,WR,,239.6,,2026-03-25,,,,,,,WR120,239.8,0.2,
Devin Neal,RB,,239.6,,2026-03-25,,,,,,,RB86,238.9,-0.7,
Charlie Kolar,TE,,239.6,,2026-03-25,,,,,,,TE44,239.8,0.2,
Kendrick Bourne,WR,,239.5,,2026-03-25,,,,,,,WR119,238.6,-0.9,
Xavier Legette,WR,,239.4,,2026-03-25,,,,,,,WR118,239.2,-0.2,
Kirk Cousins,QB,,239.4,,2026-03-25,,,,,,,QB40,237.8,-1.6,
Cole Kmet,TE,,239.4,,2026-03-25,,,,,,,TE43,239.6,0.2,
Chris Brooks,RB,,239.4,,2026-03-25,,,,,,,RB85,238.7,-0.7,
Calvin Austin III,WR,,239.4,,2026-03-25,,,,,,,WR116,239.0,-0.4,
Bryce Lance,WR,,239.4,,2026-03-25,,,,,,,WR117,239.4,-0.0,
Brashard Smith,RB,,239.4,,2026-03-25,,,,,,,RB84,238.3,-1.1,
Anthony Richardson,QB,,239.4,,2026-03-25,,,,,,,QB39,239.2,-0.2,
Treylon Burks,WR,,239.3,,2026-03-25,,,,,,,WR114,239.5,0.2,
Malachi Fields,WR,,239.3,,2026-03-25,,,,,,,WR114,238.9,-0.4,
Oscar Delp,TE,,239.9,,2026-03-25,,,,,,,TE52,240.0,0.1,
Tyler Scott,WR,,240.0,,2026-03-25,,,,,,,WR149,240.0,-0.0,
Spencer Rattler,QB,,239.9,,2026-03-25,,,,,,,QB50,240.0,0.1,
Mason Tipton,WR,,240.0,,2026-03-25,,,,,,,WR156,240.0,-0.0,
Malachi Corley,WR,,240.0,,2026-03-25,,,,,,,WR157,240.0,-0.0,
Luke Schoonmaker,TE,,240.0,,2026-03-25,,,,,,,TE64,240.0,-0.0,
Lew Nichols,RB,,240.0,,2026-03-25,,,,,,,RB107,240.0,-0.0,
LaJohntay Wester,WR,,240.0,,2026-03-25,,,,,,,WR170,240.0,-0.0,
Kevin Coleman Jr.,WR,,240.0,,2026-03-25,,,,,,,WR151,240.0,-0.0,
Kenny Pickett,QB,,240.0,,2026-03-25,,,,,,,QB57,240.0,-0.0,
Kendre Miller,RB,,240.0,,2026-03-25,,,,,,,RB112,240.0,-0.0,
Kalel Mullings,RB,,240.0,,2026-03-25,,,,,,,RB120,240.0,-0.0,
Kaelon Black,RB,,240.0,,2026-03-25,,,,,,,RB110,239.7,-0.3,
Justin Joly,TE,,240.0,,2026-03-25,,,,,,,TE59,239.9,-0.1,
JuJu Smith-Schuster,WR,,240.0,,2026-03-25,,,,,,,WR157,240.0,-0.0,
Mitch Tinsley,WR,,240.0,,2026-03-25,,,,,,,WR137,240.0,-0.0,
Joshua Palmer,WR,,240.0,,2026-03-25,,,,,,,WR154,240.0,-0.0,
Josh Johnson,QB,,240.0,,2026-03-25,,,,,,,QB57,240.0,-0.0,
Josh Cameron,WR,,240.0,,2026-03-25,,,,,,,WR143,240.0,-0.0,
Jordan Whittington,WR,,240.0,,2026-03-25,,,,,,,WR157,240.0,-0.0,
Jordan Watkins,WR,,240.0,,2026-03-25,,,,,,,WR166,239.9,-0.1,
Jonnu Smith,TE,,240.0,,2026-03-25,,,,,,,TE56,239.8,-0.2,
John Michael Gyllenborg,TE,,240.0,,2026-03-25,,,,,,,TE65,240.0,-0.0,
Joe Milton,QB,,240.0,,2026-03-25,,,,,,,QB53,240.0,-0.0,
Joe Flacco,QB,,240.0,,2026-03-25,,,,,,,QB51,240.0,-0.0,
Jimmy Horn,WR,,240.0,,2026-03-25,,,,,,,WR154,240.0,-0.0,
Jimmy Garoppolo,QB,,240.0,,2026-03-25,,,,,,,QB54,240.0,-0.0,
Jeremy McNichols,RB,,240.0,,2026-03-25,,,,,,,RB107,240.0,-0.0,
Jarrett Stidham,QB,,240.0,,2026-03-25,,,,,,,QB57,240.0,-0.0,
Josh Oliver,TE,,240.0,,2026-03-25,,,,,,,TE59,240.0,-0.0,
Mitchell Evans,TE,,240.0,,2026-03-25,,,,,,,TE59,240.0,-0.0,
Mo Alie-Cox,TE,,240.0,,2026-03-25,,,,,,,TE65,240.0,-0.0,
Nathan Carter,RB,,240.0,,2026-03-25,,,,,,,RB117,240.0,-0.0,
Xavier Hutchinson,WR,,240.0,,2026-03-25,,,,,,,WR137,240.0,-0.0,
Will Levis,QB,,240.0,,2026-03-25,,,,,,,QB56,240.0,-0.0,
Will Howard,QB,,240.0,,2026-03-25,,,,,,,QB57,239.9,-0.1,
Van Jefferson,WR,,240.0,,2026-03-25,,,,,,,WR154,240.0,-0.0,
Tyson Bagent,QB,,240.0,,2026-03-25,,,,,,,QB57,240.0,-0.0,
Tyrell Shavers,WR,,240.0,,2026-03-25,,,,,,,WR165,240.0,-0.0,
Trinidad Chambliss,QB,,240.0,,2026-03-25,,,,,,,QB60,240.0,-0.0,
Trey Lance,QB,,240.0,,2026-03-25,,,,,,,QB51,240.0,-0.0,
Terion Stewart,RB,,240.0,,2026-03-25,,,,,,,RB106,240.0,-0.0,
Taysom Hill,TE,,240.0,,2026-03-25,,,,,,,TE63,240.0,-0.0,
Tanner McKee,QB,,240.0,,2026-03-25,,,,,,,QB54,240.0,-0.0,
Tai Felton,WR,,240.0,,2026-03-25,,,,,,,WR138,239.9,-0.1,
Tahj Washington,WR,,240.0,,2026-03-25,,,,,,,WR163,240.0,-0.0,
Sione Vaki,RB,,240.0,,2026-03-25,,,,,,,RB110,239.9,-0.1,
Roman Wilson,WR,,240.0,,2026-03-25,,,,,,,WR144,240.0,-0.0,
Riley Leonard,QB,,240.0,,2026-03-25,,,,,,,QB57,240.0,-0.0,
Rahsul Faison,RB,,240.0,,2026-03-25,,,,,,,RB113,240.0,-0.0,
Raheem Mostert,RB,,240.0,,2026-03-25,,,,,,,RB120,240.0,-0.0,
Quinn Ewers,QB,,240.0,,2026-03-25,,,,,,,QB54,240.0,-0.0,
Phillip Dorsett,WR,,240.0,,2026-03-25,,,,,,,WR156,240.0,-0.0,
Phil Mafah,RB,,240.0,,2026-03-25,,,,,,,RB113,240.0,-0.0,
Patrick Taylor,RB,,240.0,,2026-03-25,,,,,,,RB115,240.0,-0.0,
Noah Whittington,RB,,240.0,,2026-03-25,,,,,,,RB114,240.0,-0.0,
Noah Gray,TE,,240.0,,2026-03-25,,,,,,,TE57,239.9,-0.1,
Nick Westbrook-Ikhine,WR,,240.0,,2026-03-25,,,,,,,WR138,240.0,-0.0,
Nick Mullens,QB,,240.0,,2026-03-25,,,,,,,QB60,240.0,-0.0,
Nick Chubb,RB,,240.0,,2026-03-25,,,,,,,RB117,240.0,-0.0,
Jameis Winston,QB,,240.0,,2026-03-25,,,,,,,QB55,239.8,-0.2,
Jamari Thrash,WR,,240.0,,2026-03-25,,,,,,,WR154,240.0,-0.0,
Jalen Royals,WR,,240.0,,2026-03-25,,,,,,,WR149,239.9,-0.1,
Jaleel McLaughlin,RB,,240.0,,2026-03-25,,,,,,,RB123,240.0,-0.0,
Colbie Young,WR,,240.0,,2026-03-25,,,,,,,WR149,240.0,-0.0,
Chase Claypool,WR,,240.0,,2026-03-25,,,,,,,WR140,240.0,-0.0,
Carson Wentz,QB,,240.0,,2026-03-25,,,,,,,QB55,240.0,-0.0,
Carson Beck,QB,,240.0,,2026-03-25,,,,,,,QB52,240.0,-0.0,
Cade Stover,TE,,240.0,,2026-03-25,,,,,,,TE60,240.0,-0.0,
CJ Daniels,WR,,240.0,,2026-03-25,,,,,,,WR166,240.0,-0.0,
Brevyn Spann-Ford,TE,,240.0,,2026-03-25,,,,,,,TE69,240.0,-0.0,
Blake Bell,TE,,240.0,,2026-03-25,,,,,,,TE68,240.0,-0.0,
Ben Skowronek,WR,,240.0,,2026-03-25,,,,,,,WR156,240.0,-0.0,
Ben Sinnott,TE,,240.0,,2026-03-25,,,,,,,TE57,239.9,-0.1,
Austin Hooper,TE,,240.0,,2026-03-25,,,,,,,TE63,239.8,-0.2,
Austin Ekeler,RB,,240.0,,2026-03-25,,,,,,,RB110,240.0,-0.0,
Audric Estime,RB,,240.0,,2026-03-25,,,,,,,RB113,239.9,-0.1,
Ashton Dulin,WR,,240.0,,2026-03-25,,,,,,,WR152,240.0,-0.0,
Arian Smith,WR,,240.0,,2026-03-25,,,,,,,WR156,240.0,-0.0,
Andrew Armstrong,WR,,240.0,,2026-03-25,,,,,,,WR149,240.0,-0.0,
Aaron Anderson,WR,,240.0,,2026-03-25,,,,,,,WR165,240.0,-0.0,
AJ Dillon,RB,,240.0,,2026-03-25,,,,,,,RB113,240.0,-0.0,
Zavier Scott,RB,,239.9,,2026-03-25,,,,,,,RB103,240.0,0.1,
Zamir White,RB,,239.9,,2026-03-25,,,,,,,RB97,240.0,0.1,
Will Shipley,RB,,239.9,,2026-03-25,,,,,,,RB97,240.0,0.1,
Tyler Conklin,TE,,239.9,,2026-03-25,,,,,,,TE56,239.9,-0.0,
Ty Chandler,RB,,239.9,,2026-03-25,,,,,,,RB98,240.0,0.1,
Travis Homer,RB,,239.9,,2026-03-25,,,,,,,RB103,240.0,0.1,
Tommy Tremble,TE,,239.9,,2026-03-25,,,,,,,TE55,239.9,-0.0,
Theo Wease,WR,,239.9,,2026-03-25,,,,,,,WR133,240.0,0.1,
Tanner Koziol,TE,,239.9,,2026-03-25,,,,,,,TE54,240.0,0.1,
Cole Payton,QB,,240.0,,2026-03-25,,,,,,,QB53,240.0,-0.0,
Rasheen Ali,RB,,239.9,,2026-03-25,,,,,,,RB102,239.9,-0.0,
Dae'Quan Wright,TE,,240.0,,2026-03-25,,,,,,,TE66,240.0,-0.0,
Daniel Bellinger,TE,,240.0,,2026-03-25,,,,,,,TE59,239.9,-0.1,
Jake Bobo,WR,,240.0,,2026-03-25,,,,,,,WR141,240.0,-0.0,
Jacob Saylors,RB,,240.0,,2026-03-25,,,,,,,RB120,240.0,-0.0,
Jacob Cowing,WR,,240.0,,2026-03-25,,,,,,,WR146,240.0,-0.0,
Jackson Hawes,TE,,240.0,,2026-03-25,,,,,,,TE64,240.0,-0.0,
Ja'Lynn Polk,WR,,240.0,,2026-03-25,,,,,,,WR144,239.9,-0.1,
Isaiah Williams,WR,,240.0,,2026-03-25,,,,,,,WR144,240.0,-0.0,
Garrett Nussmeier,QB,,240.0,,2026-03-25,,,,,,,QB52,240.0,-0.0,
Foster Moreau,TE,,240.0,,2026-03-25,,,,,,,TE69,240.0,-0.0,
Erick All,TE,,240.0,,2026-03-25,,,,,,,TE63,239.9,-0.1,
Eric Rivers,WR,,240.0,,2026-03-25,,,,,,,WR137,240.0,-0.0,
Elijah Moore,WR,,240.0,,2026-03-25,,,,,,,WR149,240.0,-0.0,
Elijah Higgins,TE,,240.0,,2026-03-25,,,,,,,TE64,240.0,-0.0,
Efton Chism,WR,,240.0,,2026-03-25,,,,,,,WR144,240.0,-0.0,
Dylan Laube,RB,,240.0,,2026-03-25,,,,,,,RB109,240.0,-0.0,
Drew Plitt,QB,,240.0,,2026-03-25,,,,,,,QB52,239.8,-0.2,
Dillon Gabriel,QB,,240.0,,2026-03-25,,,,,,,QB57,240.0,-0.0,
Devin Culp,TE,,240.0,,2026-03-25,,,,,,,TE66,240.0,-0.0,
Desmond Reid,RB,,240.0,,2026-03-25,,,,,,,RB117,240.0,-0.0,
Derek Carr,QB,,240.0,,2026-03-25,,,,,,,QB57,239.9,-0.1,
Demarcus Robinson,WR,,240.0,,2026-03-25,,,,,,,WR156,239.9,-0.1,
Deion Burks,WR,,240.0,,2026-03-25,,,,,,,WR141,239.9,-0.1,
DeAndre Hopkins,WR,,240.0,,2026-03-25,,,,,,,WR138,239.9,-0.1,
De'Zhaun Stribling,WR,,240.0,,2026-03-25,,,,,,,WR144,240.0,-0.0,
Davis Mills,QB,,240.0,,2026-03-25,,,,,,,QB57,240.0,-0.0,
Davis Allen,TE,,240.0,,2026-03-25,,,,,,,TE66,240.0,-0.0,
David Sills,WR,,240.0,,2026-03-25,,,,,,,WR156,240.0,-0.0,
Darius Cooper,WR,,240.0,,2026-03-25,,,,,,,WR141,240.0,-0.0,
Dameon Pierce,RB,,240.0,,2026-03-25,,,,,,,RB117,240.0,-0.0,
Evan Engram,TE,,236.0,,2026-03-25,,,,,,,TE37,235.4,-0.6,
Jonah Coleman,RB,,125.9,,2026-03-25,,,,,,,RB39,120.4,-5.5,
LeQuint Allen,RB,,235.9,,2026-03-25,,,,,,,RB74,230.1,-5.8,
Tucker Kraft,TE,,88.6,,2026-03-25,,,,,,,TE6,87.4,-1.2,
Tyler Allgeier,RB,,87.5,,2026-03-25,,,,,,,RB30,88.8,1.3,
Jakobi Meyers,WR,,86.6,,2026-03-25,,,,,,,WR41,85.4,-1.2,
Jaxson Dart,QB,,85.1,,2026-03-25,,,,,,,QB11,85.9,0.8,
Trevor Lawrence,QB,,84.6,,2026-03-25,,,,,,,QB10,84.6,-0.0,
Justin Herbert,QB,,82.9,,2026-03-25,,,,,,,QB9,82.8,-0.1,
Ricky Pearsall,WR,,82.8,,2026-03-25,,,,,,,WR40,80.9,-1.9,
Dak Prescott,QB,,81.0,,2026-03-25,,,,,,,QB8,82.7,1.7,
Rhamondre Stevenson,RB,,79.6,,2026-03-25,,,,,,,RB29,78.6,-1.0,
Harold Fannin,TE,,79.4,,2026-03-25,,,,,,,TE5,77.4,-2.0,
Michael Wilson,WR,,77.6,,2026-03-25,,,,,,,WR39,76.2,-1.4,
Chuba Hubbard,RB,,77.3,,2026-03-25,,,,,,,RB28,79.8,2.5,
Jordan Addison,WR,,88.8,,2026-03-25,,,,,,,WR42,90.5,1.7,
Jaylen Warren,RB,,76.4,,2026-03-25,,,,,,,RB27,76.8,0.4,
Courtland Sutton,WR,,73.7,,2026-03-25,,,,,,,WR37,67.9,-5.8,
Parker Washington,WR,,73.2,,2026-03-25,,,,,,,WR36,73.1,-0.1,
Drake Maye,QB,,71.7,,2026-03-25,,,,,,,QB7,72.0,0.3,
Alec Pierce,WR,,70.4,,2026-03-25,,,,,,,WR35,71.2,0.8,
Jalen Hurts,QB,,69.4,,2026-03-25,,,,,,,QB6,69.8,0.4,
Jordyn Tyson,WR,,69.0,,2026-03-25,,,,,,,WR34,67.6,-1.4,
Caleb Williams,QB,,68.6,,2026-03-25,,,,,,,QB5,68.7,0.1,
Tyler Warren,TE,,67.7,,2026-03-25,,,,,,,TE4,68.9,1.2,
Marvin Harrison,WR,,65.7,,2026-03-25,,,,,,,WR33,65.3,-0.4,
Joe Burrow,QB,,64.5,,2026-03-25,,,,,,,QB4,64.5,-0.0,
Makai Lemon,WR,,63.5,,2026-03-25,,,,,,,WR32,62.4,-1.1,
RJ Harvey,RB,,63.2,,2026-03-25,,,,,,,RB26,61.3,-1.9,
DK Metcalf,WR,,75.6,,2026-03-25,,,,,,,WR38,74.7,-0.9,
Patrick Mahomes,QB,,90.5,,2026-03-25,,,,,,,QB12,89.2,-1.3,
Kyle Monangai,RB,,92.3,,2026-03-25,,,,,,,RB31,90.4,-1.9,
Rico Dowdle,RB,,92.4,,2026-03-25,,,,,,,RB32,93.5,1.1,
Matthew Golden,WR,,120.4,,2026-03-25,,,,,,,WR51,120.8,0.4,
Jordan Mason,RB,,118.9,,2026-03-25,,,,,,,RB38,122.5,3.6,
Tyler Shough,QB,,118.8,,2026-03-25,,,,,,,QB20,119.4,0.6,
Dalton Kincaid,TE,,117.6,,2026-03-25,,,,,,,TE10,116.5,-1.1,
Jalen Coker,WR,,117.1,,2026-03-25,,,,,,,WR50,118.0,0.9,
Kenneth Gainwell,RB,,114.6,,2026-03-25,,,,,,,RB37,116.1,1.5,
Baker Mayfield,QB,,111.9,,2026-03-25,,,,,,,QB19,111.6,-0.3,
Oronde Gadsden,TE,,111.0,,2026-03-25,,,,,,,TE9,110.2,-0.8,
Kyler Murray,QB,,109.0,,2026-03-25,,,,,,,QB18,112.2,3.2,
Jordan Love,QB,,108.7,,2026-03-25,,,,,,,QB17,109.0,0.3,
J.K. Dobbins,RB,,107.9,,2026-03-25,,,,,,,RB36,112.9,5.0,
Jayden Reed,WR,,107.1,,2026-03-25,,,,,,,WR49,107.1,-0.0,
Xavier Worthy,WR,,107.0,,2026-03-25,,,,,,,WR48,104.5,-2.5,
Jared Goff,QB,,105.5,,2026-03-25,,,,,,,QB16,105.5,-0.0,
Jadarian Price,RB,,104.8,,2026-03-25,,,,,,,RB35,105.1,0.3,
Romeo Doubs,WR,,103.8,,2026-03-25,,,,,,,WR47,109.3,5.5,
Wan'Dale Robinson,WR,,103.2,,2026-03-25,,,,,,,WR46,103.7,0.5,
Tony Pollard,RB,,102.6,,2026-03-25,,,,,,,RB34,99.1,-3.5,
Matthew Stafford,QB,,101.2,,2026-03-25,,,,,,,QB15,100.6,-0.6,
Sam LaPorta,TE,,100.4,,2026-03-25,,,,,,,TE8,99.4,-1.0,
Quentin Johnston,WR,,99.5,,2026-03-25,,,,,,,WR45,95.9,-3.6,
Blake Corum,RB,,98.8,,2026-03-25,,,,,,,RB33,100.3,1.5,
Bo Nix,QB,,98.3,,2026-03-25,,,,,,,QB14,102.4,4.1,
Kyle Pitts,TE,,97.1,,2026-03-25,,,,,,,TE7,95.1,-2.0,
Michael Pittman Jr.,WR,,96.2,,2026-03-25,,,,,,,WR44,94.1,-2.1,
Brock Purdy,QB,,95.2,,2026-03-25,,,,,,,QB13,96.5,1.3,
Chris Godwin,WR,,94.4,,2026-03-25,,,,,,,WR43,98.5,4.1,
Jayden Daniels,QB,,62.9,,2026-03-25,,,,,,,QB3,63.2,0.3,
David Montgomery,RB,,61.6,,2026-03-25,,,,,,,RB25,71.1,9.5,
Brian Thomas,WR,,60.8,,2026-03-25,,,,,,,WR31,60.7,-0.1,
Bhayshul Tuten,RB,,60.0,,2026-03-25,,,,,,,RB24,57.8,-2.2,
Josh Jacobs,RB,,27.1,,2026-03-25,,,,,,,RB14,27.3,0.2,
Chris Olave,WR,,27.0,,2026-03-25,,,,,,,WR11,27.0,-0.0,
Nico Collins,WR,,24.2,,2026-03-25,,,,,,,WR10,24.3,0.1,
George Pickens,WR,,23.6,,2026-03-25,,,,,,,WR9,23.4,-0.2,
Brock Bowers,TE,,23.3,,2026-03-25,,,,,,,TE2,22.4,-0.9,
Chase Brown,RB,,22.1,,2026-03-25,,,,,,,RB13,22.4,0.3,
Derrick Henry,RB,,20.6,,2026-03-25,,,,,,,RB12,20.9,0.3,
Kenneth Walker III,RB,,20.0,,2026-03-25,,,,,,,RB11,20.1,0.1,
Drake London,WR,,19.4,,2026-03-25,,,,,,,WR8,19.2,-0.2,
Trey McBride,TE,,18.3,,2026-03-25,,,,,,,TE1,17.7,-0.6,
Malik Nabers,WR,,18.1,,2026-03-25,,,,,,,WR7,18.1,-0.0,
Saquon Barkley,RB,,16.2,,2026-03-25,,,,,,,RB10,16.5,0.3,
Jeremiyah Love,RB,,16.0,,2026-03-25,,,,,,,RB9,16.4,0.4,
Omarion Hampton,RB,,15.1,,2026-03-25,,,,,,,RB8,15.1,-0.0,
De'Von Achane,RB,,13.1,,2026-03-25,,,,,,,RB7,12.8,-0.3,
Ashton Jeanty,RB,,11.8,,2026-03-25,,,,,,,RB6,11.8,-0.0,
James Cook,RB,,11.1,,2026-03-25,,,,,,,RB5,11.0,-0.1,
Justin Jefferson,WR,,10.1,,2026-03-25,,,,,,,WR6,10.7,0.6,
Amon-Ra St. Brown,WR,,9.0,,2026-03-25,,,,,,,WR5,9.0,-0.0,
CeeDee Lamb,WR,,8.8,,2026-03-25,,,,,,,WR4,8.8,-0.0,
Christian McCaffrey,RB,,7.2,,2026-03-25,,,,,,,RB4,7.1,-0.1,
Jonathan Taylor,RB,,6.5,,2026-03-25,,,,,,,RB3,6.4,-0.1,
Ja'Marr Chase,WR,,3.7,,2026-03-25,,,,,,,WR2,3.7,-0.0,
Puka Nacua,WR,,3.4,,2026-03-25,,,,,,,WR1,3.3,-0.1,
Jahmyr Gibbs,RB,,1.8,,2026-03-25,,,,,,,RB2,1.9,0.1,
Bijan Robinson,RB,,1.3,,2026-03-25,,,,,,,RB1,1.3,-0.0,
Ted Hurst,WR,,235.9,,2026-03-25,,,,,,,WR100,235.0,-0.9,
Josh Allen,QB,,29.3,,2026-03-25,,,,,,,QB1,29.6,0.3,
Malik Willis,QB,,122.5,,2026-03-25,,,,,,,QB21,119.8,-2.7,
A.J. Brown,WR,,29.8,,2026-03-25,,,,,,,WR12,30.0,0.2,
Breece Hall,RB,,31.5,,2026-03-25,,,,,,,RB16,31.2,-0.3,
D.J. Moore,WR,,58.9,,2026-03-25,,,,,,,WR30,64.8,5.9,
D'Andre Swift,RB,,58.3,,2026-03-25,,,,,,,RB23,58.6,0.3,
Christian Watson,WR,,57.4,,2026-03-25,,,,,,,WR29,57.3,-0.1,
Carnell Tate,WR,,56.5,,2026-03-25,,,,,,,WR28,56.0,-0.5,
Cam Skattebo,RB,,55.9,,2026-03-25,,,,,,,RB22,54.7,-1.2,
Rome Odunze,WR,,53.5,,2026-03-25,,,,,,,WR27,53.6,0.1,
Quinshon Judkins,RB,,52.2,,2026-03-25,,,,,,,RB21,52.7,0.5,
Mike Evans,WR,,51.6,,2026-03-25,,,,,,,WR26,51.3,-0.3,
Lamar Jackson,QB,,50.9,,2026-03-25,,,,,,,QB2,50.0,-0.9,
TreVeyon Henderson,RB,,48.5,,2026-03-25,,,,,,,RB20,47.7,-0.8,
Terry McLaurin,WR,,47.9,,2026-03-25,,,,,,,WR25,47.2,-0.7,
Jaylen Waddle,WR,,47.2,,2026-03-25,,,,,,,WR24,50.2,3.0,
Davante Adams,WR,,46.7,,2026-03-25,,,,,,,WR23,46.4,-0.3,
Colston Loveland,TE,,45.7,,2026-03-25,,,,,,,TE3,46.1,0.4,
Jameson Williams,WR,,44.6,,2026-03-25,,,,,,,WR22,44.5,-0.1,
Luther Burden,WR,,43.2,,2026-03-25,,,,,,,WR21,42.6,-0.6,
DeVonta Smith,WR,,41.9,,2026-03-25,,,,,,,WR20,43.2,1.3,
Zay Flowers,WR,,40.9,,2026-03-25,,,,,,,WR19,40.7,-0.2,
Javonte Williams,RB,,40.1,,2026-03-25,,,,,,,RB19,41.8,1.7,
Emeka Egbuka,WR,,39.4,,2026-03-25,,,,,,,WR18,39.6,0.2,
Ladd McConkey,WR,,38.7,,2026-03-25,,,,,,,WR17,39.1,0.4,
Garrett Wilson,WR,,36.9,,2026-03-25,,,,,,,WR16,36.5,-0.4,
Bucky Irving,RB,,35.9,,2026-03-25,,,,,,,RB18,34.2,-1.7,
Rashee Rice,WR,,34.8,,2026-03-25,,,,,,,WR15,34.7,-0.1,
Kyren Williams,RB,,34.5,,2026-03-25,,,,,,,RB17,35.2,0.7,
Tee Higgins,WR,,33.2,,2026-03-25,,,,,,,WR14,33.3,0.1,
Tetairoa McMillan,WR,,31.9,,2026-03-25,,,,,,,WR13,32.2,0.3,
Travis Etienne Jr.,RB,,30.2,,2026-03-25,,,,,,,RB15,30.4,0.2,
George Kittle,TE,,123.5,,2026-03-25,,,,,,,TE11,123.0,-0.5,
Jaxon Smith-Njigba,WR,,5.2,,2026-03-25,,,,,,,WR3,5.3,0.1,
Khalil Shakir,WR,,124.6,,2026-03-25,,,,,,,WR53,124.2,-0.4,
Chris Brazzell II,WR,,211.2,,2026-03-25,,,,,,,WR84,212.0,0.8,
Pat Freiermuth,TE,,210.9,,2026-03-25,,,,,,,TE31,211.2,0.3,
Michael Penix,QB,,210.7,,2026-03-25,,,,,,,QB31,197.1,-13.6,
Aaron Rodgers,QB,,210.7,,2026-03-25,,,,,,,QB32,206.0,-4.7,
Tory Horton,WR,,210.5,,2026-03-25,,,,,,,WR83,203.5,-7.0,
Ray Davis,RB,,209.8,,2026-03-25,,,,,,,RB65,206.0,-3.8,
Terrance Ferguson,TE,,207.5,,2026-03-25,,,,,,,TE30,203.9,-3.6,
Ryan Flournoy,WR,,206.2,,2026-03-25,,,,,,,WR82,207.4,1.2,
Elijah Sarratt,WR,,205.4,,2026-03-25,,,,,,,WR81,199.2,-6.2,
Kaytron Allen,RB,,204.3,,2026-03-25,,,,,,,RB64,196.6,-7.7,
Gunnar Helm,TE,,201.1,,2026-03-25,,,,,,,TE29,201.4,0.3,
Braelon Allen,RB,,199.3,,2026-03-25,,,,,,,RB63,194.8,-4.5,
Hollywood Brown,WR,,211.9,,2026-03-25,,,,,,,WR85,237.5,25.6,
Tua Tagovailoa,QB,,199.1,,2026-03-25,,,,,,,QB30,203.3,4.2,
Nicholas Singleton,RB,,197.8,,2026-03-25,,,,,,,RB61,198.1,0.3,
Kimani Vidal,RB,,197.8,,2026-03-25,,,,,,,RB60,188.1,-9.7,
Cade Otton,TE,,197.2,,2026-03-25,,,,,,,TE28,203.0,5.8,
Troy Franklin,WR,,196.7,,2026-03-25,,,,,,,WR80,172.2,-24.5,
Mason Taylor,TE,,195.7,,2026-03-25,,,,,,,TE27,198.0,2.3,
Christian Kirk,WR,,194.9,,2026-03-25,,,,,,,WR79,228.4,33.5,
Malik Washington,WR,,192.6,,2026-03-25,,,,,,,WR78,216.2,23.6,
Pat Bryant,WR,,191.7,,2026-03-25,,,,,,,WR77,170.0,-21.7,
Tre Tucker,WR,,191.2,,2026-03-25,,,,,,,WR76,191.3,0.1,
Alvin Kamara,RB,,190.8,,2026-03-25,,,,,,,RB59,176.7,-14.1,
Trey Benson,RB,,190.5,,2026-03-25,,,,,,,RB58,175.3,-15.2,
David Njoku,TE,,189.5,,2026-03-25,,,,,,,TE26,184.2,-5.3,
Brian Robinson,RB,,198.1,,2026-03-25,,,,,,,RB62,195.1,-3.0,
Zachariah Branch,WR,,212.7,,2026-03-25,,,,,,,WR86,207.7,-5.0,
Jake Tonges,TE,,217.4,,2026-03-25,,,,,,,TE32,218.5,1.1,
Germie Bernard,WR,,218.6,,2026-03-25,,,,,,,WR87,217.2,-1.4,
Greg Dulcich,TE,,235.2,,2026-03-25,,,,,,,TE36,237.5,2.3,
KC Concepcion,WR,,123.9,,2026-03-25,,,,,,,WR52,125.6,1.7,
Chris Bell,WR,,235.1,,2026-03-25,,,,,,,WR99,237.6,2.5,
Keon Coleman,WR,,234.4,,2026-03-25,,,,,,,WR98,229.8,-4.6,
Jalen Tolbert,WR,,233.4,,2026-03-25,,,,,,,WR97,238.6,5.2,
Emari Demercado,RB,,233.1,,2026-03-25,,,,,,,RB72,235.4,2.3,
Rashod Bateman,WR,,233.0,,2026-03-25,,,,,,,WR96,233.7,0.7,
Justice Hill,RB,,232.7,,2026-03-25,,,,,,,RB71,235.9,3.2,
Dontayvion Wicks,WR,,232.2,,2026-03-25,,,,,,,WR95,233.6,1.4,
Mike Gesicki,TE,,232.1,,2026-03-25,,,,,,,TE35,230.8,-1.3,
Theo Johnson,TE,,231.6,,2026-03-25,,,,,,,TE34,218.2,-13.4,
Jaylin Noel,WR,,231.1,,2026-03-25,,,,,,,WR94,232.4,1.3,
Tez Johnson,WR,,230.6,,2026-03-25,,,,,,,WR93,230.2,-0.4,
Ty Simpson,QB,,230.3,,2026-03-25,,,,,,,QB35,233.9,3.6,
Cooper Kupp,WR,,230.1,,2026-03-25,,,,,,,WR92,228.0,-2.1,
Justin Fields,QB,,230.0,,2026-03-25,,,,,,,QB34,234.5,4.5,
Najee Harris,RB,,229.5,,2026-03-25,,,,,,,RB70,227.0,-2.5,
Jaydon Blue,RB,,229.1,,2026-03-25,,,,,,,RB69,229.3,0.2,
Demond Claiborne,RB,,228.6,,2026-03-25,,,,,,,RB68,223.6,-5.0,
Ja'Kobi Lane,WR,,227.9,,2026-03-25,,,,,,,WR91,221.0,-6.9,
Colby Parkinson,TE,,225.3,,2026-03-25,,,,,,,TE33,224.4,-0.9,
Shedeur Sanders,QB,,225.0,,2026-03-25,,,,,,,QB33,225.1,0.1,
Kyle Williams,WR,,225.0,,2026-03-25,,,,,,,WR90,216.2,-8.8,
Devaughn Vele,WR,,223.3,,2026-03-25,,,,,,,WR89,227.4,4.1,
Elic Ayomanor,WR,,221.9,,2026-03-25,,,,,,,WR88,213.5,-8.4,
Ollie Gordon,RB,,220.4,,2026-03-25,,,,,,,RB67,228.9,8.5,
George Holani,RB,,218.9,,2026-03-25,,,,,,,RB66,218.1,-0.8,
Darnell Mooney,WR,,189.4,,2026-03-25,,,,,,,WR75,207.9,18.5,
Tank Bigsby,RB,,186.9,,2026-03-25,,,,,,,RB57,187.6,0.7,
Jordan James,RB,,234.0,,2026-03-25,,,,,,,RB73,235.9,1.9,
Chimere Dike,WR,,185.3,,2026-03-25,,,,,,,WR74,181.1,-4.2,
Omar Cooper Jr.,WR,,149.2,,2026-03-25,,,,,,,WR61,153.3,4.1,
Fernando Mendoza,QB,,148.7,,2026-03-25,,,,,,,QB27,144.0,-4.7,
Daniel Jones,QB,,147.7,,2026-03-25,,,,,,,QB26,149.0,1.3,
Isaiah Likely,TE,,146.7,,2026-03-25,,,,,,,TE17,154.5,7.8,
Brenton Strange,TE,,146.6,,2026-03-25,,,,,,,TE16,142.3,-4.3,
Bryce Young,QB,,146.4,,2026-03-25,,,,,,,QB25,145.7,-0.7,
Chris Rodriguez,RB,,145.1,,2026-03-25,,,,,,,RB46,164.3,19.2,
Zach Charbonnet,RB,,144.4,,2026-03-25,,,,,,,RB45,148.2,3.8,
Tyrone Tracy,RB,,144.1,,2026-03-25,,,,,,,RB44,140.7,-3.4,
Cam Ward,QB,,142.6,,2026-03-25,,,,,,,QB24,144.9,2.3,
Aaron Jones,RB,,142.5,,2026-03-25,,,,,,,RB43,151.5,9.0,
Stefon Diggs,WR,,141.7,,2026-03-25,,,,,,,WR60,132.7,-9.0,
Mark Andrews,TE,,149.7,,2026-03-25,,,,,,,TE18,148.4,-1.3,
Rashid Shaheed,WR,,139.4,,2026-03-25,,,,,,,WR59,139.7,0.3,
Dallas Goedert,TE,,138.5,,2026-03-25,,,,,,,TE14,140.4,1.9,
Jalen McMillan,WR,,136.5,,2026-03-25,,,,,,,WR58,140.9,4.4,
C.J. Stroud,QB,,135.8,,2026-03-25,,,,,,,QB23,137.2,1.4,
Mike Washington Jr.,RB,,134.9,,2026-03-25,,,,,,,RB42,134.8,-0.1,
Jacory Croskey-Merritt,RB,,134.5,,2026-03-25,,,,,,,RB41,130.0,-4.5,
Denzel Boston,WR,,133.8,,2026-03-25,,,,,,,WR57,128.8,-5.0,
Sam Darnold,QB,,130.4,,2026-03-25,,,,,,,QB22,129.2,-1.2,
Jauan Jennings,WR,,129.8,,2026-03-25,,,,,,,WR56,122.8,-7.0,
Rachaad White,RB,,128.5,,2026-03-25,,,,,,,RB40,132.1,3.6,
Kenyon Sadiq,TE,,126.1,,2026-03-25,,,,,,,TE12,127.7,1.6,
Jayden Higgins,WR,,126.8,,2026-03-25,,,,,,,WR55,128.2,1.4,
Eli Stowers,TE,,185.7,,2026-03-25,,,,,,,TE25,185.4,-0.3,
Travis Kelce,TE,,139.1,,2026-03-25,,,,,,,TE15,147.0,7.9,
Brandon Aiyuk,WR,,151.9,,2026-03-25,,,,,,,WR62,150.7,-1.2,
Jake Ferguson,TE,,128.2,,2026-03-25,,,,,,,TE13,126.5,-1.7,
Travis Hunter,WR,,153.9,,2026-03-25,,,,,,,WR63,152.0,-1.9,
Sean Tucker,RB,,182.2,,2026-03-25,,,,,,,RB56,177.1,-5.1,
Jonathon Brooks,RB,,153.4,,2026-03-25,,,,,,,RB47,155.5,2.1,
Tre' Harris,WR,,181.3,,2026-03-25,,,,,,,WR73,180.4,-0.9,
Dylan Sampson,RB,,180.2,,2026-03-25,,,,,,,RB55,183.8,3.6,
Tank Dell,WR,,178.3,,2026-03-25,,,,,,,WR72,180.3,2.0,
Dalton Schultz,TE,,178.2,,2026-03-25,,,,,,,TE24,178.3,0.1,
Jalen Nailor,WR,,176.5,,2026-03-25,,,,,,,WR71,186.1,9.6,
T.J. Hockenson,TE,,176.3,,2026-03-25,,,,,,,TE23,179.4,3.1,
Geno Smith,QB,,175.8,,2026-03-25,,,,,,,QB29,184.2,8.4,
AJ Barner,TE,,174.3,,2026-03-25,,,,,,,TE22,172.0,-2.3,
Isaac TeSlaa,WR,,173.7,,2026-03-25,,,,,,,WR70,177.2,3.5,
Calvin Ridley,WR,,173.3,,2026-03-25,,,,,,,WR69,175.4,2.1,
Adonai Mitchell,WR,,172.2,,2026-03-25,,,,,,,WR68,174.2,2.0,
Tyjae Spears,RB,,171.8,,2026-03-25,,,,,,,RB54,169.3,-2.5,
Josh Downs,WR,,126.2,,2026-03-25,,,,,,,WR54,132.3,6.1,
Isiah Pacheco,RB,,169.0,,2026-03-25,,,,,,,RB52,180.6,11.6,
Emanuel Wilson,RB,,169.9,,2026-03-25,,,,,,,RB53,185.4,15.5,
Deebo Samuel,WR,,156.3,,2026-03-25,,,,,,,WR64,145.7,-10.6,
Keaton Mitchell,RB,,157.5,,2026-03-25,,,,,,,RB48,166.5,9.0,
James Conner,RB,,157.8,,2026-03-25,,,,,,,RB49,155.0,-2.8,
Woody Marks,RB,,159.2,,2026-03-25,,,,,,,RB50,150.6,-8.6,
Jacoby Brissett,QB,,159.9,,2026-03-25,,,,,,,QB28,164.1,4.2,
Juwan Johnson,TE,,155.7,,2026-03-25,,,,,,,TE19,153.4,-2.3,
Kayshon Boutte,WR,,167.3,,2026-03-25,,,,,,,WR66,164.4,-2.9,
Hunter Henry,TE,,161.7,,2026-03-25,,,,,,,TE20,160.5,-1.2,
Emmett Johnson,RB,,164.0,,2026-03-25,,,,,,,RB51,159.6,-4.4,
Chig Okonkwo,TE,,165.9,,2026-03-25,,,,,,,TE21,180.8,14.9,
Tyreek Hill,WR,,168.2,,2026-03-25,,,,,,,WR67,164.7,-3.5,
Jerry Jeudy,WR,,161.5,,2026-03-25,,,,,,,WR65,161.4,-0.1,
Joe Flacco,QB,,239.8,,2026-04-01,,,,,,,QB43,240.0,0.2,
John Metchie III,WR,,239.8,,2026-04-01,,,,,,,WR126,239.8,-0.0,
KaVontae Turpin,WR,,239.8,,2026-04-01,,,,,,,WR127,239.9,0.1,
Kaden Davis,WR,,239.8,,2026-04-01,,,,,,,WR123,239.8,-0.0,
Chris Oladokun,QB,,239.7,,2026-04-01,,,,,,,QB44,239.7,-0.0,
Kareem Hunt,RB,,239.8,,2026-04-01,,,,,,,RB91,239.7,-0.1,
Tanner Conner,TE,,239.8,,2026-04-01,,,,,,,TE50,239.8,-0.0,
Trevor Etienne,RB,,239.8,,2026-04-01,,,,,,,RB92,239.7,-0.1,
Treylon Burks,WR,,239.8,,2026-04-01,,,,,,,WR124,239.3,-0.5,
Kaelon Black,RB,,239.8,,2026-04-01,,,,,,,RB93,240.0,0.2,
KeAndre Lambert-Smith,WR,,239.8,,2026-04-01,,,,,,,WR125,239.9,0.1,
J'Mari Taylor,RB,,239.8,,2026-04-01,,,,,,,RB93,239.6,-0.2,
Jalen Milroe,QB,,239.8,,2026-04-01,,,,,,,QB42,239.9,0.1,
Isaiah Hodgins,WR,,239.8,,2026-04-01,,,,,,,WR124,239.8,-0.0,
Hendon Hooker,QB,,239.8,,2026-04-01,,,,,,,QB43,239.8,-0.0,
Calvin Austin III,WR,,239.8,,2026-04-01,,,,,,,WR123,239.4,-0.4,
Charlie Kolar,TE,,239.9,,2026-04-01,,,,,,,TE55,239.6,-0.3,
Sam Roush,TE,,239.7,,2026-04-01,,,,,,,TE47,239.8,0.1,
Michael Trigg,TE,,239.7,,2026-04-01,,,,,,,TE48,239.8,0.1,
Marvin Mims Jr.,WR,,239.7,,2026-04-01,,,,,,,WR121,238.7,-1.0,
Malik Davis,RB,,239.7,,2026-04-01,,,,,,,RB88,239.9,0.2,
Jaylin Lane,WR,,239.7,,2026-04-01,,,,,,,WR122,239.6,-0.1,
Gardner Minshew II,QB,,239.7,,2026-04-01,,,,,,,QB41,239.9,0.2,
Dresser Winn,QB,,239.7,,2026-04-01,,,,,,,QB43,239.7,-0.0,
Jerome Ford,RB,,239.8,,2026-04-01,,,,,,,RB90,238.8,-1.0,
Tahj Brooks,RB,,239.7,,2026-04-01,,,,,,,RB89,239.8,0.1,
Greg Dortch,WR,,239.9,,2026-04-01,,,,,,,WR133,239.9,-0.0,
De'Zhaun Stribling,WR,,239.9,,2026-04-01,,,,,,,WR130,240.0,0.1,
Treyton Welch,TE,,239.9,,2026-04-01,,,,,,,TE49,239.9,-0.0,
Anthony Richardson,QB,,239.7,,2026-04-01,,,,,,,QB40,239.4,-0.3,
Terion Stewart,RB,,239.9,,2026-04-01,,,,,,,RB101,240.0,0.1,
Tai Felton,WR,,239.9,,2026-04-01,,,,,,,WR133,240.0,0.1,
Savion Williams,WR,,239.9,,2026-04-01,,,,,,,WR132,239.8,-0.1,
Roman Hemby,RB,,239.9,,2026-04-01,,,,,,,RB102,239.8,-0.1,
Riley Leonard,QB,,239.9,,2026-04-01,,,,,,,QB45,240.0,0.1,
Quinn Ewers,QB,,239.9,,2026-04-01,,,,,,,QB46,239.9,-0.0,
Odell Beckham Jr.,WR,,239.9,,2026-04-01,,,,,,,WR130,240.0,0.1,
Noah Fant,TE,,239.9,,2026-04-01,,,,,,,TE53,239.7,-0.2,
Nick Westbrook-Ikhine,WR,,239.9,,2026-04-01,,,,,,,WR129,240.0,0.1,
Mitchell Evans,TE,,239.9,,2026-04-01,,,,,,,TE51,240.0,0.1,
Cody White,WR,,239.9,,2026-04-01,,,,,,,WR135,239.9,-0.0,
Michael Jacobson,TE,,239.9,,2026-04-01,,,,,,,TE50,239.9,-0.0,
Mason Rudolph,QB,,239.9,,2026-04-01,,,,,,,QB47,239.9,-0.0,
Le'Veon Moss,RB,,239.9,,2026-04-01,,,,,,,RB97,239.9,-0.0,
Kenny McIntosh,RB,,239.9,,2026-04-01,,,,,,,RB102,239.9,-0.0,
Joe Milton,QB,,239.9,,2026-04-01,,,,,,,QB44,240.0,0.1,
Jaydn Ott,RB,,239.9,,2026-04-01,,,,,,,RB95,239.8,-0.1,
Jarquez Hunter,RB,,239.9,,2026-04-01,,,,,,,RB97,239.9,-0.0,
Jam Miller,RB,,239.9,,2026-04-01,,,,,,,RB96,239.8,-0.1,
Isaiah Davis,RB,,239.9,,2026-04-01,,,,,,,RB97,239.7,-0.2,
Erick All,TE,,239.9,,2026-04-01,,,,,,,TE54,240.0,0.1,
Elijah Moore,WR,,239.9,,2026-04-01,,,,,,,WR128,240.0,0.1,
Dont'e Thornton,WR,,239.9,,2026-04-01,,,,,,,WR135,239.8,-0.1,
Demarcus Robinson,WR,,239.9,,2026-04-01,,,,,,,WR134,240.0,0.1,
Michael Carter,RB,,239.9,,2026-04-01,,,,,,,RB100,239.9,-0.0,
Marlin Klein,TE,,239.9,,2026-04-01,,,,,,,TE51,240.0,0.1,
Andrei Iosivas,WR,,238.9,,2026-04-01,,,,,,,WR110,239.2,0.3,
Luke McCaffrey,WR,,239.6,,2026-04-01,,,,,,,WR120,239.8,0.2,
Chris Brooks,RB,,238.6,,2026-04-01,,,,,,,RB80,239.4,0.8,
Malachi Fields,WR,,238.5,,2026-04-01,,,,,,,WR105,239.3,0.8,
Darius Slayton,WR,,238.5,,2026-04-01,,,,,,,WR106,237.9,-0.6,
Seth McGowan,RB,,238.4,,2026-04-01,,,,,,,RB78,238.8,0.4,
LeQuint Allen,RB,,238.4,,2026-04-01,,,,,,,RB79,235.9,-2.5,
Joe Mixon,RB,,238.0,,2026-04-01,,,,,,,RB77,237.7,-0.3,
Jaylen Wright,RB,,237.9,,2026-04-01,,,,,,,RB76,236.9,-1.0,
Tyquan Thornton,WR,,237.8,,2026-04-01,,,,,,,WR104,236.7,-1.1,
DJ Giddens,RB,,237.3,,2026-04-01,,,,,,,RB75,238.3,1.0,
Adam Randall,RB,,237.2,,2026-04-01,,,,,,,RB74,236.7,-0.5,
Keon Coleman,WR,,236.7,,2026-04-01,,,,,,,WR102,234.4,-2.3,
Keenan Allen,WR,,236.7,,2026-04-01,,,,,,,WR103,236.6,-0.1,
Jahan Dotson,WR,,236.6,,2026-04-01,,,,,,,WR101,238.3,1.7,
Evan Engram,TE,,236.0,,2026-04-01,,,,,,,TE37,236.0,-0.0,
Antonio Williams,WR,,235.8,,2026-04-01,,,,,,,WR100,237.4,1.6,
Greg Dulcich,TE,,235.4,,2026-04-01,,,,,,,TE36,235.2,-0.2,
Jalen Tolbert,WR,,235.2,,2026-04-01,,,,,,,WR99,233.4,-1.8,
Emari Demercado,RB,,235.2,,2026-04-01,,,,,,,RB73,233.1,-2.1,
Deshaun Watson,QB,,235.1,,2026-04-01,,,,,,,QB36,238.1,3.0,
Justin Fields,QB,,234.3,,2026-04-01,,,,,,,QB35,230.0,-4.3,
Dontayvion Wicks,WR,,234.2,,2026-04-01,,,,,,,WR98,232.2,-2.0,
Jaylin Noel,WR,,234.0,,2026-04-01,,,,,,,WR97,231.1,-2.9,
Theo Johnson,TE,,233.9,,2026-04-01,,,,,,,TE35,231.6,-2.3,
Ty Chandler,RB,,239.9,,2026-04-01,,,,,,,RB96,239.9,-0.0,
Ja'Kobi Lane,WR,,233.8,,2026-04-01,,,,,,,WR96,227.9,-5.9,
Darnell Washington,TE,,238.6,,2026-04-01,,,,,,,TE38,238.4,-0.2,
Skyler Bell,WR,,238.7,,2026-04-01,,,,,,,WR107,239.0,0.3,
Kirk Cousins,QB,,238.8,,2026-04-01,,,,,,,QB38,239.4,0.6,
Mac Jones,QB,,238.8,,2026-04-01,,,,,,,QB37,238.6,-0.2,
Kalif Raymond,WR,,239.6,,2026-04-01,,,,,,,WR119,239.9,0.3,
Ja'Tavion Sanders,TE,,239.6,,2026-04-01,,,,,,,TE46,239.2,-0.4,
DeMario Douglas,WR,,239.6,,2026-04-01,,,,,,,WR118,239.8,0.2,
Xavier Legette,WR,,239.5,,2026-04-01,,,,,,,WR115,239.4,-0.1,
Tyler Higbee,TE,,239.5,,2026-04-01,,,,,,,TE43,239.8,0.3,
Oscar Delp,TE,,239.5,,2026-04-01,,,,,,,TE45,239.9,0.4,
Olamide Zaccheaus,WR,,239.5,,2026-04-01,,,,,,,WR117,238.9,-0.6,
Max Klare,TE,,239.5,,2026-04-01,,,,,,,TE44,239.1,-0.4,
MarShawn Lloyd,RB,,239.5,,2026-04-01,,,,,,,RB86,239.3,-0.2,
Devontez Walker,WR,,239.5,,2026-04-01,,,,,,,WR115,239.6,0.1,
Brashard Smith,RB,,239.5,,2026-04-01,,,,,,,RB85,239.4,-0.1,
Ty Johnson,RB,,239.4,,2026-04-01,,,,,,,RB84,238.4,-1.0,
Samaje Perine,RB,,239.6,,2026-04-01,,,,,,,RB87,239.8,0.2,
Tutu Atwell,WR,,239.4,,2026-04-01,,,,,,,WR114,238.3,-1.1,
Cole Kmet,TE,,239.4,,2026-04-01,,,,,,,TE42,239.4,-0.0,
Dawson Knox,TE,,239.3,,2026-04-01,,,,,,,TE41,238.8,-0.5,
Bryce Lance,WR,,239.3,,2026-04-01,,,,,,,WR113,239.4,0.1,
J.J. McCarthy,QB,,239.2,,2026-04-01,,,,,,,QB39,238.9,-0.3,
Isaac Guerendo,RB,,239.2,,2026-04-01,,,,,,,RB82,239.8,0.6,
Elijah Arroyo,TE,,239.2,,2026-04-01,,,,,,,TE40,239.2,-0.0,
Kaleb Johnson,RB,,239.1,,2026-04-01,,,,,,,RB81,239.1,-0.0,
Isaiah Bond,WR,,239.0,,2026-04-01,,,,,,,WR112,239.0,-0.0,
Mack Hollins,WR,,238.9,,2026-04-01,,,,,,,WR109,238.5,-0.4,
Kendrick Bourne,WR,,238.9,,2026-04-01,,,,,,,WR110,239.5,0.6,
Jack Bech,WR,,238.9,,2026-04-01,,,,,,,WR108,238.8,-0.1,
Michael Mayer,TE,,238.8,,2026-04-01,,,,,,,TE39,239.6,0.8,
Devin Neal,RB,,239.4,,2026-04-01,,,,,,,RB83,239.6,0.2,
Tylan Wallace,WR,,239.9,,2026-04-01,,,,,,,WR132,239.9,-0.0,
Jeremy McNichols,RB,,240.0,,2026-04-01,,,,,,,RB107,240.0,-0.0,
Tyler Huntley,QB,,239.9,,2026-04-01,,,,,,,QB48,240.0,0.1,
Mo Alie-Cox,TE,,240.0,,2026-04-01,,,,,,,TE64,240.0,-0.0,
Mitch Tinsley,WR,,240.0,,2026-04-01,,,,,,,WR146,240.0,-0.0,
Miles Sanders,RB,,240.0,,2026-04-01,,,,,,,RB104,240.0,-0.0,
Mathew Sexton,WR,,240.0,,2026-04-01,,,,,,,WR148,240.0,-0.0,
Mason Tipton,WR,,240.0,,2026-04-01,,,,,,,WR154,240.0,-0.0,
Marcus Mariota,QB,,240.0,,2026-04-01,,,,,,,QB49,239.9,-0.1,
Malik Flowers,WR,,240.0,,2026-04-01,,,,,,,WR157,239.9,-0.1,
Malachi Corley,WR,,240.0,,2026-04-01,,,,,,,WR152,240.0,-0.0,
Luke Schoonmaker,TE,,240.0,,2026-04-01,,,,,,,TE70,240.0,-0.0,
Luke Musgrave,TE,,240.0,,2026-04-01,,,,,,,TE61,239.8,-0.2,
Lewis Bond,WR,,240.0,,2026-04-01,,,,,,,WR148,240.0,-0.0,
Lew Nichols,RB,,240.0,,2026-04-01,,,,,,,RB107,240.0,-0.0,
LaJohntay Wester,WR,,240.0,,2026-04-01,,,,,,,WR159,240.0,-0.0,
La'Mical Perine,RB,,240.0,,2026-04-01,,,,,,,RB113,240.0,-0.0,
Kyle Allen,QB,,240.0,,2026-04-01,,,,,,,QB56,240.0,-0.0,
Konata Mumpfield,WR,,240.0,,2026-04-01,,,,,,,WR140,239.9,-0.1,
Kevin Austin,WR,,240.0,,2026-04-01,,,,,,,WR148,240.0,-0.0,
Kendre Miller,RB,,240.0,,2026-04-01,,,,,,,RB113,240.0,-0.0,
Kalel Mullings,RB,,240.0,,2026-04-01,,,,,,,RB110,240.0,-0.0,
Justin Joly,TE,,240.0,,2026-04-01,,,,,,,TE56,240.0,-0.0,
Joshua Palmer,WR,,240.0,,2026-04-01,,,,,,,WR148,240.0,-0.0,
Josh Oliver,TE,,240.0,,2026-04-01,,,,,,,TE62,240.0,-0.0,
Josh Johnson,QB,,240.0,,2026-04-01,,,,,,,QB53,240.0,-0.0,
Jordan Whittington,WR,,240.0,,2026-04-01,,,,,,,WR154,240.0,-0.0,
Jordan Watkins,WR,,240.0,,2026-04-01,,,,,,,WR148,240.0,-0.0,
Nathan Carter,RB,,240.0,,2026-04-01,,,,,,,RB113,240.0,-0.0,
Nick Chubb,RB,,240.0,,2026-04-01,,,,,,,RB106,240.0,-0.0,
Nick Mullens,QB,,240.0,,2026-04-01,,,,,,,QB60,240.0,-0.0,
Noah Gray,TE,,240.0,,2026-04-01,,,,,,,TE61,240.0,-0.0,
Rashod Bateman,WR,,233.7,,2026-04-01,,,,,,,WR95,233.0,-0.7,
Xavier Hutchinson,WR,,240.0,,2026-04-01,,,,,,,WR139,240.0,-0.0,
Will Levis,QB,,240.0,,2026-04-01,,,,,,,QB53,240.0,-0.0,
Van Jefferson,WR,,240.0,,2026-04-01,,,,,,,WR154,240.0,-0.0,
Tyson Bagent,QB,,240.0,,2026-04-01,,,,,,,QB54,240.0,-0.0,
Tyrell Shavers,WR,,240.0,,2026-04-01,,,,,,,WR142,240.0,-0.0,
Tyler Scott,WR,,240.0,,2026-04-01,,,,,,,WR156,240.0,-0.0,
Trishton Jackson,WR,,240.0,,2026-04-01,,,,,,,WR150,240.0,-0.0,
Trinidad Chambliss,QB,,240.0,,2026-04-01,,,,,,,QB60,240.0,-0.0,
Travis Homer,RB,,240.0,,2026-04-01,,,,,,,RB107,239.9,-0.1,
Tommy Tremble,TE,,240.0,,2026-04-01,,,,,,,TE58,239.9,-0.1,
Theo Wease,WR,,240.0,,2026-04-01,,,,,,,WR152,239.9,-0.1,
Jonnu Smith,TE,,240.0,,2026-04-01,,,,,,,TE56,240.0,-0.0,
Teddy Bridgewater,QB,,240.0,,2026-04-01,,,,,,,QB61,239.9,-0.1,
Taylen Green,QB,,240.0,,2026-04-01,,,,,,,QB51,239.6,-0.4,
Tanner McKee,QB,,240.0,,2026-04-01,,,,,,,QB54,240.0,-0.0,
Tanner Koziol,TE,,240.0,,2026-04-01,,,,,,,TE69,239.9,-0.1,
Spencer Rattler,QB,,240.0,,2026-04-01,,,,,,,QB57,239.9,-0.1,
Sione Vaki,RB,,240.0,,2026-04-01,,,,,,,RB110,240.0,-0.0,
Sam Howell,QB,,240.0,,2026-04-01,,,,,,,QB53,240.0,-0.0,
Roman Wilson,WR,,240.0,,2026-04-01,,,,,,,WR156,240.0,-0.0,
Rasheen Ali,RB,,240.0,,2026-04-01,,,,,,,RB106,239.9,-0.1,
Rahsul Faison,RB,,240.0,,2026-04-01,,,,,,,RB106,240.0,-0.0,
Raheim Sanders,RB,,240.0,,2026-04-01,,,,,,,RB110,240.0,-0.0,
Phil Mafah,RB,,240.0,,2026-04-01,,,,,,,RB113,240.0,-0.0,
Noah Whittington,RB,,240.0,,2026-04-01,,,,,,,RB106,240.0,-0.0,
Taysom Hill,TE,,240.0,,2026-04-01,,,,,,,TE61,240.0,-0.0,
Tyler Conklin,TE,,239.9,,2026-04-01,,,,,,,TE51,240.0,0.1,
Jimmy Horn,WR,,240.0,,2026-04-01,,,,,,,WR142,240.0,-0.0,
Jarrett Stidham,QB,,240.0,,2026-04-01,,,,,,,QB54,240.0,-0.0,
Dallen Bentley,TE,,240.0,,2026-04-01,,,,,,,TE58,240.0,-0.0,
Cole Payton,QB,,240.0,,2026-04-01,,,,,,,QB52,240.0,-0.0,
Colbie Young,WR,,240.0,,2026-04-01,,,,,,,WR157,240.0,-0.0,
Chip Trayanum,RB,,240.0,,2026-04-01,,,,,,,RB104,240.0,-0.0,
Chase Claypool,WR,,240.0,,2026-04-01,,,,,,,WR156,240.0,-0.0,
Cedric Tillman,WR,,240.0,,2026-04-01,,,,,,,WR136,239.9,-0.1,
Carson Wentz,QB,,240.0,,2026-04-01,,,,,,,QB49,240.0,-0.0,
Carson Beck,QB,,240.0,,2026-04-01,,,,,,,QB56,240.0,-0.0,
Caleb Douglas,WR,,240.0,,2026-04-01,,,,,,,WR140,240.0,-0.0,
Cade Stover,TE,,240.0,,2026-04-01,,,,,,,TE68,240.0,-0.0,
CJ Daniels,WR,,240.0,,2026-04-01,,,,,,,WR148,240.0,-0.0,
Brevyn Spann-Ford,TE,,240.0,,2026-04-01,,,,,,,TE64,240.0,-0.0,
Brenen Thompson,WR,,240.0,,2026-04-01,,,,,,,WR142,239.9,-0.1,
Ben Skowronek,WR,,240.0,,2026-04-01,,,,,,,WR156,240.0,-0.0,
Ben Sinnott,TE,,240.0,,2026-04-01,,,,,,,TE61,240.0,-0.0,
Austin Hooper,TE,,240.0,,2026-04-01,,,,,,,TE61,240.0,-0.0,
Austin Ekeler,RB,,240.0,,2026-04-01,,,,,,,RB108,240.0,-0.0,
Audric Estime,RB,,240.0,,2026-04-01,,,,,,,RB114,240.0,-0.0,
Ashton Dulin,WR,,240.0,,2026-04-01,,,,,,,WR136,240.0,-0.0,
Andrew Armstrong,WR,,240.0,,2026-04-01,,,,,,,WR152,240.0,-0.0,
Adam Trautman,TE,,240.0,,2026-04-01,,,,,,,TE69,240.0,-0.0,
AJ Dillon,RB,,240.0,,2026-04-01,,,,,,,RB113,240.0,-0.0,
Zach Ertz,TE,,239.9,,2026-04-01,,,,,,,TE50,240.0,0.1,
Will Shipley,RB,,239.9,,2026-04-01,,,,,,,RB97,239.9,-0.0,
Will Howard,QB,,239.9,,2026-04-01,,,,,,,QB47,240.0,0.1,
Damien Martinez,RB,,240.0,,2026-04-01,,,,,,,RB108,240.0,-0.0,
Daniel Bellinger,TE,,240.0,,2026-04-01,,,,,,,TE58,240.0,-0.0,
Darius Cooper,WR,,240.0,,2026-04-01,,,,,,,WR156,240.0,-0.0,
Darren Waller,TE,,240.0,,2026-04-01,,,,,,,TE61,239.9,-0.1,
Jameis Winston,QB,,240.0,,2026-04-01,,,,,,,QB51,240.0,-0.0,
Jalen Royals,WR,,240.0,,2026-04-01,,,,,,,WR143,240.0,-0.0,
Jaleel McLaughlin,RB,,240.0,,2026-04-01,,,,,,,RB113,240.0,-0.0,
Jake Bobo,WR,,240.0,,2026-04-01,,,,,,,WR152,240.0,-0.0,
Jacob Cowing,WR,,240.0,,2026-04-01,,,,,,,WR148,240.0,-0.0,
Jack Endries,TE,,240.0,,2026-04-01,,,,,,,TE64,240.0,-0.0,
Ja'Lynn Polk,WR,,240.0,,2026-04-01,,,,,,,WR142,240.0,-0.0,
Isaiah Williams,WR,,240.0,,2026-04-01,,,,,,,WR142,240.0,-0.0,
Grant Calcaterra,TE,,240.0,,2026-04-01,,,,,,,TE66,240.0,-0.0,
Garrett Nussmeier,QB,,240.0,,2026-04-01,,,,,,,QB54,240.0,-0.0,
Foster Moreau,TE,,240.0,,2026-04-01,,,,,,,TE61,240.0,-0.0,
Eric McAlister,WR,,240.0,,2026-04-01,,,,,,,WR148,239.9,-0.1,
Jawhar Jordan,RB,,240.0,,2026-04-01,,,,,,,RB113,239.9,-0.1,
Elijah Higgins,TE,,240.0,,2026-04-01,,,,,,,TE68,240.0,-0.0,
Efton Chism,WR,,240.0,,2026-04-01,,,,,,,WR156,240.0,-0.0,
Dylan Laube,RB,,240.0,,2026-04-01,,,,,,,RB105,240.0,-0.0,
Dyami Brown,WR,,240.0,,2026-04-01,,,,,,,WR148,239.9,-0.1,
Drew Allar,QB,,240.0,,2026-04-01,,,,,,,QB53,239.7,-0.3,
Devin Singletary,RB,,240.0,,2026-04-01,,,,,,,RB113,239.9,-0.1,
Devin Culp,TE,,240.0,,2026-04-01,,,,,,,TE66,240.0,-0.0,
Desmond Reid,RB,,240.0,,2026-04-01,,,,,,,RB110,240.0,-0.0,
Deion Burks,WR,,240.0,,2026-04-01,,,,,,,WR136,240.0,-0.0,
Dean Conners,RB,,240.0,,2026-04-01,,,,,,,RB107,240.0,-0.0,
DeAndre Hopkins,WR,,240.0,,2026-04-01,,,,,,,WR142,240.0,-0.0,
Davis Mills,QB,,240.0,,2026-04-01,,,,,,,QB53,240.0,-0.0,
David Sills,WR,,240.0,,2026-04-01,,,,,,,WR163,240.0,-0.0,
Eli Raridon,TE,,240.0,,2026-04-01,,,,,,,TE61,240.0,-0.0,
Demond Claiborne,RB,,233.4,,2026-04-01,,,,,,,RB72,228.6,-4.8,
Baker Mayfield,QB,,111.5,,2026-04-01,,,,,,,QB19,111.9,0.4,
Justice Hill,RB,,231.2,,2026-04-01,,,,,,,RB70,232.7,1.5,
Trevor Lawrence,QB,,83.9,,2026-04-01,,,,,,,QB10,84.6,0.7,
Justin Herbert,QB,,82.6,,2026-04-01,,,,,,,QB9,82.9,0.3,
Dak Prescott,QB,,80.6,,2026-04-01,,,,,,,QB8,81.0,0.4,
Harold Fannin,TE,,80.4,,2026-04-01,,,,,,,TE5,79.4,-1.0,
Rhamondre Stevenson,RB,,79.2,,2026-04-01,,,,,,,RB29,79.6,0.4,
Jaylen Warren,RB,,78.1,,2026-04-01,,,,,,,RB28,76.4,-1.7,
Michael Wilson,WR,,77.5,,2026-04-01,,,,,,,WR39,77.6,0.1,
DK Metcalf,WR,,76.9,,2026-04-01,,,,,,,WR38,75.6,-1.3,
Courtland Sutton,WR,,74.3,,2026-04-01,,,,,,,WR37,73.7,-0.6,
Chuba Hubbard,RB,,73.8,,2026-04-01,,,,,,,RB27,77.3,3.5,
Parker Washington,WR,,72.9,,2026-04-01,,,,,,,WR36,73.2,0.3,
Drake Maye,QB,,71.9,,2026-04-01,,,,,,,QB7,71.7,-0.2,
Jordyn Tyson,WR,,70.8,,2026-04-01,,,,,,,WR35,69.0,-1.8,
Jalen Hurts,QB,,69.6,,2026-04-01,,,,,,,QB6,69.4,-0.2,
Alec Pierce,WR,,68.8,,2026-04-01,,,,,,,WR34,70.4,1.6,
Caleb Williams,QB,,68.5,,2026-04-01,,,,,,,QB5,68.6,0.1,
Tyler Warren,TE,,68.1,,2026-04-01,,,,,,,TE4,67.7,-0.4,
RJ Harvey,RB,,66.5,,2026-04-01,,,,,,,RB26,63.2,-3.3,
Marvin Harrison,WR,,64.7,,2026-04-01,,,,,,,WR33,65.7,1.0,
Joe Burrow,QB,,64.7,,2026-04-01,,,,,,,QB4,64.5,-0.2,
Makai Lemon,WR,,63.4,,2026-04-01,,,,,,,WR32,63.5,0.1,
Jayden Daniels,QB,,62.4,,2026-04-01,,,,,,,QB3,62.9,0.5,
Brian Thomas,WR,,61.9,,2026-04-01,,,,,,,WR31,60.8,-1.1,
D'Andre Swift,RB,,60.6,,2026-04-01,,,,,,,RB25,58.3,-2.3,
Christian Watson,WR,,58.7,,2026-04-01,,,,,,,WR30,57.4,-1.3,
Ricky Pearsall,WR,,85.2,,2026-04-01,,,,,,,WR40,82.8,-2.4,
David Montgomery,RB,,57.0,,2026-04-01,,,,,,,RB24,61.6,4.6,
Jaxson Dart,QB,,86.5,,2026-04-01,,,,,,,QB11,85.1,-1.4,
Jakobi Meyers,WR,,87.2,,2026-04-01,,,,,,,WR42,86.6,-0.6,
Oronde Gadsden,TE,,112.2,,2026-04-01,,,,,,,TE9,111.0,-1.2,
Xavier Worthy,WR,,109.2,,2026-04-01,,,,,,,WR49,107.0,-2.2,
Jordan Love,QB,,109.1,,2026-04-01,,,,,,,QB18,108.7,-0.4,
Jadarian Price,RB,,108.3,,2026-04-01,,,,,,,RB36,104.8,-3.5,
Kyler Murray,QB,,106.1,,2026-04-01,,,,,,,QB17,109.0,2.9,
Jayden Reed,WR,,105.6,,2026-04-01,,,,,,,WR48,107.1,1.5,
Jared Goff,QB,,105.4,,2026-04-01,,,,,,,QB16,105.5,0.1,
Tony Pollard,RB,,105.1,,2026-04-01,,,,,,,RB35,102.6,-2.5,
Wan'Dale Robinson,WR,,102.4,,2026-04-01,,,,,,,WR47,103.2,0.8,
Matthew Stafford,QB,,102.3,,2026-04-01,,,,,,,QB15,101.2,-1.1,
J.K. Dobbins,RB,,102.3,,2026-04-01,,,,,,,RB34,107.9,5.6,
Sam LaPorta,TE,,101.6,,2026-04-01,,,,,,,TE8,100.4,-1.2,
Quentin Johnston,WR,,101.4,,2026-04-01,,,,,,,WR46,99.5,-1.9,
Blake Corum,RB,,99.8,,2026-04-01,,,,,,,RB33,98.8,-1.0,
Kyle Pitts,TE,,99.0,,2026-04-01,,,,,,,TE7,97.1,-1.9,
Michael Pittman Jr.,WR,,97.5,,2026-04-01,,,,,,,WR45,96.2,-1.3,
Bo Nix,QB,,97.1,,2026-04-01,,,,,,,QB14,98.3,1.2,
Romeo Doubs,WR,,95.7,,2026-04-01,,,,,,,WR44,103.8,8.1,
Brock Purdy,QB,,94.6,,2026-04-01,,,,,,,QB13,95.2,0.6,
Kyle Monangai,RB,,93.4,,2026-04-01,,,,,,,RB32,92.3,-1.1,
Chris Godwin,WR,,91.4,,2026-04-01,,,,,,,WR43,94.4,3.0,
Rico Dowdle,RB,,91.3,,2026-04-01,,,,,,,RB31,92.4,1.1,
Patrick Mahomes,QB,,89.3,,2026-04-01,,,,,,,QB12,90.5,1.2,
Tucker Kraft,TE,,89.2,,2026-04-01,,,,,,,TE6,88.6,-0.6,
Tyler Allgeier,RB,,87.5,,2026-04-01,,,,,,,RB30,87.5,-0.0,
Jordan Addison,WR,,87.1,,2026-04-01,,,,,,,WR41,88.8,1.7,
Cam Skattebo,RB,,56.8,,2026-04-01,,,,,,,RB22,55.9,-0.9,
Bhayshul Tuten,RB,,56.8,,2026-04-01,,,,,,,RB22,60.0,3.2,
Carnell Tate,WR,,56.5,,2026-04-01,,,,,,,WR29,56.5,-0.0,
George Pickens,WR,,23.9,,2026-04-01,,,,,,,WR9,23.6,-0.3,
Brock Bowers,TE,,23.3,,2026-04-01,,,,,,,TE2,23.3,-0.0,
Chase Brown,RB,,21.9,,2026-04-01,,,,,,,RB13,22.1,0.2,
Derrick Henry,RB,,20.4,,2026-04-01,,,,,,,RB12,20.6,0.2,
Drake London,WR,,19.5,,2026-04-01,,,,,,,WR8,19.4,-0.1,
Kenneth Walker III,RB,,19.1,,2026-04-01,,,,,,,RB11,20.0,0.9,
Trey McBride,TE,,18.9,,2026-04-01,,,,,,,TE1,18.3,-0.6,
Malik Nabers,WR,,17.7,,2026-04-01,,,,,,,WR7,18.1,0.4,
Saquon Barkley,RB,,16.0,,2026-04-01,,,,,,,RB10,16.2,0.2,
Jeremiyah Love,RB,,15.6,,2026-04-01,,,,,,,RB9,16.0,0.4,
Omarion Hampton,RB,,15.3,,2026-04-01,,,,,,,RB8,15.1,-0.2,
De'Von Achane,RB,,13.5,,2026-04-01,,,,,,,RB7,13.1,-0.4,
Ashton Jeanty,RB,,11.9,,2026-04-01,,,,,,,RB6,11.8,-0.1,
James Cook,RB,,11.0,,2026-04-01,,,,,,,RB5,11.1,0.1,
Justin Jefferson,WR,,10.1,,2026-04-01,,,,,,,WR6,10.1,-0.0,
Amon-Ra St. Brown,WR,,9.0,,2026-04-01,,,,,,,WR5,9.0,-0.0,
CeeDee Lamb,WR,,8.5,,2026-04-01,,,,,,,WR4,8.8,0.3,
Christian McCaffrey,RB,,7.5,,2026-04-01,,,,,,,RB4,7.2,-0.3,
Jonathan Taylor,RB,,6.4,,2026-04-01,,,,,,,RB3,6.5,0.1,
Jaxon Smith-Njigba,WR,,5.1,,2026-04-01,,,,,,,WR3,5.2,0.1,
Puka Nacua,WR,,3.9,,2026-04-01,,,,,,,WR2,3.4,-0.5,
Ja'Marr Chase,WR,,3.4,,2026-04-01,,,,,,,WR1,3.7,0.3,
Jahmyr Gibbs,RB,,1.8,,2026-04-01,,,,,,,RB2,1.8,-0.0,
Bijan Robinson,RB,,1.4,,2026-04-01,,,,,,,RB1,1.3,-0.1,
Xavier Smith,WR,,240.0,,2026-04-01,,,,,,,WR148,240.0,-0.0,
Nico Collins,WR,,24.4,,2026-04-01,,,,,,,WR10,24.2,-0.2,
Chris Olave,WR,,27.0,,2026-04-01,,,,,,,WR11,27.0,-0.0,
Josh Jacobs,RB,,27.2,,2026-04-01,,,,,,,RB14,27.1,-0.1,
Josh Allen,QB,,29.0,,2026-04-01,,,,,,,QB1,29.3,0.3,
D.J. Moore,WR,,54.1,,2026-04-01,,,,,,,WR28,58.9,4.8,
Quinshon Judkins,RB,,53.8,,2026-04-01,,,,,,,RB21,52.2,-1.6,
Rome Odunze,WR,,52.8,,2026-04-01,,,,,,,WR27,53.5,0.7,
Lamar Jackson,QB,,50.9,,2026-04-01,,,,,,,QB2,50.9,-0.0,
Mike Evans,WR,,49.8,,2026-04-01,,,,,,,WR26,51.6,1.8,
Davante Adams,WR,,48.8,,2026-04-01,,,,,,,WR25,46.7,-2.1,
TreVeyon Henderson,RB,,48.7,,2026-04-01,,,,,,,RB20,48.5,-0.2,
Terry McLaurin,WR,,47.5,,2026-04-01,,,,,,,WR24,47.9,0.4,
Jaylen Waddle,WR,,47.2,,2026-04-01,,,,,,,WR23,47.2,-0.0,
Colston Loveland,TE,,46.0,,2026-04-01,,,,,,,TE3,45.7,-0.3,
Jameson Williams,WR,,45.1,,2026-04-01,,,,,,,WR22,44.6,-0.5,
Luther Burden,WR,,42.3,,2026-04-01,,,,,,,WR21,43.2,0.9,
Kenneth Gainwell,RB,,114.5,,2026-04-01,,,,,,,RB37,114.6,0.1,
DeVonta Smith,WR,,41.5,,2026-04-01,,,,,,,WR20,41.9,0.4,
Javonte Williams,RB,,40.4,,2026-04-01,,,,,,,RB19,40.1,-0.3,
Emeka Egbuka,WR,,39.0,,2026-04-01,,,,,,,WR18,39.4,0.4,
Ladd McConkey,WR,,38.8,,2026-04-01,,,,,,,WR17,38.7,-0.1,
Bucky Irving,RB,,36.9,,2026-04-01,,,,,,,RB18,35.9,-1.0,
Garrett Wilson,WR,,36.6,,2026-04-01,,,,,,,WR16,36.9,0.3,
Rashee Rice,WR,,35.1,,2026-04-01,,,,,,,WR15,34.8,-0.3,
Kyren Williams,RB,,34.3,,2026-04-01,,,,,,,RB17,34.5,0.2,
Tee Higgins,WR,,32.9,,2026-04-01,,,,,,,WR14,33.2,0.3,
Breece Hall,RB,,32.4,,2026-04-01,,,,,,,RB16,31.5,-0.9,
Tetairoa McMillan,WR,,31.6,,2026-04-01,,,,,,,WR13,31.9,0.3,
Travis Etienne Jr.,RB,,30.3,,2026-04-01,,,,,,,RB15,30.2,-0.1,
A.J. Brown,WR,,29.4,,2026-04-01,,,,,,,WR12,29.8,0.4,
Zay Flowers,WR,,40.6,,2026-04-01,,,,,,,WR19,40.9,0.3,
Jalen Coker,WR,,116.6,,2026-04-01,,,,,,,WR50,117.1,0.5,
KC Concepcion,WR,,117.1,,2026-04-01,,,,,,,WR51,123.9,6.8,
Tyler Shough,QB,,118.6,,2026-04-01,,,,,,,QB20,118.8,0.2,
Aaron Rodgers,QB,,203.9,,2026-04-01,,,,,,,QB31,210.7,6.8,
Kimani Vidal,RB,,203.8,,2026-04-01,,,,,,,RB62,197.8,-6.0,
Pat Bryant,WR,,202.9,,2026-04-01,,,,,,,WR79,191.7,-11.2,
Braelon Allen,RB,,200.0,,2026-04-01,,,,,,,RB61,199.3,-0.7,
Gunnar Helm,TE,,199.5,,2026-04-01,,,,,,,TE29,201.1,1.6,
Cade Otton,TE,,197.1,,2026-04-01,,,,,,,TE28,197.2,0.1,
Tua Tagovailoa,QB,,195.7,,2026-04-01,,,,,,,QB30,199.1,3.4,
Mason Taylor,TE,,193.7,,2026-04-01,,,,,,,TE27,195.7,2.0,
Alvin Kamara,RB,,193.4,,2026-04-01,,,,,,,RB60,190.8,-2.6,
Tre Tucker,WR,,193.0,,2026-04-01,,,,,,,WR78,191.2,-1.8,
Nicholas Singleton,RB,,192.9,,2026-04-01,,,,,,,RB59,197.8,4.9,
David Njoku,TE,,192.3,,2026-04-01,,,,,,,TE26,189.5,-2.8,
Chimere Dike,WR,,189.5,,2026-04-01,,,,,,,WR77,185.3,-4.2,
Malik Washington,WR,,189.1,,2026-04-01,,,,,,,WR76,192.6,3.5,
Christian Kirk,WR,,186.9,,2026-04-01,,,,,,,WR75,194.9,8.0,
Darnell Mooney,WR,,186.2,,2026-04-01,,,,,,,WR74,189.4,3.2,
Tank Bigsby,RB,,185.8,,2026-04-01,,,,,,,RB58,186.9,1.1,
Sean Tucker,RB,,185.2,,2026-04-01,,,,,,,RB57,182.2,-3.0,
Eli Stowers,TE,,183.3,,2026-04-01,,,,,,,TE25,185.7,2.4,
Brian Robinson,RB,,183.2,,2026-04-01,,,,,,,RB56,198.1,14.9,
Tre' Harris,WR,,182.2,,2026-04-01,,,,,,,WR73,181.3,-0.9,
Tank Dell,WR,,179.2,,2026-04-01,,,,,,,WR72,178.3,-0.9,
Dalton Schultz,TE,,178.7,,2026-04-01,,,,,,,TE24,178.2,-0.5,
Dylan Sampson,RB,,178.4,,2026-04-01,,,,,,,RB55,180.2,1.8,
Tyjae Spears,RB,,176.8,,2026-04-01,,,,,,,RB54,171.8,-5.0,
Elijah Sarratt,WR,,204.4,,2026-04-01,,,,,,,WR80,205.4,1.0,
Ryan Flournoy,WR,,204.5,,2026-04-01,,,,,,,WR81,206.2,1.7,
Chris Brazzell II,WR,,205.3,,2026-04-01,,,,,,,WR82,211.2,5.9,
Terrance Ferguson,TE,,207.3,,2026-04-01,,,,,,,TE30,207.5,0.2,
Mike Gesicki,TE,,230.9,,2026-04-01,,,,,,,TE34,232.1,1.2,
Ted Hurst,WR,,230.8,,2026-04-01,,,,,,,WR93,235.9,5.1,
Cooper Kupp,WR,,230.8,,2026-04-01,,,,,,,WR93,230.1,-0.7,
Chris Bell,WR,,230.4,,2026-04-01,,,,,,,WR92,235.1,4.7,
Tez Johnson,WR,,230.1,,2026-04-01,,,,,,,WR91,230.6,0.5,
Shedeur Sanders,QB,,227.2,,2026-04-01,,,,,,,QB34,225.0,-2.2,
George Holani,RB,,226.5,,2026-04-01,,,,,,,RB69,218.9,-7.6,
Kyle Williams,WR,,226.4,,2026-04-01,,,,,,,WR90,225.0,-1.4,
Colby Parkinson,TE,,225.4,,2026-04-01,,,,,,,TE33,225.3,-0.1,
Devaughn Vele,WR,,224.6,,2026-04-01,,,,,,,WR89,223.3,-1.3,
Ty Simpson,QB,,223.7,,2026-04-01,,,,,,,QB33,230.3,6.6,
Ollie Gordon,RB,,223.3,,2026-04-01,,,,,,,RB68,220.4,-2.9,
Tyreek Hill,WR,,175.9,,2026-04-01,,,,,,,WR71,168.2,-7.7,
Elic Ayomanor,WR,,222.6,,2026-04-01,,,,,,,WR88,221.9,-0.7,
Michael Penix,QB,,217.0,,2026-04-01,,,,,,,QB32,210.7,-6.3,
Najee Harris,RB,,215.6,,2026-04-01,,,,,,,RB67,229.5,13.9,
Jordan James,RB,,214.5,,2026-04-01,,,,,,,RB66,234.0,19.5,
Zachariah Branch,WR,,213.2,,2026-04-01,,,,,,,WR87,212.7,-0.5,
Tory Horton,WR,,213.2,,2026-04-01,,,,,,,WR86,210.5,-2.7,
Germie Bernard,WR,,212.8,,2026-04-01,,,,,,,WR85,218.6,5.8,
Hollywood Brown,WR,,211.5,,2026-04-01,,,,,,,WR84,211.9,0.4,
Trey Benson,RB,,210.9,,2026-04-01,,,,,,,RB65,190.5,-20.4,
Ray Davis,RB,,210.3,,2026-04-01,,,,,,,RB64,209.8,-0.5,
Troy Franklin,WR,,209.2,,2026-04-01,,,,,,,WR83,196.7,-12.5,
Pat Freiermuth,TE,,209.0,,2026-04-01,,,,,,,TE31,210.9,1.9,
Kaytron Allen,RB,,207.9,,2026-04-01,,,,,,,RB63,204.3,-3.6,
Jake Tonges,TE,,219.9,,2026-04-01,,,,,,,TE32,217.4,-2.5,
Jaydon Blue,RB,,231.5,,2026-04-01,,,,,,,RB71,229.1,-2.4,
T.J. Hockenson,TE,,175.3,,2026-04-01,,,,,,,TE23,176.3,1.0,
AJ Barner,TE,,173.8,,2026-04-01,,,,,,,TE22,174.3,0.5,
Cam Ward,QB,,141.7,,2026-04-01,,,,,,,QB24,142.6,0.9,
Rashid Shaheed,WR,,141.4,,2026-04-01,,,,,,,WR59,139.4,-2.0,
Chris Rodriguez,RB,,140.0,,2026-04-01,,,,,,,RB44,145.1,5.1,
Jacory Croskey-Merritt,RB,,139.6,,2026-04-01,,,,,,,RB43,134.5,-5.1,
Denzel Boston,WR,,137.7,,2026-04-01,,,,,,,WR58,133.8,-3.9,
Aaron Jones,RB,,137.4,,2026-04-01,,,,,,,RB42,142.5,5.1,
Dallas Goedert,TE,,137.2,,2026-04-01,,,,,,,TE15,138.5,1.3,
Jauan Jennings,WR,,136.0,,2026-04-01,,,,,,,WR57,129.8,-6.2,
C.J. Stroud,QB,,135.5,,2026-04-01,,,,,,,QB23,135.8,0.3,
Travis Kelce,TE,,133.3,,2026-04-01,,,,,,,TE14,139.1,5.8,
Mike Washington Jr.,RB,,133.1,,2026-04-01,,,,,,,RB41,134.9,1.8,
Jalen McMillan,WR,,132.4,,2026-04-01,,,,,,,WR56,136.5,4.1,
Kenyon Sadiq,TE,,131.2,,2026-04-01,,,,,,,TE13,126.1,-5.1,
Sam Darnold,QB,,129.5,,2026-04-01,,,,,,,QB22,130.4,0.9,
Jonah Coleman,RB,,129.2,,2026-04-01,,,,,,,RB40,125.9,-3.3,
Jake Ferguson,TE,,128.0,,2026-04-01,,,,,,,TE12,128.2,0.2,
Khalil Shakir,WR,,126.8,,2026-04-01,,,,,,,WR55,124.6,-2.2,
Rachaad White,RB,,125.9,,2026-04-01,,,,,,,RB39,128.5,2.6,
Jayden Higgins,WR,,125.2,,2026-04-01,,,,,,,WR54,126.8,1.6,
Malik Willis,QB,,123.9,,2026-04-01,,,,,,,QB21,122.5,-1.4,
George Kittle,TE,,123.1,,2026-04-01,,,,,,,TE11,123.5,0.4,
Matthew Golden,WR,,121.8,,2026-04-01,,,,,,,WR53,120.4,-1.4,
Josh Downs,WR,,121.3,,2026-04-01,,,,,,,WR52,126.2,4.9,
Dalton Kincaid,TE,,119.9,,2026-04-01,,,,,,,TE10,117.6,-2.3,
Jordan Mason,RB,,119.8,,2026-04-01,,,,,,,RB38,118.9,-0.9,
Omar Cooper Jr.,WR,,142.4,,2026-04-01,,,,,,,WR60,149.2,6.8,
Isaiah Likely,TE,,142.6,,2026-04-01,,,,,,,TE16,146.7,4.1,
Daniel Jones,QB,,144.5,,2026-04-01,,,,,,,QB25,147.7,3.2,
Zach Charbonnet,RB,,146.1,,2026-04-01,,,,,,,RB45,144.4,-1.7,
Isaac TeSlaa,WR,,172.9,,2026-04-01,,,,,,,WR69,173.7,0.8,
Calvin Ridley,WR,,172.3,,2026-04-01,,,,,,,WR68,173.3,1.0,
Geno Smith,QB,,170.9,,2026-04-01,,,,,,,QB29,175.8,4.9,
Adonai Mitchell,WR,,169.9,,2026-04-01,,,,,,,WR67,172.2,2.3,
Kayshon Boutte,WR,,169.1,,2026-04-01,,,,,,,WR66,167.3,-1.8,
Isiah Pacheco,RB,,167.8,,2026-04-01,,,,,,,RB53,169.0,1.2,
Emmett Johnson,RB,,166.8,,2026-04-01,,,,,,,RB52,164.0,-2.8,
Emanuel Wilson,RB,,164.9,,2026-04-01,,,,,,,RB51,169.9,5.0,
Woody Marks,RB,,162.8,,2026-04-01,,,,,,,RB50,159.2,-3.6,
Chig Okonkwo,TE,,161.9,,2026-04-01,,,,,,,TE21,165.9,4.0,
James Conner,RB,,161.7,,2026-04-01,,,,,,,RB49,157.8,-3.9,
Hunter Henry,TE,,161.1,,2026-04-01,,,,,,,TE20,161.7,0.6,
Jalen Nailor,WR,,174.9,,2026-04-01,,,,,,,WR70,176.5,1.6,
Deebo Samuel,WR,,161.0,,2026-04-01,,,,,,,WR65,156.3,-4.7,
Jacoby Brissett,QB,,157.2,,2026-04-01,,,,,,,QB28,159.9,2.7,
Juwan Johnson,TE,,156.5,,2026-04-01,,,,,,,TE19,155.7,-0.8,
Keaton Mitchell,RB,,155.2,,2026-04-01,,,,,,,RB48,157.5,2.3,
Brandon Aiyuk,WR,,154.3,,2026-04-01,,,,,,,WR63,151.9,-2.4,
Travis Hunter,WR,,153.6,,2026-04-01,,,,,,,WR62,153.9,0.3,
Brenton Strange,TE,,150.7,,2026-04-01,,,,,,,TE18,146.6,-4.1,
Stefon Diggs,WR,,150.4,,2026-04-01,,,,,,,WR61,141.7,-8.7,
Jonathon Brooks,RB,,150.1,,2026-04-01,,,,,,,RB47,153.4,3.3,
Fernando Mendoza,QB,,149.8,,2026-04-01,,,,,,,QB27,148.7,-1.1,
Tyrone Tracy,RB,,149.0,,2026-04-01,,,,,,,RB46,144.1,-4.9,
Mark Andrews,TE,,147.3,,2026-04-01,,,,,,,TE17,149.7,2.4,
Bryce Young,QB,,147.1,,2026-04-01,,,,,,,QB26,146.4,-0.7,
Jerry Jeudy,WR,,160.8,,2026-04-01,,,,,,,WR64,161.5,0.7,
Zavier Scott,RB,,240.0,,2026-04-01,,,,,,,RB114,240.0,-0.0,
