attempts,completions,passing_yards,passing_tds,interceptions,carries,rushing_yards,rushing_tds,targets,receptions,receiving_yards,receiving_tds,fpts_standard,fpts_half_ppr,fpts_ppr,fpts_te_premium,player_id,player_name,position,team,age,age_multiplier,scenario,season_proj,model,projection_confidence,games_recent,returning_from_injury
424.0,284.0,2907.0,19.4,6.1,29.0,27.0,1.6,0.0,0.0,0.0,0.0,194.0,194.0,194.0,194.0,00-0019596,Tom Brady,QB,TB,49,0.59,bear,2026,weighted_v1,High,17,False
424.0,284.0,2907.0,19.4,6.1,29.0,27.0,1.6,0.0,0.0,0.0,0.0,194.0,194.0,194.0,194.0,00-0019596,Tom Brady,QB,TB,49,0.59,base,2026,weighted_v1,High,17,False
424.0,284.0,2907.0,19.4,6.1,29.0,27.0,1.6,0.0,0.0,0.0,0.0,194.0,194.0,194.0,194.0,00-0019596,Tom Brady,QB,TB,49,0.59,bull,2026,weighted_v1,High,17,False
309.0,218.0,2334.0,17.0,4.8,26.0,-3.0,2.8,0.0,0.0,0.0,0.0,168.3,168.3,168.3,168.3,00-0020531,Drew Brees,QB,NO,48,0.59,bear,2026,weighted_v1,Medium,12,False
309.0,218.0,2334.0,17.0,4.8,26.0,-3.0,2.8,0.0,0.0,0.0,0.0,168.3,168.3,168.3,168.3,00-0020531,Drew Brees,QB,NO,48,0.59,base,2026,weighted_v1,Medium,12,False
309.0,218.0,2334.0,17.0,4.8,26.0,-3.0,2.8,0.0,0.0,0.0,0.0,168.3,168.3,168.3,168.3,00-0020531,Drew Brees,QB,NO,48,0.59,bull,2026,weighted_v1,Medium,12,False
,,0.0,0.0,0.0,0.0,0.0,0.0,6.0,5.0,29.0,0.5,5.9,8.4,10.9,13.4,00-0022127,Jason Witten,TE,LV,44,0.71,bear,2026,weighted_v1,Medium,10,False
,,0.0,0.0,0.0,0.0,0.0,0.0,5.0,4.0,24.0,0.5,5.4,7.4,9.4,11.4,00-0022127,Jason Witten,TE,LV,44,0.71,base,2026,weighted_v1,Medium,10,False
,,0.0,0.0,0.0,0.0,0.0,0.0,4.0,3.0,18.0,0.5,4.8,6.3,7.8,9.3,00-0022127,Jason Witten,TE,LV,44,0.71,bull,2026,weighted_v1,Medium,10,False
,,0.0,0.0,0.0,0.0,0.0,0.0,10.0,8.0,57.0,0.1,6.3,10.3,14.3,14.3,00-0022921,Larry Fitzgerald,WR,ARI,43,0.55,bear,2026,weighted_v1,Medium,13,False
,,0.0,0.0,0.0,0.0,0.0,0.0,7.0,5.0,41.0,0.1,4.7,7.2,9.7,9.7,00-0022921,Larry Fitzgerald,WR,ARI,43,0.55,base,2026,weighted_v1,Medium,13,False
,,0.0,0.0,0.0,0.0,0.0,0.0,6.0,4.0,31.0,0.1,3.7,5.7,7.7,7.7,00-0022921,Larry Fitzgerald,WR,ARI,43,0.55,bull,2026,weighted_v1,Medium,13,False
386.0,250.0,2394.0,15.9,6.4,23.0,7.0,0.8,0.0,0.0,0.0,0.0,152.1,152.1,152.1,152.1,00-0022924,Ben Roethlisberger,QB,PIT,45,0.59,bear,2026,weighted_v1,High,16,False
386.0,250.0,2394.0,15.9,6.4,23.0,7.0,0.8,0.0,0.0,0.0,0.0,152.1,152.1,152.1,152.1,00-0022924,Ben Roethlisberger,QB,PIT,45,0.59,base,2026,weighted_v1,High,16,False
386.0,250.0,2394.0,15.9,6.4,23.0,7.0,0.8,0.0,0.0,0.0,0.0,152.1,152.1,152.1,152.1,00-0022924,Ben Roethlisberger,QB,PIT,45,0.59,bull,2026,weighted_v1,High,16,False
301.0,201.0,1892.0,7.2,9.6,21.0,6.0,0.0,0.0,0.0,0.0,0.0,85.9,85.9,85.9,85.9,00-0023436,Alex Smith,QB,WAS,42,0.59,bear,2026,weighted_v1,Medium,8,False
301.0,201.0,1892.0,7.2,9.6,21.0,6.0,0.0,0.0,0.0,0.0,0.0,85.9,85.9,85.9,85.9,00-0023436,Alex Smith,QB,WAS,42,0.59,base,2026,weighted_v1,Medium,8,False
301.0,201.0,1892.0,7.2,9.6,21.0,6.0,0.0,0.0,0.0,0.0,0.0,85.9,85.9,85.9,85.9,00-0023436,Alex Smith,QB,WAS,42,0.59,bull,2026,weighted_v1,Medium,8,False
261.0,169.0,1749.0,12.8,4.1,21.0,71.0,0.8,0.0,0.0,0.0,0.0,124.9,124.9,124.9,124.9,00-0023459,Aaron Rodgers,QB,PIT,43,0.59,bear,2026,weighted_v1,High,16,False
321.0,208.0,2152.0,15.8,5.0,21.0,71.0,0.8,0.0,0.0,0.0,0.0,151.2,151.2,151.2,151.2,00-0023459,Aaron Rodgers,QB,PIT,43,0.59,base,2026,weighted_v1,High,16,False
354.0,229.0,2371.0,17.4,5.5,21.0,71.0,0.8,0.0,0.0,0.0,0.0,165.3,165.3,165.3,165.3,00-0023459,Aaron Rodgers,QB,PIT,43,0.59,bull,2026,weighted_v1,High,16,False
,,0.0,0.0,0.0,93.0,326.0,1.0,12.0,10.0,26.0,0.1,41.8,46.8,51.8,51.8,00-0023500,Frank Gore,RB,NYJ,43,0.44,bear,2026,weighted_v1,High,15,False
,,0.0,0.0,0.0,93.0,326.0,1.0,8.0,7.0,17.0,0.1,40.9,44.4,47.9,47.9,00-0023500,Frank Gore,RB,NYJ,43,0.44,base,2026,weighted_v1,High,15,False
,,0.0,0.0,0.0,93.0,326.0,1.0,6.0,6.0,14.0,0.1,40.6,43.6,46.6,46.6,00-0023500,Frank Gore,RB,NYJ,43,0.44,bull,2026,weighted_v1,High,15,False
,,0.0,0.0,0.0,0.0,0.0,0.0,7.0,5.0,47.0,0.3,6.5,9.0,11.5,14.0,00-0025418,Greg Olsen,TE,SEA,41,0.71,bear,2026,weighted_v1,Medium,11,False
,,0.0,0.0,0.0,0.0,0.0,0.0,5.0,3.0,33.0,0.3,5.1,6.6,8.1,9.6,00-0025418,Greg Olsen,TE,SEA,41,0.71,base,2026,weighted_v1,Medium,11,False
,,0.0,0.0,0.0,0.0,0.0,0.0,4.0,3.0,27.0,0.3,4.5,6.0,7.5,9.0,00-0025418,Greg Olsen,TE,SEA,41,0.71,bull,2026,weighted_v1,Medium,11,False
,,0.0,0.0,0.0,0.0,0.0,0.0,9.0,6.0,68.0,0.4,9.2,12.2,15.2,15.2,00-0026035,Danny Amendola,WR,HOU,41,0.55,bear,2026,weighted_v1,Medium,8,False
,,0.0,0.0,0.0,0.0,0.0,0.0,7.0,5.0,48.0,0.4,7.2,9.7,12.2,12.2,00-0026035,Danny Amendola,WR,HOU,41,0.55,base,2026,weighted_v1,Medium,8,False
,,0.0,0.0,0.0,0.0,0.0,0.0,5.0,4.0,37.0,0.4,6.1,8.1,10.1,10.1,00-0026035,Danny Amendola,WR,HOU,41,0.55,bull,2026,weighted_v1,Medium,8,False
343.0,229.0,2348.0,11.4,8.5,38.0,93.0,1.4,0.0,0.0,0.0,0.0,140.2,140.2,140.2,140.2,00-0026143,Matt Ryan,QB,IND,41,0.59,bear,2026,weighted_v1,Medium,12,False
343.0,229.0,2348.0,11.4,8.5,38.0,93.0,1.4,0.0,0.0,0.0,0.0,140.2,140.2,140.2,140.2,00-0026143,Matt Ryan,QB,IND,41,0.59,base,2026,weighted_v1,Medium,12,False
343.0,229.0,2348.0,11.4,8.5,38.0,93.0,1.4,0.0,0.0,0.0,0.0,140.2,140.2,140.2,140.2,00-0026143,Matt Ryan,QB,IND,41,0.59,bull,2026,weighted_v1,Medium,12,False
321.0,198.0,2106.0,13.9,8.5,25.0,44.0,0.7,0.0,0.0,0.0,0.0,131.4,131.4,131.4,131.4,00-0026158,Joe Flacco,QB,CIN,42,0.59,bear,2026,weighted_v1,Medium,13,False
345.0,212.0,2264.0,15.0,9.1,25.0,44.0,0.7,0.0,0.0,0.0,0.0,141.0,141.0,141.0,141.0,00-0026158,Joe Flacco,QB,CIN,42,0.59,base,2026,weighted_v1,Medium,13,False
410.0,252.0,2685.0,17.8,10.8,25.0,44.0,0.7,0.0,0.0,0.0,0.0,165.6,165.6,165.6,165.6,00-0026158,Joe Flacco,QB,CIN,42,0.59,bull,2026,weighted_v1,Medium,13,False
,,0.0,0.0,0.0,0.0,0.0,0.0,8.0,4.0,78.0,0.2,9.0,11.0,13.0,13.0,00-0026189,DeSean Jackson,WR,BAL,40,0.55,bear,2026,weighted_v1,Low,7,False
,,0.0,0.0,0.0,0.0,0.0,0.0,6.0,3.0,57.0,0.2,6.9,8.4,9.9,9.9,00-0026189,DeSean Jackson,WR,BAL,40,0.55,base,2026,weighted_v1,Low,7,False
,,0.0,0.0,0.0,0.0,0.0,0.0,4.0,2.0,43.0,0.2,5.5,6.5,7.5,7.5,00-0026189,DeSean Jackson,WR,BAL,40,0.55,bull,2026,weighted_v1,Low,7,False
353.0,230.0,2707.0,19.4,5.6,29.0,23.0,0.1,0.0,0.0,0.0,0.0,177.6,177.6,177.6,177.6,00-0026498,Matthew Stafford,QB,LA,39,0.67,bear,2026,weighted_v1,High,17,False
376.0,245.0,2882.0,20.7,6.0,29.0,23.0,0.1,0.0,0.0,0.0,0.0,189.0,189.0,189.0,189.0,00-0026498,Matthew Stafford,QB,LA,39,0.67,base,2026,weighted_v1,High,17,False
433.0,282.0,3319.0,23.8,6.9,29.0,23.0,0.1,0.0,0.0,0.0,0.0,217.1,217.1,217.1,217.1,00-0026498,Matthew Stafford,QB,LA,39,0.67,bull,2026,weighted_v1,High,17,False
,,0.0,0.0,0.0,0.0,0.0,0.0,4.0,3.0,27.0,0.2,3.9,5.4,6.9,8.4,00-0027061,Jared Cook,TE,LAC,39,0.71,bear,2026,weighted_v1,High,16,False
,,0.0,0.0,0.0,0.0,0.0,0.0,3.0,2.0,19.0,0.2,3.1,4.1,5.1,6.1,00-0027061,Jared Cook,TE,LAC,39,0.71,base,2026,weighted_v1,High,16,False
,,0.0,0.0,0.0,0.0,0.0,0.0,2.0,1.0,15.0,0.2,2.7,3.2,3.7,4.2,00-0027061,Jared Cook,TE,LAC,39,0.71,bull,2026,weighted_v1,High,16,False
,,0.0,0.0,0.0,0.0,0.0,0.0,10.0,6.0,88.0,0.2,10.0,13.0,16.0,16.0,00-0027150,Julian Edelman,WR,NE,40,0.55,bear,2026,weighted_v1,Low,6,False
,,0.0,0.0,0.0,0.0,0.0,0.0,10.0,6.0,83.0,0.2,9.5,12.5,15.5,15.5,00-0027150,Julian Edelman,WR,NE,40,0.55,base,2026,weighted_v1,Low,6,False
,,0.0,0.0,0.0,0.0,0.0,0.0,7.0,4.0,59.0,0.2,7.1,9.1,11.1,11.1,00-0027150,Julian Edelman,WR,NE,40,0.55,bull,2026,weighted_v1,Low,6,False
,,0.0,0.0,0.0,0.0,0.0,0.0,8.0,6.0,73.0,0.5,10.3,13.3,16.3,19.3,00-0027656,Rob Gronkowski,TE,TB,37,0.71,bear,2026,weighted_v1,Medium,12,False
,,0.0,0.0,0.0,0.0,0.0,0.0,6.0,4.0,56.0,0.5,8.6,10.6,12.6,14.6,00-0027656,Rob Gronkowski,TE,TB,37,0.71,base,2026,weighted_v1,Medium,12,False
,,0.0,0.0,0.0,0.0,0.0,0.0,5.0,4.0,46.0,0.5,7.6,9.6,11.6,13.6,00-0027656,Rob Gronkowski,TE,TB,37,0.71,bull,2026,weighted_v1,Medium,12,False
,,0.0,0.0,0.0,0.0,0.0,0.0,2.0,1.0,24.0,0.1,3.0,3.5,4.0,4.0,00-0027685,Emmanuel Sanders,WR,BUF,39,0.55,bear,2026,weighted_v1,High,14,False
,,0.0,0.0,0.0,0.0,0.0,0.0,2.0,1.0,17.0,0.1,2.3,2.8,3.3,3.3,00-0027685,Emmanuel Sanders,WR,BUF,39,0.55,base,2026,weighted_v1,High,14,False
,,0.0,0.0,0.0,0.0,0.0,0.0,1.0,1.0,15.0,0.1,2.1,2.6,3.1,3.1,00-0027685,Emmanuel Sanders,WR,BUF,39,0.55,bull,2026,weighted_v1,High,14,False
,,0.0,0.0,0.0,0.0,0.0,0.0,6.0,5.0,37.0,0.5,6.7,9.2,11.7,14.2,00-0027696,Jimmy Graham,TE,NO,40,0.71,bear,2026,weighted_v1,Low,6,False
,,0.0,0.0,0.0,0.0,0.0,0.0,4.0,3.0,27.0,0.5,5.7,7.2,8.7,10.2,00-0027696,Jimmy Graham,TE,NO,40,0.71,base,2026,weighted_v1,Low,6,False
,,0.0,0.0,0.0,0.0,0.0,0.0,4.0,3.0,22.0,0.5,5.2,6.7,8.2,9.7,00-0027696,Jimmy Graham,TE,NO,40,0.71,bull,2026,weighted_v1,Low,6,False
,,0.0,0.0,0.0,0.0,0.0,0.0,9.0,7.0,78.0,0.5,10.8,14.3,17.8,17.8,00-0027793,Antonio Brown,WR,TB,38,0.55,bear,2026,weighted_v1,Low,7,False
,,0.0,0.0,0.0,0.0,0.0,0.0,7.0,5.0,59.0,0.5,8.9,11.4,13.9,13.9,00-0027793,Antonio Brown,WR,TB,38,0.55,base,2026,weighted_v1,Low,7,False
,,0.0,0.0,0.0,0.0,0.0,0.0,6.0,4.0,48.0,0.5,7.8,9.8,11.8,11.8,00-0027793,Antonio Brown,WR,TB,38,0.55,bull,2026,weighted_v1,Low,7,False
,,0.0,0.0,0.0,0.0,0.0,0.0,9.0,6.0,69.0,0.3,8.7,11.7,14.7,14.7,00-0027891,Golden Tate,WR,NYG,38,0.55,bear,2026,weighted_v1,Medium,12,False
,,0.0,0.0,0.0,0.0,0.0,0.0,7.0,5.0,54.0,0.3,7.2,9.7,12.2,12.2,00-0027891,Golden Tate,WR,NYG,38,0.55,base,2026,weighted_v1,Medium,12,False
,,0.0,0.0,0.0,0.0,0.0,0.0,5.0,4.0,37.0,0.3,5.5,7.5,9.5,9.5,00-0027891,Golden Tate,WR,NYG,38,0.55,bull,2026,weighted_v1,Medium,12,False
299.0,174.0,1792.0,8.6,10.7,124.0,587.0,12.5,0.0,0.0,0.0,0.0,218.4,218.4,218.4,218.4,00-0027939,Cam Newton,QB,CAR,37,0.82,bear,2026,weighted_v1,Low,7,False
299.0,174.0,1792.0,8.6,10.7,124.0,587.0,12.5,0.0,0.0,0.0,0.0,218.4,218.4,218.4,218.4,00-0027939,Cam Newton,QB,CAR,37,0.82,base,2026,weighted_v1,Low,7,False
299.0,174.0,1792.0,8.6,10.7,124.0,587.0,12.5,0.0,0.0,0.0,0.0,218.4,218.4,218.4,218.4,00-0027939,Cam Newton,QB,CAR,37,0.82,bull,2026,weighted_v1,Low,7,False
,,0.0,0.0,0.0,0.0,0.0,0.0,9.0,5.0,62.0,0.3,8.0,10.5,13.0,13.0,00-0027942,A.J. Green,WR,ARI,38,0.55,bear,2026,weighted_v1,Medium,13,False
,,0.0,0.0,0.0,0.0,0.0,0.0,6.0,4.0,44.0,0.3,6.2,8.2,10.2,10.2,00-0027942,A.J. Green,WR,ARI,38,0.55,base,2026,weighted_v1,Medium,13,False
,,0.0,0.0,0.0,0.0,0.0,0.0,5.0,3.0,34.0,0.3,5.2,6.7,8.2,8.2,00-0027942,A.J. Green,WR,ARI,38,0.55,bull,2026,weighted_v1,Medium,13,False
,,0.0,0.0,0.0,0.0,0.0,0.0,7.0,4.0,47.0,0.4,7.1,9.1,11.1,11.1,00-0027944,Julio Jones,WR,PHI,38,0.55,bear,2026,weighted_v1,Medium,8,False
,,0.0,0.0,0.0,0.0,0.0,0.0,5.0,3.0,34.0,0.4,5.8,7.3,8.8,8.8,00-0027944,Julio Jones,WR,PHI,38,0.55,base,2026,weighted_v1,Medium,8,False
,,0.0,0.0,0.0,0.0,0.0,0.0,4.0,3.0,29.0,0.4,5.3,6.8,8.3,8.3,00-0027944,Julio Jones,WR,PHI,38,0.55,bull,2026,weighted_v1,Medium,8,False
,,0.0,0.0,0.0,55.0,202.0,0.9,15.0,13.0,28.0,0.1,29.0,35.5,42.0,42.0,00-0027966,Mark Ingram,RB,NO,37,0.44,bear,2026,weighted_v1,Medium,10,False
,,0.0,0.0,0.0,55.0,202.0,0.9,11.0,9.0,20.0,0.1,28.2,32.7,37.2,37.2,00-0027966,Mark Ingram,RB,NO,37,0.44,base,2026,weighted_v1,Medium,10,False
,,0.0,0.0,0.0,55.0,202.0,0.9,9.0,8.0,17.0,0.1,27.9,31.9,35.9,35.9,00-0027966,Mark Ingram,RB,NO,37,0.44,bull,2026,weighted_v1,Medium,10,False
,,0.0,0.0,0.0,0.0,0.0,0.0,8.0,4.0,49.0,0.4,7.3,9.3,11.3,11.3,00-0028002,Randall Cobb,WR,NYJ,36,0.55,bear,2026,weighted_v1,Medium,9,False
,,0.0,0.0,0.0,0.0,0.0,0.0,5.0,3.0,33.0,0.4,5.7,7.2,8.7,8.7,00-0028002,Randall Cobb,WR,NYJ,36,0.55,base,2026,weighted_v1,Medium,9,False
,,0.0,0.0,0.0,0.0,0.0,0.0,4.0,2.0,27.0,0.4,5.1,6.1,7.1,7.1,00-0028002,Randall Cobb,WR,NYJ,36,0.55,bull,2026,weighted_v1,Medium,9,False
,,0.0,0.0,0.0,0.0,0.0,0.0,6.0,5.0,35.0,0.1,4.1,6.6,9.1,11.6,00-0028042,Luke Stocker,TE,MIN,38,0.71,bear,2026,weighted_v1,Low,6,False
,,0.0,0.0,0.0,0.0,0.0,0.0,5.0,4.0,26.0,0.1,3.2,5.2,7.2,9.2,00-0028042,Luke Stocker,TE,MIN,38,0.71,base,2026,weighted_v1,Low,6,False
,,0.0,0.0,0.0,0.0,0.0,0.0,4.0,3.0,19.0,0.1,2.5,4.0,5.5,7.0,00-0028042,Luke Stocker,TE,MIN,38,0.71,bull,2026,weighted_v1,Low,6,False
,,0.0,0.0,0.0,14.0,54.0,0.9,18.0,12.0,34.0,0.2,15.4,21.4,27.4,27.4,00-0028087,Dion Lewis,RB,NYG,36,0.44,bear,2026,weighted_v1,High,16,False
,,0.0,0.0,0.0,14.0,54.0,0.9,14.0,9.0,26.0,0.2,14.6,19.1,23.6,23.6,00-0028087,Dion Lewis,RB,NYG,36,0.44,base,2026,weighted_v1,High,16,False
,,0.0,0.0,0.0,14.0,54.0,0.9,10.0,6.0,18.0,0.2,13.8,16.8,19.8,19.8,00-0028087,Dion Lewis,RB,NYG,36,0.44,bull,2026,weighted_v1,High,16,False
,,0.0,0.0,0.0,0.0,0.0,0.0,6.0,5.0,37.0,0.5,6.7,9.2,11.7,14.2,00-0028097,Lee Smith,TE,ATL,39,0.71,bear,2026,weighted_v1,Medium,10,False
,,0.0,0.0,0.0,0.0,0.0,0.0,5.0,4.0,29.0,0.5,5.9,7.9,9.9,11.9,00-0028097,Lee Smith,TE,ATL,39,0.71,base,2026,weighted_v1,Medium,10,False
,,0.0,0.0,0.0,0.0,0.0,0.0,4.0,3.0,20.0,0.5,5.0,6.5,8.0,9.5,00-0028097,Lee Smith,TE,ATL,39,0.71,bull,2026,weighted_v1,Medium,10,False
250.0,158.0,1499.0,12.9,7.4,60.0,331.0,1.8,0.0,0.0,0.0,0.0,140.7,140.7,140.7,140.7,00-0028118,Tyrod Taylor,QB,NYJ,37,0.82,bear,2026,weighted_v1,Low,6,False
344.0,217.0,2063.0,17.7,10.2,60.0,331.0,1.8,0.0,0.0,0.0,0.0,176.8,176.8,176.8,176.8,00-0028118,Tyrod Taylor,QB,NYJ,37,0.82,base,2026,weighted_v1,Low,6,False
401.0,253.0,2402.0,20.7,11.9,60.0,331.0,1.8,0.0,0.0,0.0,0.0,199.0,199.0,199.0,199.0,00-0028118,Tyrod Taylor,QB,NYJ,37,0.82,bull,2026,weighted_v1,Low,6,False
,,0.0,0.0,0.0,0.0,0.0,0.0,7.0,5.0,44.0,0.4,6.8,9.3,11.8,11.8,00-0028411,Dontrelle Inman,WR,WAS,38,0.55,bear,2026,weighted_v1,Low,7,False
,,0.0,0.0,0.0,0.0,0.0,0.0,6.0,4.0,36.0,0.4,6.0,8.0,10.0,10.0,00-0028411,Dontrelle Inman,WR,WAS,38,0.55,base,2026,weighted_v1,Low,7,False
,,0.0,0.0,0.0,0.0,0.0,0.0,4.0,3.0,27.0,0.4,5.1,6.6,8.1,8.1,00-0028411,Dontrelle Inman,WR,WAS,38,0.55,bull,2026,weighted_v1,Low,7,False
,,0.0,0.0,0.0,0.0,0.0,0.0,7.0,3.0,57.0,0.4,8.1,9.6,11.1,11.1,00-0029137,Alshon Jeffery,WR,PHI,37,0.55,bear,2026,weighted_v1,Low,7,False
,,0.0,0.0,0.0,0.0,0.0,0.0,5.0,2.0,41.0,0.4,6.5,7.5,8.5,8.5,00-0029137,Alshon Jeffery,WR,PHI,37,0.55,base,2026,weighted_v1,Low,7,False
,,0.0,0.0,0.0,0.0,0.0,0.0,4.0,2.0,36.0,0.4,6.0,7.0,8.0,8.0,00-0029137,Alshon Jeffery,WR,PHI,37,0.55,bull,2026,weighted_v1,Low,7,False
,,0.0,0.0,0.0,43.0,188.0,0.8,5.0,4.0,12.0,0.5,27.8,29.8,31.8,31.8,00-0029141,Alfred Morris,RB,NYG,38,0.44,bear,2026,weighted_v1,Medium,9,False
,,0.0,0.0,0.0,43.0,188.0,0.8,4.0,3.0,9.0,0.5,27.5,29.0,30.5,30.5,00-0029141,Alfred Morris,RB,NYG,38,0.44,base,2026,weighted_v1,Medium,9,False
,,0.0,0.0,0.0,43.0,188.0,0.8,3.0,2.0,6.0,0.5,27.2,28.2,29.2,29.2,00-0029141,Alfred Morris,RB,NYG,38,0.44,bull,2026,weighted_v1,Medium,9,False
143.0,88.0,1019.0,5.6,2.9,61.0,296.0,1.4,0.0,0.0,0.0,0.0,95.4,95.4,95.4,95.4,00-0029263,Russell Wilson,QB,NYG,38,0.75,bear,2026,weighted_v1,Low,6,False
273.0,168.0,1948.0,10.7,5.6,61.0,296.0,1.4,0.0,0.0,0.0,0.0,147.5,147.5,147.5,147.5,00-0029263,Russell Wilson,QB,NYG,38,0.75,base,2026,weighted_v1,Low,6,False
397.0,244.0,2837.0,15.6,8.1,61.0,296.0,1.4,0.0,0.0,0.0,0.0,197.7,197.7,197.7,197.7,00-0029263,Russell Wilson,QB,NYG,38,0.75,bull,2026,weighted_v1,Low,6,False
273.0,177.0,1918.0,11.6,6.2,26.0,23.0,1.1,0.0,0.0,0.0,0.0,119.6,119.6,119.6,119.6,00-0029604,Kirk Cousins,QB,ATL,38,0.75,bear,2026,weighted_v1,Medium,10,False
373.0,241.0,2616.0,15.9,8.4,26.0,23.0,1.1,0.0,0.0,0.0,0.0,160.3,160.3,160.3,160.3,00-0029604,Kirk Cousins,QB,ATL,38,0.75,base,2026,weighted_v1,Medium,10,False
396.0,256.0,2777.0,16.8,9.0,26.0,23.0,1.1,0.0,0.0,0.0,0.0,169.2,169.2,169.2,169.2,00-0029604,Kirk Cousins,QB,ATL,38,0.75,bull,2026,weighted_v1,Medium,10,False
,,0.0,0.0,0.0,0.0,0.0,0.0,9.0,5.0,64.0,0.2,7.6,10.1,12.6,12.6,00-0029632,Mohamed Sanu,WR,SF,37,0.55,bear,2026,weighted_v1,Medium,8,False
,,0.0,0.0,0.0,0.0,0.0,0.0,7.0,4.0,49.0,0.2,6.1,8.1,10.1,10.1,00-0029632,Mohamed Sanu,WR,SF,37,0.55,base,2026,weighted_v1,Medium,8,False
,,0.0,0.0,0.0,0.0,0.0,0.0,5.0,3.0,36.0,0.2,4.8,6.3,7.8,7.8,00-0029632,Mohamed Sanu,WR,SF,37,0.55,bull,2026,weighted_v1,Medium,8,False
330.0,215.0,2394.0,9.6,8.6,40.0,165.0,3.1,0.0,0.0,0.0,0.0,152.1,152.1,152.1,152.1,00-0029701,Ryan Tannehill,QB,TEN,38,0.75,bear,2026,weighted_v1,Low,9,False
330.0,215.0,2394.0,9.6,8.6,40.0,165.0,3.1,0.0,0.0,0.0,0.0,152.1,152.1,152.1,152.1,00-0029701,Ryan Tannehill,QB,TEN,38,0.75,base,2026,weighted_v1,Low,9,False
330.0,215.0,2394.0,9.6,8.6,40.0,165.0,3.1,0.0,0.0,0.0,0.0,152.1,152.1,152.1,152.1,00-0029701,Ryan Tannehill,QB,TEN,38,0.75,bull,2026,weighted_v1,Low,9,False
,,0.0,0.0,0.0,0.0,0.0,0.0,14.0,9.0,101.0,0.6,13.7,18.2,22.7,22.7,00-0030035,Adam Thielen,WR,PIT,36,0.55,bear,2026,weighted_v1,High,14,False
,,0.0,0.0,0.0,0.0,0.0,0.0,14.0,9.0,103.0,0.9,15.7,20.2,24.7,24.7,00-0030035,Adam Thielen,WR,PIT,36,0.55,base,2026,weighted_v1,High,14,False
,,0.0,0.0,0.0,0.0,0.0,0.0,20.0,13.0,150.0,1.4,23.4,29.9,36.4,36.4,00-0030035,Adam Thielen,WR,PIT,36,0.55,bull,2026,weighted_v1,High,14,False
,,0.0,0.0,0.0,0.0,0.0,0.0,50.0,35.0,329.0,2.4,47.3,64.8,82.3,99.8,00-0030061,Zach Ertz,TE,WAS,36,0.71,bear,2026,weighted_v1,Medium,13,False
,,0.0,0.0,0.0,0.0,0.0,0.0,50.0,34.0,329.0,2.9,50.3,67.3,84.3,101.3,00-0030061,Zach Ertz,TE,WAS,36,0.71,base,2026,weighted_v1,Medium,13,False
,,0.0,0.0,0.0,0.0,0.0,0.0,50.0,35.0,332.0,4.0,57.2,74.7,92.2,109.7,00-0030061,Zach Ertz,TE,WAS,36,0.71,bull,2026,weighted_v1,Medium,13,False
,,0.0,0.0,0.0,0.0,0.0,0.0,8.0,4.0,57.0,0.3,7.5,9.5,11.5,11.5,00-0030068,Marquise Goodwin,WR,CLE,36,0.55,bear,2026,weighted_v1,Medium,10,False
,,0.0,0.0,0.0,0.0,0.0,0.0,5.0,3.0,38.0,0.3,5.6,7.1,8.6,8.6,00-0030068,Marquise Goodwin,WR,CLE,36,0.55,base,2026,weighted_v1,Medium,10,False
,,0.0,0.0,0.0,0.0,0.0,0.0,4.0,2.0,31.0,0.3,4.9,5.9,6.9,6.9,00-0030068,Marquise Goodwin,WR,CLE,36,0.55,bull,2026,weighted_v1,Medium,10,False
,,0.0,0.0,0.0,0.0,0.0,0.0,9.0,3.0,36.0,0.4,6.0,7.5,9.0,9.0,00-0030085,Kenny Stills,WR,NO,34,0.63,bear,2026,weighted_v1,Low,7,False
,,0.0,0.0,0.0,0.0,0.0,0.0,7.0,3.0,26.0,0.4,5.0,6.5,8.0,8.0,00-0030085,Kenny Stills,WR,NO,34,0.63,base,2026,weighted_v1,Low,7,False
,,0.0,0.0,0.0,0.0,0.0,0.0,6.0,2.0,22.0,0.4,4.6,5.6,6.6,6.6,00-0030085,Kenny Stills,WR,NO,34,0.63,bull,2026,weighted_v1,Low,7,False
,,0.0,0.0,0.0,0.0,0.0,0.0,6.0,4.0,38.0,0.2,5.0,7.0,9.0,11.0,00-0030108,Ryan Griffin,TE,CHI,37,0.71,bear,2026,weighted_v1,Medium,10,False
,,0.0,0.0,0.0,0.0,0.0,0.0,5.0,3.0,27.0,0.2,3.9,5.4,6.9,8.4,00-0030108,Ryan Griffin,TE,CHI,37,0.71,base,2026,weighted_v1,Medium,10,False
,,0.0,0.0,0.0,0.0,0.0,0.0,4.0,2.0,22.0,0.2,3.4,4.4,5.4,6.4,00-0030108,Ryan Griffin,TE,CHI,37,0.71,bull,2026,weighted_v1,Medium,10,False
,,0.0,0.0,0.0,0.0,0.0,0.0,6.0,3.0,14.0,0.1,2.0,3.5,5.0,6.5,00-0030155,Demetrius Harris,TE,ARI,35,0.71,bear,2026,weighted_v1,Medium,10,False
,,0.0,0.0,0.0,0.0,0.0,0.0,5.0,2.0,10.0,0.1,1.6,2.6,3.6,4.6,00-0030155,Demetrius Harris,TE,ARI,35,0.71,base,2026,weighted_v1,Medium,10,False
,,0.0,0.0,0.0,0.0,0.0,0.0,4.0,1.0,8.0,0.1,1.4,1.9,2.4,2.9,00-0030155,Demetrius Harris,TE,ARI,35,0.71,bull,2026,weighted_v1,Medium,10,False
,,0.0,0.0,0.0,0.0,0.0,0.0,3.0,1.0,20.0,0.1,2.6,3.1,3.6,4.1,00-0030181,Jack Doyle,TE,IND,36,0.71,bear,2026,weighted_v1,High,15,False
,,0.0,0.0,0.0,0.0,0.0,0.0,2.0,1.0,16.0,0.1,2.2,2.7,3.2,3.7,00-0030181,Jack Doyle,TE,IND,36,0.71,base,2026,weighted_v1,High,15,False
,,0.0,0.0,0.0,0.0,0.0,0.0,2.0,1.0,12.0,0.1,1.8,2.3,2.8,3.3,00-0030181,Jack Doyle,TE,IND,36,0.71,bull,2026,weighted_v1,High,15,False
,,0.0,0.0,0.0,0.0,0.0,0.0,6.0,5.0,27.0,0.4,5.1,7.6,10.1,12.6,00-0030216,Josh Hill,TE,NO,36,0.71,bear,2026,weighted_v1,Medium,9,False
,,0.0,0.0,0.0,0.0,0.0,0.0,4.0,3.0,19.0,0.4,4.3,5.8,7.3,8.8,00-0030216,Josh Hill,TE,NO,36,0.71,base,2026,weighted_v1,Medium,9,False
,,0.0,0.0,0.0,0.0,0.0,0.0,4.0,3.0,16.0,0.4,4.0,5.5,7.0,8.5,00-0030216,Josh Hill,TE,NO,36,0.71,bull,2026,weighted_v1,Medium,9,False
,,0.0,0.0,0.0,0.0,0.0,0.0,70.0,46.0,473.0,2.3,61.1,84.1,107.1,107.1,00-0030279,Keenan Allen,WR,LAC,34,0.63,bear,2026,weighted_v1,High,17,False
,,0.0,0.0,0.0,0.0,0.0,0.0,70.0,45.0,472.0,3.2,66.4,88.9,111.4,111.4,00-0030279,Keenan Allen,WR,LAC,34,0.63,base,2026,weighted_v1,High,17,False
,,0.0,0.0,0.0,0.0,0.0,0.0,67.0,44.0,458.0,4.1,70.4,92.4,114.4,114.4,00-0030279,Keenan Allen,WR,LAC,34,0.63,bull,2026,weighted_v1,High,17,False
,,0.0,0.0,0.0,33.0,116.0,0.7,29.0,21.0,58.0,0.2,22.8,33.3,43.8,43.8,00-0030288,Rex Burkhead,RB,HOU,36,0.44,bear,2026,weighted_v1,High,15,False
,,0.0,0.0,0.0,33.0,116.0,0.7,20.0,15.0,42.0,0.2,21.2,28.7,36.2,36.2,00-0030288,Rex Burkhead,RB,HOU,36,0.44,base,2026,weighted_v1,High,15,False
,,0.0,0.0,0.0,33.0,116.0,0.7,15.0,11.0,32.0,0.2,20.2,25.7,31.2,31.2,00-0030288,Rex Burkhead,RB,HOU,36,0.44,bull,2026,weighted_v1,High,15,False
,,0.0,0.0,0.0,14.0,40.0,0.0,25.0,22.0,71.0,0.5,14.1,25.1,36.1,36.1,00-0030404,Chris Thompson,RB,JAX,36,0.44,bear,2026,weighted_v1,Low,6,False
,,0.0,0.0,0.0,14.0,40.0,0.0,19.0,16.0,53.0,0.5,12.3,20.3,28.3,28.3,00-0030404,Chris Thompson,RB,JAX,36,0.44,base,2026,weighted_v1,Low,6,False
,,0.0,0.0,0.0,14.0,40.0,0.0,17.0,15.0,48.0,0.5,11.8,19.3,26.8,26.8,00-0030404,Chris Thompson,RB,JAX,36,0.44,bull,2026,weighted_v1,Low,6,False
,,0.0,0.0,0.0,0.0,0.0,0.0,3.0,1.0,21.0,0.1,2.7,3.2,3.7,3.7,00-0030431,Robert Woods,WR,HOU,34,0.63,bear,2026,weighted_v1,High,14,False
,,0.0,0.0,0.0,0.0,0.0,0.0,2.0,1.0,15.0,0.1,2.1,2.6,3.1,3.1,00-0030431,Robert Woods,WR,HOU,34,0.63,base,2026,weighted_v1,High,14,False
,,0.0,0.0,0.0,0.0,0.0,0.0,1.0,1.0,11.0,0.1,1.7,2.2,2.7,2.7,00-0030431,Robert Woods,WR,HOU,34,0.63,bull,2026,weighted_v1,High,14,False
,,0.0,0.0,0.0,0.0,0.0,0.0,6.0,5.0,49.0,0.1,5.5,8.0,10.5,13.0,00-0030443,Levine Toilolo,TE,NYG,35,0.71,bear,2026,weighted_v1,Low,7,False
,,0.0,0.0,0.0,0.0,0.0,0.0,5.0,4.0,39.0,0.1,4.5,6.5,8.5,10.5,00-0030443,Levine Toilolo,TE,NYG,35,0.71,base,2026,weighted_v1,Low,7,False
,,0.0,0.0,0.0,0.0,0.0,0.0,4.0,3.0,27.0,0.1,3.3,4.8,6.3,7.8,00-0030443,Levine Toilolo,TE,NYG,35,0.71,bull,2026,weighted_v1,Low,7,False
,,0.0,0.0,0.0,0.0,0.0,0.0,6.0,5.0,30.0,0.2,4.2,6.7,9.2,11.7,00-0030470,Vance McDonald,TE,PIT,36,0.71,bear,2026,weighted_v1,Medium,10,False
,,0.0,0.0,0.0,0.0,0.0,0.0,4.0,3.0,19.0,0.2,3.1,4.6,6.1,7.6,00-0030470,Vance McDonald,TE,PIT,36,0.71,base,2026,weighted_v1,Medium,10,False
,,0.0,0.0,0.0,0.0,0.0,0.0,4.0,3.0,18.0,0.2,3.0,4.5,6.0,7.5,00-0030470,Vance McDonald,TE,PIT,36,0.71,bull,2026,weighted_v1,Medium,10,False
,,0.0,0.0,0.0,0.0,0.0,0.0,9.0,5.0,44.0,0.5,7.4,9.9,12.4,14.9,00-0030472,Jordan Reed,TE,SF,36,0.71,bear,2026,weighted_v1,Medium,10,False
,,0.0,0.0,0.0,0.0,0.0,0.0,7.0,4.0,34.0,0.5,6.4,8.4,10.4,12.4,00-0030472,Jordan Reed,TE,SF,36,0.71,base,2026,weighted_v1,Medium,10,False
,,0.0,0.0,0.0,0.0,0.0,0.0,5.0,3.0,25.0,0.5,5.5,7.0,8.5,10.0,00-0030472,Jordan Reed,TE,SF,36,0.71,bull,2026,weighted_v1,Medium,10,False
,,0.0,0.0,0.0,0.0,0.0,0.0,73.0,52.0,552.0,2.5,70.2,96.2,122.2,148.2,00-0030506,Travis Kelce,TE,KC,37,0.71,bear,2026,weighted_v1,High,17,False
,,0.0,0.0,0.0,0.0,0.0,0.0,68.0,49.0,519.0,3.0,69.9,94.4,118.9,143.4,00-0030506,Travis Kelce,TE,KC,37,0.71,base,2026,weighted_v1,High,17,False
,,0.0,0.0,0.0,0.0,0.0,0.0,59.0,43.0,445.0,3.5,65.5,87.0,108.5,130.0,00-0030506,Travis Kelce,TE,KC,37,0.71,bull,2026,weighted_v1,High,17,False
,,0.0,0.0,0.0,58.0,243.0,2.5,15.0,11.0,30.0,0.0,42.3,47.8,53.3,53.3,00-0030513,Latavius Murray,RB,BUF,37,0.44,bear,2026,weighted_v1,High,15,False
,,0.0,0.0,0.0,58.0,243.0,2.5,11.0,8.0,22.0,0.0,41.5,45.5,49.5,49.5,00-0030513,Latavius Murray,RB,BUF,37,0.44,base,2026,weighted_v1,High,15,False
,,0.0,0.0,0.0,58.0,243.0,2.5,9.0,7.0,19.0,0.0,41.2,44.7,48.2,48.2,00-0030513,Latavius Murray,RB,BUF,37,0.44,bull,2026,weighted_v1,High,15,False
384.0,217.0,1964.0,11.0,19.3,20.0,85.0,2.1,0.0,0.0,0.0,0.0,105.1,105.1,105.1,105.1,00-0030520,Mike Glennon,QB,NYG,37,0.82,bear,2026,weighted_v1,Low,6,False
384.0,217.0,1964.0,11.0,19.3,20.0,85.0,2.1,0.0,0.0,0.0,0.0,105.1,105.1,105.1,105.1,00-0030520,Mike Glennon,QB,NYG,37,0.82,base,2026,weighted_v1,Low,6,False
384.0,217.0,1964.0,11.0,19.3,20.0,85.0,2.1,0.0,0.0,0.0,0.0,105.1,105.1,105.1,105.1,00-0030520,Mike Glennon,QB,NYG,37,0.82,bull,2026,weighted_v1,Low,6,False
,,0.0,0.0,0.0,0.0,0.0,0.0,6.0,4.0,36.0,0.2,4.8,6.8,8.8,8.8,00-0030525,Tavon Austin,WR,JAX,36,0.55,bear,2026,weighted_v1,Medium,11,False
,,0.0,0.0,0.0,0.0,0.0,0.0,5.0,3.0,27.0,0.2,3.9,5.4,6.9,6.9,00-0030525,Tavon Austin,WR,JAX,36,0.55,base,2026,weighted_v1,Medium,11,False
,,0.0,0.0,0.0,0.0,0.0,0.0,4.0,3.0,24.0,0.2,3.6,5.1,6.6,6.6,00-0030525,Tavon Austin,WR,JAX,36,0.55,bull,2026,weighted_v1,Medium,11,False
,,0.0,0.0,0.0,0.0,0.0,0.0,3.0,2.0,16.0,0.1,2.2,3.2,4.2,5.2,00-0030549,Tyler Eifert,TE,JAX,36,0.71,bear,2026,weighted_v1,High,15,False
,,0.0,0.0,0.0,0.0,0.0,0.0,2.0,2.0,12.0,0.1,1.8,2.8,3.8,4.8,00-0030549,Tyler Eifert,TE,JAX,36,0.71,base,2026,weighted_v1,High,15,False
,,0.0,0.0,0.0,0.0,0.0,0.0,2.0,1.0,10.0,0.1,1.6,2.1,2.6,3.1,00-0030549,Tyler Eifert,TE,JAX,36,0.71,bull,2026,weighted_v1,High,15,False
,,0.0,0.0,0.0,0.0,0.0,0.0,14.0,9.0,107.0,0.6,14.3,18.8,23.3,23.3,00-0030564,DeAndre Hopkins,WR,BAL,34,0.63,bear,2026,weighted_v1,High,17,False
,,0.0,0.0,0.0,0.0,0.0,0.0,19.0,12.0,157.0,1.2,22.9,28.9,34.9,34.9,00-0030564,DeAndre Hopkins,WR,BAL,34,0.63,base,2026,weighted_v1,High,17,False
,,0.0,0.0,0.0,0.0,0.0,0.0,22.0,14.0,179.0,1.8,28.7,35.7,42.7,42.7,00-0030564,DeAndre Hopkins,WR,BAL,34,0.63,bull,2026,weighted_v1,High,17,False
344.0,234.0,2431.0,14.2,10.5,48.0,179.0,0.8,0.0,0.0,0.0,0.0,155.7,155.7,155.7,155.7,00-0030565,Geno Smith,QB,LV,36,0.88,bear,2026,weighted_v1,High,15,False
419.0,285.0,2960.0,17.2,12.8,48.0,179.0,0.8,0.0,0.0,0.0,0.0,184.3,184.3,184.3,184.3,00-0030565,Geno Smith,QB,LV,36,0.88,base,2026,weighted_v1,High,15,False
561.0,382.0,3964.0,23.1,17.1,48.0,179.0,0.8,0.0,0.0,0.0,0.0,239.5,239.5,239.5,239.5,00-0030565,Geno Smith,QB,LV,36,0.88,bull,2026,weighted_v1,High,15,False
,,0.0,0.0,0.0,0.0,0.0,0.0,8.0,5.0,43.0,0.2,5.5,8.0,10.5,10.5,00-0030669,Albert Wilson,WR,MIA,34,0.63,bear,2026,weighted_v1,Medium,10,False
,,0.0,0.0,0.0,0.0,0.0,0.0,6.0,4.0,35.0,0.2,4.7,6.7,8.7,8.7,00-0030669,Albert Wilson,WR,MIA,34,0.63,base,2026,weighted_v1,Medium,10,False
,,0.0,0.0,0.0,0.0,0.0,0.0,5.0,4.0,28.0,0.2,4.0,6.0,8.0,8.0,00-0030669,Albert Wilson,WR,MIA,34,0.63,bull,2026,weighted_v1,Medium,10,False
,,0.0,0.0,0.0,0.0,0.0,0.0,9.0,5.0,46.0,0.4,7.0,9.5,12.0,14.5,00-0030710,Trey Burton,TE,IND,35,0.71,bear,2026,weighted_v1,Medium,12,False
,,0.0,0.0,0.0,0.0,0.0,0.0,8.0,4.0,38.0,0.4,6.2,8.2,10.2,12.2,00-0030710,Trey Burton,TE,IND,35,0.71,base,2026,weighted_v1,Medium,12,False
,,0.0,0.0,0.0,0.0,0.0,0.0,5.0,3.0,27.0,0.4,5.1,6.6,8.1,9.6,00-0030710,Trey Burton,TE,IND,35,0.71,bull,2026,weighted_v1,Medium,12,False
,,0.0,0.0,0.0,48.0,183.0,1.2,13.0,8.0,21.0,0.1,28.2,32.2,36.2,36.2,00-0031045,Carlos Hyde,RB,JAX,36,0.44,bear,2026,weighted_v1,Medium,11,False
,,0.0,0.0,0.0,48.0,183.0,1.2,10.0,6.0,16.0,0.1,27.7,30.7,33.7,33.7,00-0031045,Carlos Hyde,RB,JAX,36,0.44,base,2026,weighted_v1,Medium,11,False
,,0.0,0.0,0.0,48.0,183.0,1.2,9.0,6.0,14.0,0.1,27.5,30.5,33.5,33.5,00-0031045,Carlos Hyde,RB,JAX,36,0.44,bull,2026,weighted_v1,Medium,11,False
,,0.0,0.0,0.0,0.0,0.0,0.0,8.0,4.0,47.0,0.3,6.5,8.5,10.5,10.5,00-0031235,Odell Beckham Jr.,WR,MIA,34,0.63,bear,2026,weighted_v1,Medium,8,False
,,0.0,0.0,0.0,0.0,0.0,0.0,6.0,3.0,38.0,0.3,5.6,7.1,8.6,8.6,00-0031235,Odell Beckham Jr.,WR,MIA,34,0.63,base,2026,weighted_v1,Medium,8,False
,,0.0,0.0,0.0,0.0,0.0,0.0,5.0,3.0,31.0,0.3,4.9,6.4,7.9,7.9,00-0031235,Odell Beckham Jr.,WR,MIA,34,0.63,bull,2026,weighted_v1,Medium,8,False
,,0.0,0.0,0.0,0.0,0.0,0.0,18.0,11.0,127.0,0.8,17.5,23.0,28.5,28.5,00-0031236,Brandin Cooks,WR,BUF,33,0.72,bear,2026,weighted_v1,Medium,13,False
,,0.0,0.0,0.0,0.0,0.0,0.0,29.0,18.0,202.0,1.7,30.4,39.4,48.4,48.4,00-0031236,Brandin Cooks,WR,BUF,33,0.72,base,2026,weighted_v1,Medium,13,False
,,0.0,0.0,0.0,0.0,0.0,0.0,32.0,20.0,220.0,2.2,35.2,45.2,55.2,55.2,00-0031236,Brandin Cooks,WR,BUF,33,0.72,bull,2026,weighted_v1,Medium,13,False
,,0.0,0.0,0.0,0.0,0.0,0.0,3.0,2.0,20.0,0.1,2.6,3.6,4.6,5.6,00-0031260,Logan Thomas,TE,WAS,35,0.71,bear,2026,weighted_v1,High,16,False
,,0.0,0.0,0.0,0.0,0.0,0.0,3.0,2.0,16.0,0.1,2.2,3.2,4.2,5.2,00-0031260,Logan Thomas,TE,WAS,35,0.71,base,2026,weighted_v1,High,16,False
,,0.0,0.0,0.0,0.0,0.0,0.0,2.0,1.0,12.0,0.1,1.8,2.3,2.8,3.3,00-0031260,Logan Thomas,TE,WAS,35,0.71,bull,2026,weighted_v1,High,16,False
,,0.0,0.0,0.0,0.0,0.0,0.0,7.0,3.0,33.0,0.3,5.1,6.6,8.1,9.6,00-0031273,Cameron Brate,TE,TB,35,0.71,bear,2026,weighted_v1,Medium,9,False
,,0.0,0.0,0.0,0.0,0.0,0.0,5.0,3.0,25.0,0.3,4.3,5.8,7.3,8.8,00-0031273,Cameron Brate,TE,TB,35,0.71,base,2026,weighted_v1,Medium,9,False
,,0.0,0.0,0.0,0.0,0.0,0.0,4.0,2.0,20.0,0.3,3.8,4.8,5.8,6.8,00-0031273,Cameron Brate,TE,TB,35,0.71,bull,2026,weighted_v1,Medium,9,False
460.0,309.0,3423.0,22.7,8.5,31.0,99.0,1.0,0.0,0.0,0.0,0.0,226.6,226.6,226.6,226.6,00-0031280,Derek Carr,QB,NO,35,0.93,bear,2026,weighted_v1,Medium,10,False
460.0,309.0,3423.0,22.7,8.5,31.0,99.0,1.0,0.0,0.0,0.0,0.0,226.6,226.6,226.6,226.6,00-0031280,Derek Carr,QB,NO,35,0.93,base,2026,weighted_v1,Medium,10,False
460.0,309.0,3423.0,22.7,8.5,31.0,99.0,1.0,0.0,0.0,0.0,0.0,226.6,226.6,226.6,226.6,00-0031280,Derek Carr,QB,NO,35,0.93,bull,2026,weighted_v1,Medium,10,False
,,0.0,0.0,0.0,67.0,266.0,2.1,23.0,19.0,49.0,0.2,45.3,54.8,64.3,64.3,00-0031285,Devonta Freeman,RB,BAL,34,0.44,bear,2026,weighted_v1,High,16,False
,,0.0,0.0,0.0,67.0,266.0,2.1,17.0,14.0,36.0,0.2,44.0,51.0,58.0,58.0,00-0031285,Devonta Freeman,RB,BAL,34,0.44,base,2026,weighted_v1,High,16,False
,,0.0,0.0,0.0,67.0,266.0,2.1,13.0,10.0,27.0,0.2,43.1,48.1,53.1,53.1,00-0031285,Devonta Freeman,RB,BAL,34,0.44,bull,2026,weighted_v1,High,16,False
,,0.0,0.0,0.0,0.0,0.0,0.0,0.0,0.0,0.0,0.0,0.0,0.0,0.0,0.0,00-0031319,Diontae Spencer,WR,DEN,34,0.63,bear,2026,weighted_v1,High,15,False
,,0.0,0.0,0.0,0.0,0.0,0.0,0.0,0.0,0.0,0.0,0.0,0.0,0.0,0.0,00-0031319,Diontae Spencer,WR,DEN,34,0.63,base,2026,weighted_v1,High,15,False
,,0.0,0.0,0.0,0.0,0.0,0.0,0.0,0.0,0.0,0.0,0.0,0.0,0.0,0.0,00-0031319,Diontae Spencer,WR,DEN,34,0.63,bull,2026,weighted_v1,High,15,False
,,0.0,0.0,0.0,0.0,0.0,0.0,10.0,6.0,101.0,0.3,11.9,14.9,17.9,17.9,00-0031325,Sammy Watkins,WR,BAL,33,0.72,bear,2026,weighted_v1,Medium,9,False
,,0.0,0.0,0.0,0.0,0.0,0.0,7.0,5.0,74.0,0.3,9.2,11.7,14.2,14.2,00-0031325,Sammy Watkins,WR,BAL,33,0.72,base,2026,weighted_v1,Medium,9,False
,,0.0,0.0,0.0,0.0,0.0,0.0,6.0,4.0,56.0,0.3,7.4,9.4,11.4,11.4,00-0031325,Sammy Watkins,WR,BAL,33,0.72,bull,2026,weighted_v1,Medium,9,False
,,0.0,0.0,0.0,22.0,79.0,0.7,23.0,18.0,66.0,1.0,24.7,33.7,42.7,42.7,00-0031376,Jerick McKinnon,RB,KC,34,0.44,bear,2026,weighted_v1,Medium,12,False
,,0.0,0.0,0.0,22.0,79.0,0.7,18.0,14.0,51.0,1.0,23.2,30.2,37.2,37.2,00-0031376,Jerick McKinnon,RB,KC,34,0.44,base,2026,weighted_v1,Medium,12,False
,,0.0,0.0,0.0,22.0,79.0,0.7,13.0,10.0,38.0,1.0,21.9,26.9,31.9,31.9,00-0031376,Jerick McKinnon,RB,KC,34,0.44,bull,2026,weighted_v1,Medium,12,False
,,0.0,0.0,0.0,0.0,0.0,0.0,99.0,56.0,712.0,7.0,113.2,141.2,169.2,169.2,00-0031381,Davante Adams,WR,LA,34,0.63,bear,2026,weighted_v1,High,14,False
,,0.0,0.0,0.0,0.0,0.0,0.0,76.0,43.0,546.0,7.7,100.8,122.3,143.8,143.8,00-0031381,Davante Adams,WR,LA,34,0.63,base,2026,weighted_v1,High,14,False
,,0.0,0.0,0.0,0.0,0.0,0.0,66.0,37.0,475.0,8.4,97.9,116.4,134.9,134.9,00-0031381,Davante Adams,WR,LA,34,0.63,bull,2026,weighted_v1,High,14,False
,,0.0,0.0,0.0,0.0,0.0,0.0,10.0,7.0,73.0,0.4,9.7,13.2,16.7,16.7,00-0031382,Jarvis Landry,WR,NO,34,0.63,bear,2026,weighted_v1,Medium,9,False
,,0.0,0.0,0.0,0.0,0.0,0.0,8.0,5.0,53.0,0.4,7.7,10.2,12.7,12.7,00-0031382,Jarvis Landry,WR,NO,34,0.63,base,2026,weighted_v1,Medium,9,False
,,0.0,0.0,0.0,0.0,0.0,0.0,6.0,4.0,44.0,0.4,6.8,8.8,10.8,10.8,00-0031382,Jarvis Landry,WR,NO,34,0.63,bull,2026,weighted_v1,Medium,9,False
,,0.0,0.0,0.0,0.0,0.0,0.0,8.0,6.0,43.0,0.4,6.7,9.7,12.7,15.7,00-0031387,Eric Ebron,TE,PIT,33,0.86,bear,2026,weighted_v1,Medium,8,False
,,0.0,0.0,0.0,0.0,0.0,0.0,5.0,4.0,28.0,0.4,5.2,7.2,9.2,11.2,00-0031387,Eric Ebron,TE,PIT,33,0.86,base,2026,weighted_v1,Medium,8,False
,,0.0,0.0,0.0,0.0,0.0,0.0,5.0,4.0,27.0,0.4,5.1,7.1,9.1,11.1,00-0031387,Eric Ebron,TE,PIT,33,0.86,bull,2026,weighted_v1,Medium,8,False
,,0.0,0.0,0.0,0.0,0.0,0.0,77.0,43.0,568.0,4.7,85.0,106.5,128.0,128.0,00-0031408,Mike Evans,WR,TB,33,0.72,bear,2026,weighted_v1,Medium,8,False
,,0.0,0.0,0.0,0.0,0.0,0.0,77.0,43.0,571.0,6.3,94.9,116.4,137.9,137.9,00-0031408,Mike Evans,WR,TB,33,0.72,base,2026,weighted_v1,Medium,8,False
,,0.0,0.0,0.0,0.0,0.0,0.0,70.0,38.0,517.0,6.9,93.1,112.1,131.1,131.1,00-0031408,Mike Evans,WR,TB,33,0.72,bull,2026,weighted_v1,Medium,8,False
,,0.0,0.0,0.0,0.0,0.0,0.0,10.0,6.0,62.0,0.3,8.0,11.0,14.0,14.0,00-0031428,Allen Robinson,WR,DET,33,0.72,bear,2026,weighted_v1,Low,6,False
,,0.0,0.0,0.0,0.0,0.0,0.0,7.0,4.0,41.0,0.3,5.9,7.9,9.9,9.9,00-0031428,Allen Robinson,WR,DET,33,0.72,base,2026,weighted_v1,Low,6,False
,,0.0,0.0,0.0,0.0,0.0,0.0,6.0,4.0,34.0,0.3,5.2,7.2,9.2,9.2,00-0031428,Allen Robinson,WR,DET,33,0.72,bull,2026,weighted_v1,Low,6,False
,,0.0,0.0,0.0,0.0,0.0,0.0,12.0,7.0,99.0,0.5,12.9,16.4,19.9,19.9,00-0031544,Amari Cooper,WR,BUF,32,0.8,bear,2026,weighted_v1,Medium,13,False
,,0.0,0.0,0.0,0.0,0.0,0.0,9.0,5.0,72.0,0.5,10.2,12.7,15.2,15.2,00-0031544,Amari Cooper,WR,BUF,32,0.8,base,2026,weighted_v1,Medium,13,False
,,0.0,0.0,0.0,0.0,0.0,0.0,8.0,4.0,62.0,0.5,9.2,11.2,13.2,13.2,00-0031544,Amari Cooper,WR,BUF,32,0.8,bull,2026,weighted_v1,Medium,13,False
,,0.0,0.0,0.0,0.0,0.0,0.0,7.0,2.0,85.0,0.2,9.7,10.7,11.7,11.7,00-0031545,Kevin White,WR,NO,34,0.63,bear,2026,weighted_v1,Low,6,False
,,0.0,0.0,0.0,0.0,0.0,0.0,5.0,2.0,61.0,0.2,7.3,8.3,9.3,9.3,00-0031545,Kevin White,WR,NO,34,0.63,base,2026,weighted_v1,Low,6,False
,,0.0,0.0,0.0,0.0,0.0,0.0,4.0,1.0,51.0,0.2,6.3,6.8,7.3,7.3,00-0031545,Kevin White,WR,NO,34,0.63,bull,2026,weighted_v1,Low,6,False
,,0.0,0.0,0.0,0.0,0.0,0.0,10.0,6.0,83.0,0.3,10.1,13.1,16.1,16.1,00-0031547,DeVante Parker,WR,NE,34,0.63,bear,2026,weighted_v1,Medium,13,False
,,0.0,0.0,0.0,0.0,0.0,0.0,10.0,6.0,78.0,0.3,9.6,12.6,15.6,15.6,00-0031547,DeVante Parker,WR,NE,34,0.63,base,2026,weighted_v1,Medium,13,False
,,0.0,0.0,0.0,0.0,0.0,0.0,7.0,4.0,55.0,0.3,7.3,9.3,11.3,11.3,00-0031547,DeVante Parker,WR,NE,34,0.63,bull,2026,weighted_v1,Medium,13,False
,,0.0,0.0,0.0,0.0,0.0,0.0,10.0,6.0,80.0,0.5,11.0,14.0,17.0,17.0,00-0031549,Nelson Agholor,WR,BAL,33,0.72,bear,2026,weighted_v1,Medium,13,False
,,0.0,0.0,0.0,0.0,0.0,0.0,7.0,5.0,59.0,0.5,8.9,11.4,13.9,13.9,00-0031549,Nelson Agholor,WR,BAL,33,0.72,base,2026,weighted_v1,Medium,13,False
,,0.0,0.0,0.0,0.0,0.0,0.0,6.0,4.0,45.0,0.5,7.5,9.5,11.5,11.5,00-0031549,Nelson Agholor,WR,BAL,33,0.72,bull,2026,weighted_v1,Medium,13,False
,,0.0,0.0,0.0,0.0,0.0,0.0,7.0,5.0,40.0,0.5,7.0,9.5,12.0,14.5,00-0031585,MyCole Pruitt,TE,PIT,34,0.79,bear,2026,weighted_v1,Low,7,False
,,0.0,0.0,0.0,0.0,0.0,0.0,4.0,3.0,25.0,0.5,5.5,7.0,8.5,10.0,00-0031585,MyCole Pruitt,TE,PIT,34,0.79,base,2026,weighted_v1,Low,7,False
,,0.0,0.0,0.0,0.0,0.0,0.0,4.0,3.0,24.0,0.5,5.4,6.9,8.4,9.9,00-0031585,MyCole Pruitt,TE,PIT,34,0.79,bull,2026,weighted_v1,Low,7,False
,,0.0,0.0,0.0,0.0,0.0,0.0,64.0,48.0,559.0,2.3,69.7,93.7,117.7,117.7,00-0031588,Stefon Diggs,WR,NE,33,0.72,bear,2026,weighted_v1,High,17,False
,,0.0,0.0,0.0,0.0,0.0,0.0,74.0,57.0,656.0,2.8,82.4,110.9,139.4,139.4,00-0031588,Stefon Diggs,WR,NE,33,0.72,base,2026,weighted_v1,High,17,False
,,0.0,0.0,0.0,0.0,0.0,0.0,74.0,56.0,648.0,3.9,88.2,116.2,144.2,144.2,00-0031588,Stefon Diggs,WR,NE,33,0.72,bull,2026,weighted_v1,High,17,False
,,0.0,0.0,0.0,0.0,0.0,0.0,40.0,28.0,323.0,3.3,52.1,66.1,80.1,94.1,00-0031610,Darren Waller,TE,MIA,34,0.79,bear,2026,weighted_v1,Medium,9,False
,,0.0,0.0,0.0,0.0,0.0,0.0,32.0,23.0,262.0,3.3,46.0,57.5,69.0,80.5,00-0031610,Darren Waller,TE,MIA,34,0.79,base,2026,weighted_v1,Medium,9,False
,,0.0,0.0,0.0,0.0,0.0,0.0,41.0,29.0,332.0,5.2,64.4,78.9,93.4,107.9,00-0031610,Darren Waller,TE,MIA,34,0.79,bull,2026,weighted_v1,Medium,9,False
,,0.0,0.0,0.0,0.0,0.0,0.0,7.0,5.0,50.0,0.2,6.2,8.7,11.2,13.7,00-0031951,James O'Shaughnessy,TE,JAX,35,0.71,bear,2026,weighted_v1,Low,7,False
,,0.0,0.0,0.0,0.0,0.0,0.0,5.0,4.0,38.0,0.2,5.0,7.0,9.0,11.0,00-0031951,James O'Shaughnessy,TE,JAX,35,0.71,base,2026,weighted_v1,Low,7,False
,,0.0,0.0,0.0,0.0,0.0,0.0,5.0,4.0,34.0,0.2,4.6,6.6,8.6,10.6,00-0031951,James O'Shaughnessy,TE,JAX,35,0.71,bull,2026,weighted_v1,Low,7,False
,,0.0,0.0,0.0,0.0,0.0,0.0,2.0,2.0,17.0,0.0,1.7,2.7,3.7,3.7,00-0032009,Adam Humphries,WR,WAS,33,0.72,bear,2026,weighted_v1,High,17,False
,,0.0,0.0,0.0,0.0,0.0,0.0,2.0,2.0,14.0,0.0,1.4,2.4,3.4,3.4,00-0032009,Adam Humphries,WR,WAS,33,0.72,base,2026,weighted_v1,High,17,False
,,0.0,0.0,0.0,0.0,0.0,0.0,1.0,1.0,10.0,0.0,1.0,1.5,2.0,2.0,00-0032009,Adam Humphries,WR,WAS,33,0.72,bull,2026,weighted_v1,High,17,False
,,0.0,0.0,0.0,0.0,0.0,0.0,9.0,5.0,70.0,0.4,9.4,11.9,14.4,14.4,00-0032054,Breshad Perriman,WR,TB,33,0.72,bear,2026,weighted_v1,Medium,8,False
,,0.0,0.0,0.0,0.0,0.0,0.0,7.0,3.0,53.0,0.4,7.7,9.2,10.7,10.7,00-0032054,Breshad Perriman,WR,TB,33,0.72,base,2026,weighted_v1,Medium,8,False
,,0.0,0.0,0.0,0.0,0.0,0.0,6.0,3.0,43.0,0.4,6.7,8.2,9.7,9.7,00-0032054,Breshad Perriman,WR,TB,33,0.72,bull,2026,weighted_v1,Medium,8,False
,,0.0,0.0,0.0,0.0,0.0,0.0,6.0,4.0,30.0,0.5,6.0,8.0,10.0,12.0,00-0032062,Blake Bell,TE,KC,35,0.71,bear,2026,weighted_v1,Low,7,False
,,0.0,0.0,0.0,0.0,0.0,0.0,5.0,3.0,24.0,0.5,5.4,6.9,8.4,9.9,00-0032062,Blake Bell,TE,KC,35,0.71,base,2026,weighted_v1,Low,7,False
,,0.0,0.0,0.0,0.0,0.0,0.0,4.0,2.0,18.0,0.5,4.8,5.8,6.8,7.8,00-0032062,Blake Bell,TE,KC,35,0.71,bull,2026,weighted_v1,Low,7,False
,,0.0,0.0,0.0,0.0,0.0,0.0,9.0,5.0,90.0,0.2,10.2,12.7,15.2,15.2,00-0032128,Chris Conley,WR,SF,34,0.63,bear,2026,weighted_v1,Medium,9,False
,,0.0,0.0,0.0,0.0,0.0,0.0,7.0,4.0,69.0,0.2,8.1,10.1,12.1,12.1,00-0032128,Chris Conley,WR,SF,34,0.63,base,2026,weighted_v1,Medium,9,False
,,0.0,0.0,0.0,0.0,0.0,0.0,5.0,3.0,51.0,0.2,6.3,7.8,9.3,9.3,00-0032128,Chris Conley,WR,SF,34,0.63,bull,2026,weighted_v1,Medium,9,False
,,0.0,0.0,0.0,0.0,0.0,0.0,9.0,5.0,32.0,0.6,6.8,9.3,11.8,11.8,00-0032200,Ty Montgomery,WR,NE,34,0.63,bear,2026,weighted_v1,Medium,11,False
,,0.0,0.0,0.0,0.0,0.0,0.0,9.0,5.0,30.0,0.6,6.6,9.1,11.6,11.6,00-0032200,Ty Montgomery,WR,NE,34,0.63,base,2026,weighted_v1,Medium,11,False
,,0.0,0.0,0.0,0.0,0.0,0.0,6.0,3.0,22.0,0.6,5.8,7.3,8.8,8.8,00-0032200,Ty Montgomery,WR,NE,34,0.63,bull,2026,weighted_v1,Medium,11,False
,,0.0,0.0,0.0,0.0,0.0,0.0,27.0,18.0,195.0,0.9,24.9,33.9,42.9,42.9,00-0032211,Tyler Lockett,WR,LV,34,0.63,bear,2026,weighted_v1,High,17,False
,,0.0,0.0,0.0,0.0,0.0,0.0,35.0,22.0,247.0,1.4,33.1,44.1,55.1,55.1,00-0032211,Tyler Lockett,WR,LV,34,0.63,base,2026,weighted_v1,High,17,False
,,0.0,0.0,0.0,0.0,0.0,0.0,35.0,22.0,243.0,1.9,35.7,46.7,57.7,57.7,00-0032211,Tyler Lockett,WR,LV,34,0.63,bull,2026,weighted_v1,High,17,False
,,0.0,0.0,0.0,97.0,338.0,4.5,22.0,15.0,46.0,0.2,66.6,74.1,81.6,81.6,00-0032241,Todd Gurley,RB,ATL,32,0.44,bear,2026,weighted_v1,High,15,False
,,0.0,0.0,0.0,97.0,338.0,4.5,17.0,12.0,36.0,0.2,65.6,71.6,77.6,77.6,00-0032241,Todd Gurley,RB,ATL,32,0.44,base,2026,weighted_v1,High,15,False
,,0.0,0.0,0.0,97.0,338.0,4.5,12.0,8.0,25.0,0.2,64.5,68.5,72.5,72.5,00-0032241,Todd Gurley,RB,ATL,32,0.44,bull,2026,weighted_v1,High,15,False
320.0,207.0,2434.0,17.1,8.3,88.0,506.0,2.8,0.0,0.0,0.0,0.0,216.6,216.6,216.6,216.6,00-0032268,Marcus Mariota,QB,WAS,33,1.0,bear,2026,weighted_v1,Low,10,False
384.0,248.0,2918.0,20.5,9.9,88.0,506.0,2.8,0.0,0.0,0.0,0.0,246.3,246.3,246.3,246.3,00-0032268,Marcus Mariota,QB,WAS,33,1.0,base,2026,weighted_v1,Low,10,False
463.0,299.0,3519.0,24.7,11.9,88.0,506.0,2.8,0.0,0.0,0.0,0.0,283.2,283.2,283.2,283.2,00-0032268,Marcus Mariota,QB,WAS,33,1.0,bull,2026,weighted_v1,Low,10,False
,,0.0,0.0,0.0,0.0,0.0,0.0,36.0,24.0,234.0,1.2,30.6,42.6,54.6,54.6,00-0032385,Sterling Shepard,WR,TB,34,0.63,bear,2026,weighted_v1,Medium,13,False
,,0.0,0.0,0.0,0.0,0.0,0.0,34.0,23.0,225.0,1.6,32.1,43.6,55.1,55.1,00-0032385,Sterling Shepard,WR,TB,34,0.63,base,2026,weighted_v1,Medium,13,False
,,0.0,0.0,0.0,0.0,0.0,0.0,34.0,23.0,224.0,1.9,33.8,45.3,56.8,56.8,00-0032385,Sterling Shepard,WR,TB,34,0.63,bull,2026,weighted_v1,Medium,13,False
,,0.0,0.0,0.0,0.0,0.0,0.0,23.0,18.0,207.0,1.1,27.3,36.3,45.3,54.3,00-0032392,Austin Hooper,TE,NE,32,0.92,bear,2026,weighted_v1,Medium,13,False
,,0.0,0.0,0.0,0.0,0.0,0.0,38.0,29.0,326.0,1.8,43.4,57.9,72.4,86.9,00-0032392,Austin Hooper,TE,NE,32,0.92,base,2026,weighted_v1,Medium,13,False
,,0.0,0.0,0.0,0.0,0.0,0.0,37.0,28.0,324.0,2.5,47.4,61.4,75.4,89.4,00-0032392,Austin Hooper,TE,NE,32,0.92,bull,2026,weighted_v1,Medium,13,False
,,0.0,0.0,0.0,0.0,0.0,0.0,8.0,6.0,50.0,0.5,8.0,11.0,14.0,17.0,00-0032394,Nick Vannett,TE,TEN,33,0.86,bear,2026,weighted_v1,Medium,12,False
,,0.0,0.0,0.0,0.0,0.0,0.0,5.0,4.0,36.0,0.5,6.6,8.6,10.6,12.6,00-0032394,Nick Vannett,TE,TEN,33,0.86,base,2026,weighted_v1,Medium,12,False
,,0.0,0.0,0.0,0.0,0.0,0.0,4.0,4.0,28.0,0.5,5.8,7.8,9.8,11.8,00-0032394,Nick Vannett,TE,TEN,33,0.86,bull,2026,weighted_v1,Medium,12,False
,,0.0,0.0,0.0,0.0,0.0,0.0,19.0,10.0,177.0,0.8,22.5,27.5,32.5,32.5,00-0032398,Chris Moore,WR,WAS,33,0.72,bear,2026,weighted_v1,Medium,10,False
,,0.0,0.0,0.0,0.0,0.0,0.0,20.0,11.0,188.0,1.0,24.8,30.3,35.8,35.8,00-0032398,Chris Moore,WR,WAS,33,0.72,base,2026,weighted_v1,Medium,10,False
,,0.0,0.0,0.0,0.0,0.0,0.0,36.0,19.0,330.0,2.3,46.8,56.3,65.8,65.8,00-0032398,Chris Moore,WR,WAS,33,0.72,bull,2026,weighted_v1,Medium,10,False
,,0.0,0.0,0.0,60.0,233.0,2.0,8.0,6.0,25.0,0.1,38.4,41.4,44.4,44.4,00-0032426,Alex Collins,RB,SEA,32,0.44,bear,2026,weighted_v1,Medium,11,False
,,0.0,0.0,0.0,60.0,233.0,2.0,6.0,4.0,18.0,0.1,37.7,39.7,41.7,41.7,00-0032426,Alex Collins,RB,SEA,32,0.44,base,2026,weighted_v1,Medium,11,False
,,0.0,0.0,0.0,60.0,233.0,2.0,5.0,4.0,15.0,0.1,37.4,39.4,41.4,41.4,00-0032426,Alex Collins,RB,SEA,32,0.44,bull,2026,weighted_v1,Medium,11,False
,,0.0,0.0,0.0,0.0,0.0,0.0,18.0,14.0,173.0,0.7,21.5,28.5,35.5,35.5,00-0032464,Kalif Raymond,WR,DET,32,0.8,bear,2026,weighted_v1,High,15,False
,,0.0,0.0,0.0,0.0,0.0,0.0,23.0,18.0,229.0,1.3,30.7,39.7,48.7,48.7,00-0032464,Kalif Raymond,WR,DET,32,0.8,base,2026,weighted_v1,High,15,False
,,0.0,0.0,0.0,0.0,0.0,0.0,29.0,22.0,279.0,2.0,39.9,50.9,61.9,61.9,00-0032464,Kalif Raymond,WR,DET,32,0.8,bull,2026,weighted_v1,High,15,False
,,0.0,0.0,0.0,28.0,123.0,0.5,37.0,27.0,90.0,0.2,25.5,39.0,52.5,52.5,00-0032602,J.D. McKissic,RB,WAS,33,0.44,bear,2026,weighted_v1,Medium,8,False
,,0.0,0.0,0.0,28.0,123.0,0.5,30.0,22.0,74.0,0.2,23.9,34.9,45.9,45.9,00-0032602,J.D. McKissic,RB,WAS,33,0.44,base,2026,weighted_v1,Medium,8,False
,,0.0,0.0,0.0,28.0,123.0,0.5,22.0,16.0,55.0,0.2,22.0,30.0,38.0,38.0,00-0032602,J.D. McKissic,RB,WAS,33,0.44,bull,2026,weighted_v1,Medium,8,False
,,0.0,0.0,0.0,44.0,158.0,1.7,12.0,9.0,23.0,0.1,28.9,33.4,37.9,37.9,00-0032741,Peyton Barber,RB,LV,33,0.44,bear,2026,weighted_v1,Medium,9,False
,,0.0,0.0,0.0,44.0,158.0,1.7,10.0,8.0,20.0,0.1,28.6,32.6,36.6,36.6,00-0032741,Peyton Barber,RB,LV,33,0.44,base,2026,weighted_v1,Medium,9,False
,,0.0,0.0,0.0,44.0,158.0,1.7,7.0,6.0,15.0,0.1,28.1,31.1,34.1,34.1,00-0032741,Peyton Barber,RB,LV,33,0.44,bull,2026,weighted_v1,Medium,9,False
,,0.0,0.0,0.0,90.0,465.0,4.4,9.0,8.0,0.0,0.1,73.5,77.5,81.5,81.5,00-0032764,Derrick Henry,RB,BAL,33,0.44,bear,2026,weighted_v1,High,17,False
,,0.0,0.0,0.0,135.0,698.0,6.6,6.0,6.0,48.0,0.1,114.8,117.8,120.8,120.8,00-0032764,Derrick Henry,RB,BAL,33,0.44,base,2026,weighted_v1,High,17,False
,,0.0,0.0,0.0,157.0,815.0,7.7,10.0,8.0,68.0,0.1,135.1,139.1,143.1,143.1,00-0032764,Derrick Henry,RB,BAL,33,0.44,bull,2026,weighted_v1,High,17,False
,,0.0,0.0,0.0,0.0,0.0,0.0,13.0,8.0,91.0,0.5,12.1,16.1,20.1,20.1,00-0032765,Michael Thomas,WR,NO,33,0.72,bear,2026,weighted_v1,Medium,10,False
,,0.0,0.0,0.0,0.0,0.0,0.0,9.0,6.0,65.0,0.5,9.5,12.5,15.5,15.5,00-0032765,Michael Thomas,WR,NO,33,0.72,base,2026,weighted_v1,Medium,10,False
,,0.0,0.0,0.0,0.0,0.0,0.0,8.0,5.0,55.0,0.5,8.5,11.0,13.5,13.5,00-0032765,Michael Thomas,WR,NO,33,0.72,bull,2026,weighted_v1,Medium,10,False
,,0.0,0.0,0.0,0.0,0.0,0.0,22.0,13.0,177.0,1.0,23.7,30.2,36.7,36.7,00-0032775,Demarcus Robinson,WR,SF,32,0.8,bear,2026,weighted_v1,High,14,False
,,0.0,0.0,0.0,0.0,0.0,0.0,27.0,16.0,218.0,1.7,32.0,40.0,48.0,48.0,00-0032775,Demarcus Robinson,WR,SF,32,0.8,base,2026,weighted_v1,High,14,False
,,0.0,0.0,0.0,0.0,0.0,0.0,30.0,18.0,241.0,2.5,39.1,48.1,57.1,57.1,00-0032775,Demarcus Robinson,WR,SF,32,0.8,bull,2026,weighted_v1,High,14,False
,,0.0,0.0,0.0,0.0,0.0,0.0,3.0,1.0,12.0,0.0,1.2,1.7,2.2,2.2,00-0032778,Tajae Sharpe,WR,ATL,32,0.8,bear,2026,weighted_v1,High,14,False
,,0.0,0.0,0.0,0.0,0.0,0.0,2.0,1.0,9.0,0.0,0.9,1.4,1.9,1.9,00-0032778,Tajae Sharpe,WR,ATL,32,0.8,base,2026,weighted_v1,High,14,False
,,0.0,0.0,0.0,0.0,0.0,0.0,1.0,1.0,6.0,0.0,0.6,1.1,1.6,1.6,00-0032778,Tajae Sharpe,WR,ATL,32,0.8,bull,2026,weighted_v1,High,14,False
,,0.0,0.0,0.0,0.0,0.0,0.0,1.0,1.0,10.0,0.1,1.6,2.1,2.6,2.6,00-0032791,Jakeem Grant,WR,CHI,34,0.63,bear,2026,weighted_v1,High,15,False
,,0.0,0.0,0.0,0.0,0.0,0.0,1.0,1.0,7.0,0.1,1.3,1.8,2.3,2.3,00-0032791,Jakeem Grant,WR,CHI,34,0.63,base,2026,weighted_v1,High,15,False
,,0.0,0.0,0.0,0.0,0.0,0.0,1.0,1.0,6.0,0.1,1.2,1.7,2.2,2.2,00-0032791,Jakeem Grant,WR,CHI,34,0.63,bull,2026,weighted_v1,High,15,False
,,0.0,0.0,0.0,0.0,0.0,0.0,10.0,5.0,62.0,0.3,8.0,10.5,13.0,13.0,00-0032951,Laquon Treadwell,WR,IND,31,0.87,bear,2026,weighted_v1,Low,6,False
,,0.0,0.0,0.0,0.0,0.0,0.0,9.0,4.0,52.0,0.3,7.0,9.0,11.0,11.0,00-0032951,Laquon Treadwell,WR,IND,31,0.87,base,2026,weighted_v1,Low,6,False
,,0.0,0.0,0.0,0.0,0.0,0.0,6.0,3.0,37.0,0.3,5.5,7.0,8.5,8.5,00-0032951,Laquon Treadwell,WR,IND,31,0.87,bull,2026,weighted_v1,Low,6,False
,,0.0,0.0,0.0,62.0,261.0,1.1,23.0,21.0,60.0,0.2,39.9,50.4,60.9,60.9,00-0032972,Devontae Booker,RB,NYG,34,0.44,bear,2026,weighted_v1,High,16,False
,,0.0,0.0,0.0,62.0,261.0,1.1,18.0,16.0,47.0,0.2,38.6,46.6,54.6,54.6,00-0032972,Devontae Booker,RB,NYG,34,0.44,base,2026,weighted_v1,High,16,False
,,0.0,0.0,0.0,62.0,261.0,1.1,13.0,11.0,32.0,0.2,37.1,42.6,48.1,48.1,00-0032972,Devontae Booker,RB,NYG,34,0.44,bull,2026,weighted_v1,High,16,False
,,0.0,0.0,0.0,0.0,0.0,0.0,13.0,8.0,98.0,0.5,12.8,16.8,20.8,20.8,00-0032977,Rashard Higgins,WR,CLE,32,0.8,bear,2026,weighted_v1,Medium,12,False
,,0.0,0.0,0.0,0.0,0.0,0.0,9.0,5.0,64.0,0.5,9.4,11.9,14.4,14.4,00-0032977,Rashard Higgins,WR,CLE,32,0.8,base,2026,weighted_v1,Medium,12,False
,,0.0,0.0,0.0,0.0,0.0,0.0,7.0,4.0,52.0,0.5,8.2,10.2,12.2,12.2,00-0032977,Rashard Higgins,WR,CLE,32,0.8,bull,2026,weighted_v1,Medium,12,False
,,0.0,0.0,0.0,0.0,0.0,0.0,12.0,5.0,77.0,0.3,9.5,12.0,14.5,14.5,00-0032980,Marcus Johnson,WR,NYG,32,0.8,bear,2026,weighted_v1,Medium,8,False
,,0.0,0.0,0.0,0.0,0.0,0.0,9.0,4.0,60.0,0.3,7.8,9.8,11.8,11.8,00-0032980,Marcus Johnson,WR,NYG,32,0.8,base,2026,weighted_v1,Medium,8,False
,,0.0,0.0,0.0,0.0,0.0,0.0,6.0,3.0,41.0,0.3,5.9,7.4,8.9,8.9,00-0032980,Marcus Johnson,WR,NYG,32,0.8,bull,2026,weighted_v1,Medium,8,False
,,0.0,0.0,0.0,0.0,0.0,0.0,8.0,5.0,37.0,0.2,4.9,7.4,9.9,9.9,00-0033006,Jaydon Mickens,WR,JAX,32,0.8,bear,2026,weighted_v1,Medium,11,False
,,0.0,0.0,0.0,0.0,0.0,0.0,6.0,4.0,28.0,0.2,4.0,6.0,8.0,8.0,00-0033006,Jaydon Mickens,WR,JAX,32,0.8,base,2026,weighted_v1,Medium,11,False
,,0.0,0.0,0.0,0.0,0.0,0.0,6.0,4.0,25.0,0.2,3.7,5.7,7.7,7.7,00-0033006,Jaydon Mickens,WR,JAX,32,0.8,bull,2026,weighted_v1,Medium,11,False
,,0.0,0.0,0.0,0.0,0.0,0.0,5.0,3.0,33.0,0.1,3.9,5.4,6.9,6.9,00-0033009,Tyler Boyd,WR,TEN,32,0.8,bear,2026,weighted_v1,High,15,False
,,0.0,0.0,0.0,0.0,0.0,0.0,4.0,2.0,23.0,0.1,2.9,3.9,4.9,4.9,00-0033009,Tyler Boyd,WR,TEN,32,0.8,base,2026,weighted_v1,High,15,False
,,0.0,0.0,0.0,0.0,0.0,0.0,3.0,1.0,18.0,0.1,2.4,2.9,3.4,3.4,00-0033009,Tyler Boyd,WR,TEN,32,0.8,bull,2026,weighted_v1,High,15,False
,,0.0,0.0,0.0,77.0,272.0,2.7,25.0,20.0,61.0,0.2,50.7,60.7,70.7,70.7,00-0033045,Ezekiel Elliott,RB,DAL,31,0.54,bear,2026,weighted_v1,High,15,False
,,0.0,0.0,0.0,77.0,272.0,2.7,18.0,14.0,44.0,0.2,49.0,56.0,63.0,63.0,00-0033045,Ezekiel Elliott,RB,DAL,31,0.54,base,2026,weighted_v1,High,15,False
,,0.0,0.0,0.0,77.0,272.0,2.7,14.0,11.0,34.0,0.2,48.0,53.5,59.0,59.0,00-0033045,Ezekiel Elliott,RB,DAL,31,0.54,bull,2026,weighted_v1,High,15,False
527.0,353.0,3909.0,25.8,10.7,48.0,174.0,2.1,0.0,0.0,0.0,0.0,268.2,268.2,268.2,268.2,00-0033077,Dak Prescott,QB,DAL,33,1.0,bear,2026,weighted_v1,High,17,False
612.0,410.0,4539.0,30.0,12.4,48.0,174.0,2.1,0.0,0.0,0.0,0.0,306.8,306.8,306.8,306.8,00-0033077,Dak Prescott,QB,DAL,33,1.0,base,2026,weighted_v1,High,17,False
663.0,444.0,4918.0,32.5,13.5,48.0,174.0,2.1,0.0,0.0,0.0,0.0,329.7,329.7,329.7,329.7,00-0033077,Dak Prescott,QB,DAL,33,1.0,bull,2026,weighted_v1,High,17,False
,,0.0,0.0,0.0,0.0,0.0,0.0,61.0,42.0,489.0,3.0,66.9,87.9,108.9,129.9,00-0033090,Hunter Henry,TE,NE,32,0.92,bear,2026,weighted_v1,High,17,False
,,0.0,0.0,0.0,0.0,0.0,0.0,95.0,66.0,765.0,5.0,106.5,139.5,172.5,205.5,00-0033090,Hunter Henry,TE,NE,32,0.92,base,2026,weighted_v1,High,17,False
,,0.0,0.0,0.0,0.0,0.0,0.0,81.0,55.0,648.0,6.0,100.8,128.3,155.8,183.3,00-0033090,Hunter Henry,TE,NE,32,0.92,bull,2026,weighted_v1,High,17,False
481.0,330.0,3822.0,26.4,8.0,25.0,49.0,0.3,0.0,0.0,0.0,0.0,249.2,249.2,249.2,249.2,00-0033106,Jared Goff,QB,DET,32,1.01,bear,2026,weighted_v1,High,17,False
567.0,389.0,4504.0,31.2,9.4,25.0,49.0,0.3,0.0,0.0,0.0,0.0,292.9,292.9,292.9,292.9,00-0033106,Jared Goff,QB,DET,32,1.01,base,2026,weighted_v1,High,17,False
670.0,460.0,5323.0,36.8,11.1,25.0,49.0,0.3,0.0,0.0,0.0,0.0,344.6,344.6,344.6,344.6,00-0033106,Jared Goff,QB,DET,32,1.01,bull,2026,weighted_v1,High,17,False
,,0.0,0.0,0.0,0.0,0.0,0.0,37.0,25.0,255.0,2.2,38.7,51.2,63.7,76.2,00-0033110,Tyler Higbee,TE,LA,34,0.79,bear,2026,weighted_v1,Medium,10,False
,,0.0,0.0,0.0,0.0,0.0,0.0,42.0,29.0,293.0,3.6,50.9,65.4,79.9,94.4,00-0033110,Tyler Higbee,TE,LA,34,0.79,base,2026,weighted_v1,Medium,10,False
,,0.0,0.0,0.0,0.0,0.0,0.0,39.0,27.0,272.0,4.2,52.4,65.9,79.4,92.9,00-0033110,Tyler Higbee,TE,LA,34,0.79,bull,2026,weighted_v1,Medium,10,False
511.0,329.0,3416.0,22.0,7.0,41.0,186.0,0.9,0.0,0.0,0.0,0.0,234.6,234.6,234.6,234.6,00-0033119,Jacoby Brissett,QB,ARI,34,0.97,bear,2026,weighted_v1,High,14,False
635.0,408.0,4243.0,27.3,8.6,41.0,186.0,0.9,0.0,0.0,0.0,0.0,285.7,285.7,285.7,285.7,00-0033119,Jacoby Brissett,QB,ARI,34,0.97,base,2026,weighted_v1,High,14,False
726.0,466.0,4849.0,31.2,9.9,41.0,186.0,0.9,0.0,0.0,0.0,0.0,323.0,323.0,323.0,323.0,00-0033119,Jacoby Brissett,QB,ARI,34,0.97,bull,2026,weighted_v1,High,14,False
,,0.0,0.0,0.0,0.0,0.0,0.0,22.0,14.0,140.0,1.0,20.0,27.0,34.0,41.0,00-0033217,Mo Alie-Cox,TE,IND,33,0.86,bear,2026,weighted_v1,Medium,11,False
,,0.0,0.0,0.0,0.0,0.0,0.0,32.0,20.0,200.0,1.8,30.8,40.8,50.8,60.8,00-0033217,Mo Alie-Cox,TE,IND,33,0.86,base,2026,weighted_v1,Medium,11,False
,,0.0,0.0,0.0,0.0,0.0,0.0,22.0,14.0,141.0,1.8,24.9,31.9,38.9,45.9,00-0033217,Mo Alie-Cox,TE,IND,33,0.86,bull,2026,weighted_v1,Medium,11,False
,,0.0,0.0,0.0,0.0,0.0,0.0,19.0,11.0,114.0,0.8,16.2,21.7,27.2,32.7,00-0033246,Johnny Mundt,TE,JAX,32,0.92,bear,2026,weighted_v1,Medium,12,False
,,0.0,0.0,0.0,0.0,0.0,0.0,14.0,9.0,86.0,0.8,13.4,17.9,22.4,26.9,00-0033246,Johnny Mundt,TE,JAX,32,0.92,base,2026,weighted_v1,Medium,12,False
,,0.0,0.0,0.0,0.0,0.0,0.0,22.0,13.0,130.0,1.4,21.4,27.9,34.4,40.9,00-0033246,Johnny Mundt,TE,JAX,32,0.92,bull,2026,weighted_v1,Medium,12,False
,,0.0,0.0,0.0,144.0,594.0,4.1,86.0,69.0,575.0,2.0,153.5,188.0,222.5,222.5,00-0033280,Christian McCaffrey,RB,SF,30,0.65,bear,2026,weighted_v1,High,17,False
,,0.0,0.0,0.0,221.0,913.0,6.3,77.0,62.0,585.0,2.3,201.4,232.4,263.4,263.4,00-0033280,Christian McCaffrey,RB,SF,30,0.65,base,2026,weighted_v1,High,17,False
,,0.0,0.0,0.0,243.0,1005.0,6.9,73.0,58.0,586.0,3.0,218.5,247.5,276.5,276.5,00-0033280,Christian McCaffrey,RB,SF,30,0.65,bull,2026,weighted_v1,High,17,False
,,0.0,0.0,0.0,0.0,0.0,0.0,24.0,17.0,169.0,1.2,24.1,32.6,41.1,41.1,00-0033282,Curtis Samuel,WR,BUF,30,0.93,bear,2026,weighted_v1,Low,6,False
,,0.0,0.0,0.0,0.0,0.0,0.0,23.0,16.0,159.0,1.5,24.9,32.9,40.9,40.9,00-0033282,Curtis Samuel,WR,BUF,30,0.93,base,2026,weighted_v1,Low,6,False
,,0.0,0.0,0.0,0.0,0.0,0.0,24.0,17.0,168.0,1.9,28.2,36.7,45.2,45.2,00-0033282,Curtis Samuel,WR,BUF,30,0.93,bull,2026,weighted_v1,Low,6,False
,,0.0,0.0,0.0,0.0,0.0,0.0,75.0,61.0,755.0,5.2,106.7,137.2,167.7,198.2,00-0033288,George Kittle,TE,SF,33,0.86,bear,2026,weighted_v1,Medium,11,False
,,0.0,0.0,0.0,0.0,0.0,0.0,76.0,61.0,756.0,6.8,116.4,146.9,177.4,207.9,00-0033288,George Kittle,TE,SF,33,0.86,base,2026,weighted_v1,Medium,11,False
,,0.0,0.0,0.0,0.0,0.0,0.0,77.0,63.0,774.0,9.4,133.8,165.3,196.8,228.3,00-0033288,George Kittle,TE,SF,33,0.86,bull,2026,weighted_v1,Medium,11,False
,,0.0,0.0,0.0,52.0,227.0,0.9,23.0,17.0,92.0,0.2,38.5,47.0,55.5,55.5,00-0033293,Aaron Jones,RB,MIN,32,0.44,bear,2026,weighted_v1,Medium,12,False
,,0.0,0.0,0.0,61.0,267.0,1.0,21.0,15.0,112.0,0.3,45.7,53.2,60.7,60.7,00-0033293,Aaron Jones,RB,MIN,32,0.44,base,2026,weighted_v1,Medium,12,False
,,0.0,0.0,0.0,94.0,411.0,1.6,18.0,13.0,115.0,0.4,64.6,71.1,77.6,77.6,00-0033293,Aaron Jones,RB,MIN,32,0.44,bull,2026,weighted_v1,Medium,12,False
,,0.0,0.0,0.0,0.0,0.0,0.0,23.0,17.0,222.0,0.7,26.4,34.9,43.4,43.4,00-0033307,Kendrick Bourne,WR,SF,31,0.87,bear,2026,weighted_v1,High,14,False
,,0.0,0.0,0.0,0.0,0.0,0.0,44.0,31.0,411.0,1.7,51.3,66.8,82.3,82.3,00-0033307,Kendrick Bourne,WR,SF,31,0.87,base,2026,weighted_v1,High,14,False
,,0.0,0.0,0.0,0.0,0.0,0.0,52.0,36.0,480.0,2.8,64.8,82.8,100.8,100.8,00-0033307,Kendrick Bourne,WR,SF,31,0.87,bull,2026,weighted_v1,High,14,False
,,0.0,0.0,0.0,27.0,94.0,0.5,13.0,10.0,30.0,0.1,16.0,21.0,26.0,26.0,00-0033308,Matt Breida,RB,NYG,32,0.44,bear,2026,weighted_v1,High,15,False
,,0.0,0.0,0.0,27.0,94.0,0.5,10.0,8.0,23.0,0.1,15.3,19.3,23.3,23.3,00-0033308,Matt Breida,RB,NYG,32,0.44,base,2026,weighted_v1,High,15,False
,,0.0,0.0,0.0,27.0,94.0,0.5,7.0,6.0,16.0,0.1,14.6,17.6,20.6,20.6,00-0033308,Matt Breida,RB,NYG,32,0.44,bull,2026,weighted_v1,High,15,False
,,0.0,0.0,0.0,0.0,0.0,0.0,6.0,5.0,53.0,0.2,6.5,9.0,11.5,14.0,00-0033338,Cethan Carter,TE,MIA,31,0.97,bear,2026,weighted_v1,Medium,8,False
,,0.0,0.0,0.0,0.0,0.0,0.0,5.0,4.0,43.0,0.2,5.5,7.5,9.5,11.5,00-0033338,Cethan Carter,TE,MIA,31,0.97,base,2026,weighted_v1,Medium,8,False
,,0.0,0.0,0.0,0.0,0.0,0.0,4.0,4.0,34.0,0.2,4.6,6.6,8.6,10.6,00-0033338,Cethan Carter,TE,MIA,31,0.97,bull,2026,weighted_v1,Medium,8,False
,,0.0,0.0,0.0,0.0,0.0,0.0,5.0,3.0,31.0,0.2,4.3,5.8,7.3,8.8,00-0033357,Taysom Hill,TE,NO,36,0.71,bear,2026,weighted_v1,Medium,13,False
,,0.0,0.0,0.0,0.0,0.0,0.0,12.0,8.0,72.0,0.5,10.2,14.2,18.2,22.2,00-0033357,Taysom Hill,TE,NO,36,0.71,base,2026,weighted_v1,Medium,13,False
,,0.0,0.0,0.0,0.0,0.0,0.0,17.0,12.0,102.0,0.8,15.0,21.0,27.0,33.0,00-0033357,Taysom Hill,TE,NO,36,0.71,bull,2026,weighted_v1,Medium,13,False
,,0.0,0.0,0.0,0.0,0.0,0.0,17.0,11.0,143.0,1.3,22.1,27.6,33.1,33.1,00-0033375,Tim Patrick,WR,JAX,33,0.72,bear,2026,weighted_v1,Medium,13,False
,,0.0,0.0,0.0,0.0,0.0,0.0,13.0,9.0,108.0,1.3,18.6,23.1,27.6,27.6,00-0033375,Tim Patrick,WR,JAX,33,0.72,base,2026,weighted_v1,Medium,13,False
,,0.0,0.0,0.0,0.0,0.0,0.0,11.0,8.0,97.0,1.3,17.5,21.5,25.5,25.5,00-0033375,Tim Patrick,WR,JAX,33,0.72,bull,2026,weighted_v1,Medium,13,False
,,0.0,0.0,0.0,0.0,0.0,0.0,10.0,6.0,70.0,0.2,8.2,11.2,14.2,14.2,00-0033386,Cody Hollister,WR,TEN,33,0.72,bear,2026,weighted_v1,Low,6,False
,,0.0,0.0,0.0,0.0,0.0,0.0,7.0,4.0,50.0,0.2,6.2,8.2,10.2,10.2,00-0033386,Cody Hollister,WR,TEN,33,0.72,base,2026,weighted_v1,Low,6,False
,,0.0,0.0,0.0,0.0,0.0,0.0,6.0,4.0,39.0,0.2,5.1,7.1,9.1,9.1,00-0033386,Cody Hollister,WR,TEN,33,0.72,bull,2026,weighted_v1,Low,6,False
,,0.0,0.0,0.0,0.0,0.0,0.0,7.0,4.0,31.0,0.5,6.1,8.1,10.1,12.1,00-0033387,Jacob Hollister,TE,JAX,33,0.86,bear,2026,weighted_v1,Low,7,False
,,0.0,0.0,0.0,0.0,0.0,0.0,5.0,3.0,24.0,0.5,5.4,6.9,8.4,9.9,00-0033387,Jacob Hollister,TE,JAX,33,0.86,base,2026,weighted_v1,Low,7,False
,,0.0,0.0,0.0,0.0,0.0,0.0,5.0,3.0,21.0,0.5,5.1,6.6,8.1,9.6,00-0033387,Jacob Hollister,TE,JAX,33,0.86,bull,2026,weighted_v1,Low,7,False
,,0.0,0.0,0.0,0.0,0.0,0.0,12.0,9.0,79.0,0.5,10.9,15.4,19.9,19.9,00-0033466,Isaiah McKenzie,WR,IND,31,0.87,bear,2026,weighted_v1,Medium,13,False
,,0.0,0.0,0.0,0.0,0.0,0.0,10.0,8.0,67.0,0.5,9.7,13.7,17.7,17.7,00-0033466,Isaiah McKenzie,WR,IND,31,0.87,base,2026,weighted_v1,Medium,13,False
,,0.0,0.0,0.0,0.0,0.0,0.0,7.0,5.0,47.0,0.5,7.7,10.2,12.7,12.7,00-0033466,Isaiah McKenzie,WR,IND,31,0.87,bull,2026,weighted_v1,Medium,13,False
,,0.0,0.0,0.0,0.0,0.0,0.0,10.0,6.0,80.0,0.5,11.0,14.0,17.0,17.0,00-0033471,Isaiah Ford,WR,MIA,31,0.87,bear,2026,weighted_v1,Medium,10,False
,,0.0,0.0,0.0,0.0,0.0,0.0,8.0,5.0,65.0,0.5,9.5,12.0,14.5,14.5,00-0033471,Isaiah Ford,WR,MIA,31,0.87,base,2026,weighted_v1,Medium,10,False
,,0.0,0.0,0.0,0.0,0.0,0.0,6.0,4.0,52.0,0.5,8.2,10.2,12.2,12.2,00-0033471,Isaiah Ford,WR,MIA,31,0.87,bull,2026,weighted_v1,Medium,10,False
,,0.0,0.0,0.0,18.0,83.0,0.6,6.0,5.0,0.0,0.0,11.9,14.4,16.9,16.9,00-0033526,Samaje Perine,RB,CIN,31,0.54,bear,2026,weighted_v1,High,15,False
,,0.0,0.0,0.0,55.0,249.0,1.9,8.0,7.0,50.0,0.1,41.9,45.4,48.9,48.9,00-0033526,Samaje Perine,RB,CIN,31,0.54,base,2026,weighted_v1,High,15,False
,,0.0,0.0,0.0,69.0,311.0,2.3,13.0,10.0,58.0,0.2,51.9,56.9,61.9,61.9,00-0033526,Samaje Perine,RB,CIN,31,0.54,bull,2026,weighted_v1,High,15,False
,,0.0,0.0,0.0,0.0,0.0,0.0,8.0,6.0,66.0,0.2,7.8,10.8,13.8,16.8,00-0033528,Jeremy Sprinkle,TE,DAL,32,0.92,bear,2026,weighted_v1,Low,6,False
,,0.0,0.0,0.0,0.0,0.0,0.0,6.0,5.0,47.0,0.2,5.9,8.4,10.9,13.4,00-0033528,Jeremy Sprinkle,TE,DAL,32,0.92,base,2026,weighted_v1,Low,6,False
,,0.0,0.0,0.0,0.0,0.0,0.0,4.0,4.0,37.0,0.2,4.9,6.9,8.9,10.9,00-0033528,Jeremy Sprinkle,TE,DAL,32,0.92,bull,2026,weighted_v1,Low,6,False
,,0.0,0.0,0.0,0.0,0.0,0.0,3.0,2.0,35.0,0.2,4.7,5.7,6.7,6.7,00-0033536,Mike Williams,WR,PIT,32,0.8,bear,2026,weighted_v1,High,14,False
,,0.0,0.0,0.0,0.0,0.0,0.0,2.0,1.0,23.0,0.2,3.5,4.0,4.5,4.5,00-0033536,Mike Williams,WR,PIT,32,0.8,base,2026,weighted_v1,High,14,False
,,0.0,0.0,0.0,0.0,0.0,0.0,2.0,1.0,22.0,0.2,3.4,3.9,4.4,4.4,00-0033536,Mike Williams,WR,PIT,32,0.8,bull,2026,weighted_v1,High,14,False
480.0,300.0,2810.0,14.8,8.7,78.0,390.0,2.6,0.0,0.0,0.0,0.0,208.8,208.8,208.8,208.8,00-0033537,Deshaun Watson,QB,CLE,31,1.02,bear,2026,weighted_v1,Low,7,False
480.0,300.0,2810.0,14.8,8.7,78.0,390.0,2.6,0.0,0.0,0.0,0.0,208.8,208.8,208.8,208.8,00-0033537,Deshaun Watson,QB,CLE,31,1.02,base,2026,weighted_v1,Low,7,False
480.0,300.0,2810.0,14.8,8.7,78.0,390.0,2.6,0.0,0.0,0.0,0.0,208.8,208.8,208.8,208.8,00-0033537,Deshaun Watson,QB,CLE,31,1.02,bull,2026,weighted_v1,Low,7,False
,,0.0,0.0,0.0,0.0,0.0,0.0,31.0,21.0,261.0,1.1,32.7,43.2,53.7,53.7,00-0033555,Mack Hollins,WR,NE,33,0.72,bear,2026,weighted_v1,High,14,False
,,0.0,0.0,0.0,0.0,0.0,0.0,60.0,40.0,489.0,2.1,61.5,81.5,101.5,101.5,00-0033555,Mack Hollins,WR,NE,33,0.72,base,2026,weighted_v1,High,14,False
,,0.0,0.0,0.0,0.0,0.0,0.0,71.0,48.0,583.0,3.6,79.9,103.9,127.9,127.9,00-0033555,Mack Hollins,WR,NE,33,0.72,bull,2026,weighted_v1,High,14,False
,,0.0,0.0,0.0,0.0,0.0,0.0,10.0,6.0,86.0,0.4,11.0,14.0,17.0,17.0,00-0033572,Jamal Agnew,WR,ATL,31,0.87,bear,2026,weighted_v1,Medium,11,False
,,0.0,0.0,0.0,0.0,0.0,0.0,8.0,5.0,67.0,0.4,9.1,11.6,14.1,14.1,00-0033572,Jamal Agnew,WR,ATL,31,0.87,base,2026,weighted_v1,Medium,11,False
,,0.0,0.0,0.0,0.0,0.0,0.0,6.0,4.0,47.0,0.4,7.1,9.1,11.1,11.1,00-0033572,Jamal Agnew,WR,ATL,31,0.87,bull,2026,weighted_v1,Medium,11,False
,,0.0,0.0,0.0,0.0,0.0,0.0,7.0,5.0,36.0,0.3,5.4,7.9,10.4,12.9,00-0033576,Eric Saubert,TE,SEA,32,0.92,bear,2026,weighted_v1,Medium,9,False
,,0.0,0.0,0.0,0.0,0.0,0.0,5.0,3.0,26.0,0.3,4.4,5.9,7.4,8.9,00-0033576,Eric Saubert,TE,SEA,32,0.92,base,2026,weighted_v1,Medium,9,False
,,0.0,0.0,0.0,0.0,0.0,0.0,13.0,9.0,67.0,0.8,11.5,16.0,20.5,25.0,00-0033576,Eric Saubert,TE,SEA,32,0.92,bull,2026,weighted_v1,Medium,9,False
,,0.0,0.0,0.0,0.0,0.0,0.0,9.0,6.0,49.0,0.4,7.3,10.3,13.3,16.3,00-0033611,Ricky Seals-Jones,TE,WAS,31,0.97,bear,2026,weighted_v1,Medium,11,False
,,0.0,0.0,0.0,0.0,0.0,0.0,8.0,5.0,40.0,0.4,6.4,8.9,11.4,13.9,00-0033611,Ricky Seals-Jones,TE,WAS,31,0.97,base,2026,weighted_v1,Medium,11,False
,,0.0,0.0,0.0,0.0,0.0,0.0,6.0,4.0,29.0,0.4,5.3,7.3,9.3,11.3,00-0033611,Ricky Seals-Jones,TE,WAS,31,0.97,bull,2026,weighted_v1,Medium,11,False
,,0.0,0.0,0.0,0.0,0.0,0.0,9.0,6.0,60.0,0.6,9.6,12.6,15.6,18.6,00-0033658,Blake Jarwin,TE,DAL,32,0.92,bear,2026,weighted_v1,Medium,8,False
,,0.0,0.0,0.0,0.0,0.0,0.0,6.0,5.0,43.0,0.6,7.9,10.4,12.9,15.4,00-0033658,Blake Jarwin,TE,DAL,32,0.92,base,2026,weighted_v1,Medium,8,False
,,0.0,0.0,0.0,0.0,0.0,0.0,5.0,4.0,34.0,0.6,7.0,9.0,11.0,13.0,00-0033658,Blake Jarwin,TE,DAL,32,0.92,bull,2026,weighted_v1,Medium,8,False
,,0.0,0.0,0.0,0.0,0.0,0.0,10.0,5.0,82.0,0.4,10.6,13.1,15.6,15.6,00-0033681,Keelan Cole,WR,LV,33,0.72,bear,2026,weighted_v1,Medium,12,False
,,0.0,0.0,0.0,0.0,0.0,0.0,9.0,4.0,69.0,0.4,9.3,11.3,13.3,13.3,00-0033681,Keelan Cole,WR,LV,33,0.72,base,2026,weighted_v1,Medium,12,False
,,0.0,0.0,0.0,0.0,0.0,0.0,6.0,3.0,51.0,0.4,7.5,9.0,10.5,10.5,00-0033681,Keelan Cole,WR,LV,33,0.72,bull,2026,weighted_v1,Medium,12,False
,,0.0,0.0,0.0,0.0,0.0,0.0,10.0,7.0,70.0,0.8,11.8,15.3,18.8,18.8,00-0033733,Greg Ward,WR,PHI,31,0.87,bear,2026,weighted_v1,Medium,10,False
,,0.0,0.0,0.0,0.0,0.0,0.0,7.0,5.0,50.0,0.8,9.8,12.3,14.8,14.8,00-0033733,Greg Ward,WR,PHI,31,0.87,base,2026,weighted_v1,Medium,10,False
,,0.0,0.0,0.0,0.0,0.0,0.0,6.0,4.0,43.0,0.8,9.1,11.1,13.1,13.1,00-0033733,Greg Ward,WR,PHI,31,0.87,bull,2026,weighted_v1,Medium,10,False
,,0.0,0.0,0.0,0.0,0.0,0.0,1.0,0.0,3.0,0.0,0.3,0.3,0.3,0.3,00-0033839,Dede Westbrook,WR,MIN,33,0.72,bear,2026,weighted_v1,High,15,False
,,0.0,0.0,0.0,0.0,0.0,0.0,1.0,0.0,2.0,0.0,0.2,0.2,0.2,0.2,00-0033839,Dede Westbrook,WR,MIN,33,0.72,base,2026,weighted_v1,High,15,False
,,0.0,0.0,0.0,0.0,0.0,0.0,1.0,0.0,1.0,0.0,0.1,0.1,0.1,0.1,00-0033839,Dede Westbrook,WR,MIN,33,0.72,bull,2026,weighted_v1,High,15,False
,,0.0,0.0,0.0,0.0,0.0,0.0,39.0,27.0,288.0,1.4,37.2,50.7,64.2,64.2,00-0033857,JuJu Smith-Schuster,WR,KC,30,0.93,bear,2026,weighted_v1,High,17,False
,,0.0,0.0,0.0,0.0,0.0,0.0,45.0,31.0,338.0,2.1,46.4,61.9,77.4,77.4,00-0033857,JuJu Smith-Schuster,WR,KC,30,0.93,base,2026,weighted_v1,High,17,False
,,0.0,0.0,0.0,0.0,0.0,0.0,33.0,23.0,249.0,2.1,37.5,49.0,60.5,60.5,00-0033857,JuJu Smith-Schuster,WR,KC,30,0.93,bull,2026,weighted_v1,High,17,False
,,0.0,0.0,0.0,0.0,0.0,0.0,37.0,27.0,235.0,1.8,34.3,47.8,61.3,74.8,00-0033858,Jonnu Smith,TE,PIT,31,0.97,bear,2026,weighted_v1,High,17,False
,,0.0,0.0,0.0,0.0,0.0,0.0,36.0,26.0,226.0,2.7,38.8,51.8,64.8,77.8,00-0033858,Jonnu Smith,TE,PIT,31,0.97,base,2026,weighted_v1,High,17,False
,,0.0,0.0,0.0,0.0,0.0,0.0,46.0,34.0,290.0,3.7,51.2,68.2,85.2,102.2,00-0033858,Jonnu Smith,TE,PIT,31,0.97,bull,2026,weighted_v1,High,17,False
,,0.0,0.0,0.0,0.0,0.0,0.0,13.0,8.0,118.0,0.5,14.8,18.8,22.8,22.8,00-0033871,Corey Davis,WR,NYJ,32,0.8,bear,2026,weighted_v1,Medium,13,False
,,0.0,0.0,0.0,0.0,0.0,0.0,9.0,5.0,78.0,0.5,10.8,13.3,15.8,15.8,00-0033871,Corey Davis,WR,NYJ,32,0.8,base,2026,weighted_v1,Medium,13,False
,,0.0,0.0,0.0,0.0,0.0,0.0,7.0,4.0,64.0,0.5,9.4,11.4,13.4,13.4,00-0033871,Corey Davis,WR,NYJ,32,0.8,bull,2026,weighted_v1,Medium,13,False
577.0,374.0,4093.0,26.4,12.1,73.0,441.0,4.1,0.0,0.0,0.0,0.0,313.8,313.8,313.8,313.8,00-0033873,Patrick Mahomes,QB,KC,31,1.02,bear,2026,weighted_v1,High,14,False
598.0,388.0,4247.0,27.4,12.6,73.0,441.0,4.1,0.0,0.0,0.0,0.0,323.0,323.0,323.0,323.0,00-0033873,Patrick Mahomes,QB,KC,31,1.02,base,2026,weighted_v1,High,14,False
668.0,433.0,4740.0,30.6,14.0,73.0,441.0,4.1,0.0,0.0,0.0,0.0,352.7,352.7,352.7,352.7,00-0033873,Patrick Mahomes,QB,KC,31,1.02,bull,2026,weighted_v1,High,14,False
,,0.0,0.0,0.0,0.0,0.0,0.0,9.0,5.0,64.0,0.5,9.4,11.9,14.4,16.9,00-0033879,O.J. Howard,TE,HOU,32,0.92,bear,2026,weighted_v1,Medium,11,False
,,0.0,0.0,0.0,0.0,0.0,0.0,7.0,4.0,46.0,0.5,7.6,9.6,11.6,13.6,00-0033879,O.J. Howard,TE,HOU,32,0.92,base,2026,weighted_v1,Medium,11,False
,,0.0,0.0,0.0,0.0,0.0,0.0,5.0,3.0,34.0,0.5,6.4,7.9,9.4,10.9,00-0033879,O.J. Howard,TE,HOU,32,0.92,bull,2026,weighted_v1,Medium,11,False
,,0.0,0.0,0.0,0.0,0.0,0.0,77.0,53.0,468.0,1.1,53.4,79.9,106.4,132.9,00-0033881,Evan Engram,TE,DEN,32,0.92,bear,2026,weighted_v1,High,16,False
,,0.0,0.0,0.0,0.0,0.0,0.0,59.0,41.0,359.0,1.2,43.1,63.6,84.1,104.6,00-0033881,Evan Engram,TE,DEN,32,0.92,base,2026,weighted_v1,High,16,False
,,0.0,0.0,0.0,0.0,0.0,0.0,66.0,46.0,404.0,1.7,50.6,73.6,96.6,119.6,00-0033881,Evan Engram,TE,DEN,32,0.92,bull,2026,weighted_v1,High,16,False
,,0.0,0.0,0.0,0.0,0.0,0.0,43.0,30.0,264.0,2.1,39.0,54.0,69.0,84.0,00-0033885,David Njoku,TE,CLE,30,1.0,bear,2026,weighted_v1,Medium,11,False
,,0.0,0.0,0.0,0.0,0.0,0.0,64.0,43.0,387.0,4.6,66.3,87.8,109.3,130.8,00-0033885,David Njoku,TE,CLE,30,1.0,base,2026,weighted_v1,Medium,11,False
,,0.0,0.0,0.0,0.0,0.0,0.0,62.0,41.0,374.0,5.5,70.4,90.9,111.4,131.9,00-0033885,David Njoku,TE,CLE,30,1.0,bull,2026,weighted_v1,Medium,11,False
,,0.0,0.0,0.0,0.0,0.0,0.0,29.0,19.0,237.0,0.8,28.5,38.0,47.5,47.5,00-0033891,Zay Jones,WR,ARI,31,0.87,bear,2026,weighted_v1,Low,6,False
,,0.0,0.0,0.0,0.0,0.0,0.0,34.0,22.0,277.0,1.3,35.5,46.5,57.5,57.5,00-0033891,Zay Jones,WR,ARI,31,0.87,base,2026,weighted_v1,Low,6,False
,,0.0,0.0,0.0,0.0,0.0,0.0,31.0,20.0,247.0,1.5,33.7,43.7,53.7,53.7,00-0033891,Zay Jones,WR,ARI,31,0.87,bull,2026,weighted_v1,Low,6,False
,,0.0,0.0,0.0,0.0,0.0,0.0,10.0,6.0,55.0,0.4,7.9,10.9,13.9,16.9,00-0033895,Gerald Everett,TE,CHI,32,0.92,bear,2026,weighted_v1,Medium,10,False
,,0.0,0.0,0.0,0.0,0.0,0.0,7.0,5.0,39.0,0.4,6.3,8.8,11.3,13.8,00-0033895,Gerald Everett,TE,CHI,32,0.92,base,2026,weighted_v1,Medium,10,False
,,0.0,0.0,0.0,0.0,0.0,0.0,6.0,4.0,31.0,0.4,5.5,7.5,9.5,11.5,00-0033895,Gerald Everett,TE,CHI,32,0.92,bull,2026,weighted_v1,Medium,10,False
,,0.0,0.0,0.0,0.0,0.0,0.0,8.0,5.0,50.0,0.3,6.8,9.3,11.8,14.3,00-0033896,Adam Shaheen,TE,MIA,32,0.92,bear,2026,weighted_v1,Low,7,False
,,0.0,0.0,0.0,0.0,0.0,0.0,6.0,4.0,41.0,0.3,5.9,7.9,9.9,11.9,00-0033896,Adam Shaheen,TE,MIA,32,0.92,base,2026,weighted_v1,Low,7,False
,,0.0,0.0,0.0,0.0,0.0,0.0,5.0,4.0,33.0,0.3,5.1,7.1,9.1,11.1,00-0033896,Adam Shaheen,TE,MIA,32,0.92,bull,2026,weighted_v1,Low,7,False
,,0.0,0.0,0.0,185.0,752.0,7.6,56.0,42.0,214.0,0.8,147.0,168.0,189.0,189.0,00-0033897,Joe Mixon,RB,HOU,30,0.65,bear,2026,weighted_v1,High,14,False
,,0.0,0.0,0.0,185.0,752.0,7.6,40.0,30.0,154.0,0.8,141.0,156.0,171.0,171.0,00-0033897,Joe Mixon,RB,HOU,30,0.65,base,2026,weighted_v1,High,14,False
,,0.0,0.0,0.0,185.0,752.0,7.6,30.0,22.0,116.0,0.8,137.2,148.2,159.2,159.2,00-0033897,Joe Mixon,RB,HOU,30,0.65,bull,2026,weighted_v1,High,14,False
,,0.0,0.0,0.0,60.0,230.0,1.0,20.0,15.0,37.0,0.1,33.3,40.8,48.3,48.3,00-0033906,Alvin Kamara,RB,NO,31,0.54,bear,2026,weighted_v1,Medium,11,False
,,0.0,0.0,0.0,89.0,343.0,1.5,20.0,16.0,108.0,0.2,55.3,63.3,71.3,71.3,00-0033906,Alvin Kamara,RB,NO,31,0.54,base,2026,weighted_v1,Medium,11,False
,,0.0,0.0,0.0,130.0,498.0,2.2,27.0,22.0,167.0,0.3,81.5,92.5,103.5,103.5,00-0033906,Alvin Kamara,RB,NO,31,0.54,bull,2026,weighted_v1,Medium,11,False
,,0.0,0.0,0.0,0.0,0.0,0.0,44.0,30.0,352.0,1.8,46.0,61.0,76.0,76.0,00-0033908,Cooper Kupp,WR,SEA,33,0.72,bear,2026,weighted_v1,High,16,False
,,0.0,0.0,0.0,0.0,0.0,0.0,37.0,25.0,291.0,2.1,41.7,54.2,66.7,66.7,00-0033908,Cooper Kupp,WR,SEA,33,0.72,base,2026,weighted_v1,High,16,False
,,0.0,0.0,0.0,0.0,0.0,0.0,47.0,32.0,377.0,3.2,56.9,72.9,88.9,88.9,00-0033908,Cooper Kupp,WR,SEA,33,0.72,bull,2026,weighted_v1,High,16,False
,,0.0,0.0,0.0,0.0,0.0,0.0,62.0,44.0,499.0,2.9,67.3,89.3,111.3,111.3,00-0033921,Chris Godwin Jr.,WR,TB,31,0.87,bear,2026,weighted_v1,Medium,9,False
,,0.0,0.0,0.0,0.0,0.0,0.0,57.0,41.0,459.0,3.5,66.9,87.4,107.9,107.9,00-0033921,Chris Godwin Jr.,WR,TB,31,0.87,base,2026,weighted_v1,Medium,9,False
,,0.0,0.0,0.0,0.0,0.0,0.0,72.0,51.0,573.0,5.3,89.1,114.6,140.1,140.1,00-0033921,Chris Godwin Jr.,WR,TB,31,0.87,bull,2026,weighted_v1,Medium,9,False
,,0.0,0.0,0.0,55.0,203.0,2.5,11.0,8.0,22.0,0.1,38.1,42.1,46.1,46.1,00-0033923,Kareem Hunt,RB,KC,31,0.54,bear,2026,weighted_v1,High,17,False
,,0.0,0.0,0.0,73.0,270.0,3.3,9.0,7.0,69.0,0.1,54.3,57.8,61.3,61.3,00-0033923,Kareem Hunt,RB,KC,31,0.54,base,2026,weighted_v1,High,17,False
,,0.0,0.0,0.0,110.0,405.0,5.0,13.0,9.0,71.0,0.2,78.8,83.3,87.8,87.8,00-0033923,Kareem Hunt,RB,KC,31,0.54,bull,2026,weighted_v1,High,17,False
,,0.0,0.0,0.0,94.0,354.0,1.7,14.0,10.0,58.0,0.2,52.6,57.6,62.6,62.6,00-0033925,D'Onta Foreman,RB,CLE,30,0.65,bear,2026,weighted_v1,Medium,10,False
,,0.0,0.0,0.0,94.0,354.0,1.7,9.0,7.0,39.0,0.2,50.7,54.2,57.7,57.7,00-0033925,D'Onta Foreman,RB,CLE,30,0.65,base,2026,weighted_v1,Medium,10,False
,,0.0,0.0,0.0,94.0,354.0,1.7,8.0,6.0,31.0,0.2,49.9,52.9,55.9,55.9,00-0033925,D'Onta Foreman,RB,CLE,30,0.65,bull,2026,weighted_v1,Medium,10,False
,,0.0,0.0,0.0,0.0,0.0,0.0,12.0,5.0,78.0,0.4,10.2,12.7,15.2,15.2,00-0033932,Kenny Golladay,WR,NYG,33,0.72,bear,2026,weighted_v1,Low,6,False
,,0.0,0.0,0.0,0.0,0.0,0.0,9.0,4.0,61.0,0.4,8.5,10.5,12.5,12.5,00-0033932,Kenny Golladay,WR,NYG,33,0.72,base,2026,weighted_v1,Low,6,False
,,0.0,0.0,0.0,0.0,0.0,0.0,6.0,3.0,42.0,0.4,6.6,8.1,9.6,9.6,00-0033932,Kenny Golladay,WR,NYG,33,0.72,bull,2026,weighted_v1,Low,6,False
233.0,171.0,1532.0,5.0,2.1,19.0,59.0,0.0,0.0,0.0,0.0,0.0,83.0,83.0,83.0,83.0,00-0033936,C.J. Beathard,QB,JAX,33,1.0,bear,2026,weighted_v1,Low,6,False
233.0,171.0,1532.0,5.0,2.1,19.0,59.0,0.0,0.0,0.0,0.0,0.0,83.0,83.0,83.0,83.0,00-0033936,C.J. Beathard,QB,JAX,33,1.0,base,2026,weighted_v1,Low,6,False
233.0,171.0,1532.0,5.0,2.1,19.0,59.0,0.0,0.0,0.0,0.0,0.0,83.0,83.0,83.0,83.0,00-0033936,C.J. Beathard,QB,JAX,33,1.0,bull,2026,weighted_v1,Low,6,False
,,0.0,0.0,0.0,61.0,212.0,1.7,12.0,10.0,29.0,0.0,34.3,39.3,44.3,44.3,00-0033948,Jamaal Williams,RB,NO,31,0.54,bear,2026,weighted_v1,High,14,False
,,0.0,0.0,0.0,61.0,212.0,1.7,8.0,8.0,21.0,0.0,33.5,37.5,41.5,41.5,00-0033948,Jamaal Williams,RB,NO,31,0.54,base,2026,weighted_v1,High,14,False
,,0.0,0.0,0.0,61.0,212.0,1.7,7.0,6.0,18.0,0.0,33.2,36.2,39.2,39.2,00-0033948,Jamaal Williams,RB,NO,31,0.54,bull,2026,weighted_v1,High,14,False
,,0.0,0.0,0.0,9.0,45.0,0.4,10.0,8.0,0.0,0.0,6.9,10.9,14.9,14.9,00-0033955,Jeremy McNichols,RB,WAS,31,0.54,bear,2026,weighted_v1,High,16,False
,,0.0,0.0,0.0,18.0,89.0,0.7,17.0,14.0,74.0,0.0,20.5,27.5,34.5,34.5,00-0033955,Jeremy McNichols,RB,WAS,31,0.54,base,2026,weighted_v1,High,16,False
,,0.0,0.0,0.0,37.0,179.0,1.5,20.0,15.0,103.0,0.0,37.2,44.7,52.2,52.2,00-0033955,Jeremy McNichols,RB,WAS,31,0.54,bull,2026,weighted_v1,High,16,False
,,0.0,0.0,0.0,0.0,0.0,0.0,8.0,5.0,72.0,0.3,9.0,11.5,14.0,16.5,00-0034011,Dan Arnold,TE,JAX,31,0.97,bear,2026,weighted_v1,Medium,11,False
,,0.0,0.0,0.0,0.0,0.0,0.0,6.0,4.0,54.0,0.3,7.2,9.2,11.2,13.2,00-0034011,Dan Arnold,TE,JAX,31,0.97,base,2026,weighted_v1,Medium,11,False
,,0.0,0.0,0.0,0.0,0.0,0.0,6.0,4.0,48.0,0.3,6.6,8.6,10.6,12.6,00-0034011,Dan Arnold,TE,JAX,31,0.97,bull,2026,weighted_v1,Medium,11,False
,,0.0,0.0,0.0,0.0,0.0,0.0,10.0,6.0,80.0,0.4,10.4,13.4,16.4,16.4,00-0034104,Cam Sims,WR,WAS,31,0.87,bear,2026,weighted_v1,Medium,13,False
,,0.0,0.0,0.0,0.0,0.0,0.0,9.0,5.0,65.0,0.4,8.9,11.4,13.9,13.9,00-0034104,Cam Sims,WR,WAS,31,0.87,base,2026,weighted_v1,Medium,13,False
,,0.0,0.0,0.0,0.0,0.0,0.0,6.0,4.0,48.0,0.4,7.2,9.2,11.2,11.2,00-0034104,Cam Sims,WR,WAS,31,0.87,bull,2026,weighted_v1,Medium,13,False
,,0.0,0.0,0.0,0.0,0.0,0.0,12.0,6.0,57.0,0.3,7.5,10.5,13.5,13.5,00-0034132,Christian Blake,WR,ATL,30,0.93,bear,2026,weighted_v1,Medium,9,False
,,0.0,0.0,0.0,0.0,0.0,0.0,9.0,5.0,44.0,0.3,6.2,8.7,11.2,11.2,00-0034132,Christian Blake,WR,ATL,30,0.93,base,2026,weighted_v1,Medium,9,False
,,0.0,0.0,0.0,0.0,0.0,0.0,6.0,4.0,31.0,0.3,4.9,6.9,8.9,8.9,00-0034132,Christian Blake,WR,ATL,30,0.93,bull,2026,weighted_v1,Medium,9,False
,,0.0,0.0,0.0,0.0,0.0,0.0,26.0,20.0,181.0,0.8,22.9,32.9,42.9,52.9,00-0034159,Will Dissly,TE,LAC,30,1.0,bear,2026,weighted_v1,Medium,8,False
,,0.0,0.0,0.0,0.0,0.0,0.0,25.0,19.0,173.0,1.1,23.9,33.4,42.9,52.4,00-0034159,Will Dissly,TE,LAC,30,1.0,base,2026,weighted_v1,Medium,8,False
,,0.0,0.0,0.0,0.0,0.0,0.0,26.0,19.0,181.0,1.5,27.1,36.6,46.1,55.6,00-0034159,Will Dissly,TE,LAC,30,1.0,bull,2026,weighted_v1,Medium,8,False
,,0.0,0.0,0.0,81.0,322.0,3.9,8.0,5.0,26.0,0.1,58.8,61.3,63.8,63.8,00-0034184,Gus Edwards,RB,LAC,31,0.54,bear,2026,weighted_v1,Medium,11,False
,,0.0,0.0,0.0,81.0,322.0,3.9,6.0,4.0,19.0,0.1,58.1,60.1,62.1,62.1,00-0034184,Gus Edwards,RB,LAC,31,0.54,base,2026,weighted_v1,Medium,11,False
,,0.0,0.0,0.0,81.0,322.0,3.9,4.0,3.0,14.0,0.1,57.6,59.1,60.6,60.6,00-0034184,Gus Edwards,RB,LAC,31,0.54,bull,2026,weighted_v1,Medium,11,False
,,0.0,0.0,0.0,0.0,0.0,0.0,8.0,5.0,56.0,0.2,6.8,9.3,11.8,14.3,00-0034192,Nick Keizer,TE,KC,31,0.97,bear,2026,weighted_v1,Medium,11,False
,,0.0,0.0,0.0,0.0,0.0,0.0,7.0,4.0,44.0,0.2,5.6,7.6,9.6,11.6,00-0034192,Nick Keizer,TE,KC,31,0.97,base,2026,weighted_v1,Medium,11,False
,,0.0,0.0,0.0,0.0,0.0,0.0,5.0,3.0,32.0,0.2,4.4,5.9,7.4,8.9,00-0034192,Nick Keizer,TE,KC,31,0.97,bull,2026,weighted_v1,Medium,11,False
,,0.0,0.0,0.0,0.0,0.0,0.0,8.0,4.0,16.0,0.2,2.8,4.8,6.8,8.8,00-0034193,Kevin Rader,TE,TEN,31,0.97,bear,2026,weighted_v1,Low,7,False
,,0.0,0.0,0.0,0.0,0.0,0.0,5.0,3.0,12.0,0.2,2.4,3.9,5.4,6.9,00-0034193,Kevin Rader,TE,TEN,31,0.97,base,2026,weighted_v1,Low,7,False
,,0.0,0.0,0.0,0.0,0.0,0.0,4.0,2.0,9.0,0.2,2.1,3.1,4.1,5.1,00-0034193,Kevin Rader,TE,TEN,31,0.97,bull,2026,weighted_v1,Low,7,False
,,0.0,0.0,0.0,28.0,177.0,0.7,19.0,15.0,44.0,0.5,29.3,36.8,44.3,44.3,00-0034253,Dontrell Hilliard,RB,TEN,32,0.44,bear,2026,weighted_v1,Medium,12,False
,,0.0,0.0,0.0,28.0,177.0,0.7,13.0,11.0,31.0,0.5,28.0,33.5,39.0,39.0,00-0034253,Dontrell Hilliard,RB,TEN,32,0.44,base,2026,weighted_v1,Medium,12,False
,,0.0,0.0,0.0,28.0,177.0,0.7,10.0,8.0,24.0,0.5,27.3,31.3,35.3,35.3,00-0034253,Dontrell Hilliard,RB,TEN,32,0.44,bull,2026,weighted_v1,Medium,12,False
,,0.0,0.0,0.0,0.0,0.0,0.0,25.0,17.0,190.0,0.8,23.8,32.3,40.8,49.3,00-0034270,Tyler Conklin,TE,LAC,31,0.97,bear,2026,weighted_v1,Low,6,False
,,0.0,0.0,0.0,0.0,0.0,0.0,24.0,17.0,182.0,1.1,24.8,33.3,41.8,50.3,00-0034270,Tyler Conklin,TE,LAC,31,0.97,base,2026,weighted_v1,Low,6,False
,,0.0,0.0,0.0,0.0,0.0,0.0,22.0,16.0,173.0,1.4,25.7,33.7,41.7,49.7,00-0034270,Tyler Conklin,TE,LAC,31,0.97,bull,2026,weighted_v1,Low,6,False
,,0.0,0.0,0.0,0.0,0.0,0.0,20.0,10.0,132.0,1.0,19.2,24.2,29.2,29.2,00-0034272,Marquez Valdes-Scantling,WR,PIT,32,0.8,bear,2026,weighted_v1,Medium,9,False
,,0.0,0.0,0.0,0.0,0.0,0.0,29.0,14.0,184.0,2.1,31.0,38.0,45.0,45.0,00-0034272,Marquez Valdes-Scantling,WR,PIT,32,0.8,base,2026,weighted_v1,Medium,9,False
,,0.0,0.0,0.0,0.0,0.0,0.0,28.0,13.0,177.0,2.1,30.3,36.8,43.3,43.3,00-0034272,Marquez Valdes-Scantling,WR,PIT,32,0.8,bull,2026,weighted_v1,Medium,9,False
,,0.0,0.0,0.0,0.0,0.0,0.0,12.0,8.0,101.0,0.4,12.5,16.5,20.5,20.5,00-0034286,Richie James,WR,KC,31,0.87,bear,2026,weighted_v1,Medium,9,False
,,0.0,0.0,0.0,0.0,0.0,0.0,9.0,7.0,79.0,0.4,10.3,13.8,17.3,17.3,00-0034286,Richie James,WR,KC,31,0.87,base,2026,weighted_v1,Medium,9,False
,,0.0,0.0,0.0,0.0,0.0,0.0,7.0,5.0,58.0,0.4,8.2,10.7,13.2,13.2,00-0034286,Richie James,WR,KC,31,0.87,bull,2026,weighted_v1,Medium,9,False
,,0.0,0.0,0.0,0.0,0.0,0.0,9.0,6.0,73.0,0.4,9.7,12.7,15.7,15.7,00-0034297,Byron Pringle,WR,WAS,33,0.72,bear,2026,weighted_v1,Medium,13,False
,,0.0,0.0,0.0,0.0,0.0,0.0,8.0,5.0,60.0,0.4,8.4,10.9,13.4,13.4,00-0034297,Byron Pringle,WR,WAS,33,0.72,base,2026,weighted_v1,Medium,13,False
,,0.0,0.0,0.0,0.0,0.0,0.0,6.0,4.0,44.0,0.4,6.8,8.8,10.8,10.8,00-0034297,Byron Pringle,WR,WAS,33,0.72,bull,2026,weighted_v1,Medium,13,False
,,0.0,0.0,0.0,0.0,0.0,0.0,12.0,8.0,78.0,0.5,10.8,14.8,18.8,18.8,00-0034309,Chad Beebe,WR,MIN,32,0.8,bear,2026,weighted_v1,Medium,12,False
,,0.0,0.0,0.0,0.0,0.0,0.0,9.0,6.0,58.0,0.5,8.8,11.8,14.8,14.8,00-0034309,Chad Beebe,WR,MIN,32,0.8,base,2026,weighted_v1,Medium,12,False
,,0.0,0.0,0.0,0.0,0.0,0.0,6.0,4.0,42.0,0.5,7.2,9.2,11.2,11.2,00-0034309,Chad Beebe,WR,MIN,32,0.8,bull,2026,weighted_v1,Medium,12,False
,,0.0,0.0,0.0,0.0,0.0,0.0,9.0,5.0,38.0,0.5,6.8,9.3,11.8,11.8,00-0034317,Keith Kirkwood,WR,NO,32,0.8,bear,2026,weighted_v1,Low,7,False
,,0.0,0.0,0.0,0.0,0.0,0.0,7.0,3.0,28.0,0.5,5.8,7.3,8.8,8.8,00-0034317,Keith Kirkwood,WR,NO,32,0.8,base,2026,weighted_v1,Low,7,False
,,0.0,0.0,0.0,0.0,0.0,0.0,6.0,3.0,23.0,0.5,5.3,6.8,8.3,8.3,00-0034317,Keith Kirkwood,WR,NO,32,0.8,bull,2026,weighted_v1,Low,7,False
,,0.0,0.0,0.0,0.0,0.0,0.0,116.0,69.0,942.0,5.2,125.4,159.9,194.4,194.4,00-0034348,Courtland Sutton,WR,DEN,31,0.87,bear,2026,weighted_v1,High,17,False
,,0.0,0.0,0.0,0.0,0.0,0.0,110.0,66.0,902.0,7.0,132.2,165.2,198.2,198.2,00-0034348,Courtland Sutton,WR,DEN,31,0.87,base,2026,weighted_v1,High,17,False
,,0.0,0.0,0.0,0.0,0.0,0.0,104.0,62.0,846.0,8.7,136.8,167.8,198.8,198.8,00-0034348,Courtland Sutton,WR,DEN,31,0.87,bull,2026,weighted_v1,High,17,False
,,0.0,0.0,0.0,48.0,167.0,1.8,31.0,23.0,170.0,0.7,48.7,60.2,71.7,71.7,00-0034349,Kerryon Johnson,RB,DET,29,0.76,bear,2026,weighted_v1,High,14,False
,,0.0,0.0,0.0,48.0,167.0,1.8,21.0,16.0,113.0,0.7,43.0,51.0,59.0,59.0,00-0034349,Kerryon Johnson,RB,DET,29,0.76,base,2026,weighted_v1,High,14,False
,,0.0,0.0,0.0,48.0,167.0,1.8,17.0,13.0,92.0,0.7,40.9,47.4,53.9,53.9,00-0034349,Kerryon Johnson,RB,DET,29,0.76,bull,2026,weighted_v1,High,14,False
,,0.0,0.0,0.0,0.0,0.0,0.0,53.0,39.0,422.0,4.2,67.4,86.9,106.4,125.9,00-0034351,Dallas Goedert,TE,PHI,32,0.92,bear,2026,weighted_v1,High,15,False
,,0.0,0.0,0.0,0.0,0.0,0.0,63.0,48.0,507.0,7.0,92.7,116.7,140.7,164.7,00-0034351,Dallas Goedert,TE,PHI,32,0.92,base,2026,weighted_v1,High,15,False
,,0.0,0.0,0.0,0.0,0.0,0.0,76.0,57.0,614.0,9.9,120.8,149.3,177.8,206.3,00-0034351,Dallas Goedert,TE,PHI,32,0.92,bull,2026,weighted_v1,High,15,False
,,0.0,0.0,0.0,0.0,0.0,0.0,3.0,1.0,18.0,0.1,2.4,2.9,3.4,3.9,00-0034364,Jordan Akins,TE,CLE,34,0.79,bear,2026,weighted_v1,High,16,False
,,0.0,0.0,0.0,0.0,0.0,0.0,2.0,1.0,12.0,0.1,1.8,2.3,2.8,3.3,00-0034364,Jordan Akins,TE,CLE,34,0.79,base,2026,weighted_v1,High,16,False
,,0.0,0.0,0.0,0.0,0.0,0.0,1.0,1.0,10.0,0.1,1.6,2.1,2.6,3.1,00-0034364,Jordan Akins,TE,CLE,34,0.79,bull,2026,weighted_v1,High,16,False
,,0.0,0.0,0.0,0.0,0.0,0.0,26.0,20.0,152.0,0.6,18.8,28.8,38.8,48.8,00-0034365,Ian Thomas,TE,LV,30,1.0,bear,2026,weighted_v1,Medium,9,False
,,0.0,0.0,0.0,0.0,0.0,0.0,22.0,16.0,128.0,0.6,16.4,24.4,32.4,40.4,00-0034365,Ian Thomas,TE,LV,30,1.0,base,2026,weighted_v1,Medium,9,False
,,0.0,0.0,0.0,0.0,0.0,0.0,27.0,21.0,160.0,1.0,22.0,32.5,43.0,53.5,00-0034365,Ian Thomas,TE,LV,30,1.0,bull,2026,weighted_v1,Medium,9,False
,,0.0,0.0,0.0,0.0,0.0,0.0,12.0,10.0,110.0,0.5,14.0,19.0,24.0,24.0,00-0034366,Keke Coutee,WR,IND,30,0.93,bear,2026,weighted_v1,Low,7,False
,,0.0,0.0,0.0,0.0,0.0,0.0,10.0,9.0,93.0,0.5,12.3,16.8,21.3,21.3,00-0034366,Keke Coutee,WR,IND,30,0.93,base,2026,weighted_v1,Low,7,False
,,0.0,0.0,0.0,0.0,0.0,0.0,7.0,6.0,66.0,0.5,9.6,12.6,15.6,15.6,00-0034366,Keke Coutee,WR,IND,30,0.93,bull,2026,weighted_v1,Low,7,False
,,0.0,0.0,0.0,0.0,0.0,0.0,14.0,8.0,95.0,0.5,12.5,16.5,20.5,20.5,00-0034370,DaeSean Hamilton,WR,DEN,31,0.87,bear,2026,weighted_v1,Medium,12,False
,,0.0,0.0,0.0,0.0,0.0,0.0,10.0,6.0,68.0,0.5,9.8,12.8,15.8,15.8,00-0034370,DaeSean Hamilton,WR,DEN,31,0.87,base,2026,weighted_v1,Medium,12,False
,,0.0,0.0,0.0,0.0,0.0,0.0,8.0,4.0,51.0,0.5,8.1,10.1,12.1,12.1,00-0034370,DaeSean Hamilton,WR,DEN,31,0.87,bull,2026,weighted_v1,Medium,12,False
,,0.0,0.0,0.0,0.0,0.0,0.0,88.0,64.0,624.0,2.3,76.2,108.2,140.2,172.2,00-0034383,Dalton Schultz,TE,HOU,30,1.0,bear,2026,weighted_v1,High,17,False
,,0.0,0.0,0.0,0.0,0.0,0.0,95.0,69.0,671.0,3.4,87.5,122.0,156.5,191.0,00-0034383,Dalton Schultz,TE,HOU,30,1.0,base,2026,weighted_v1,High,17,False
,,0.0,0.0,0.0,0.0,0.0,0.0,95.0,69.0,674.0,4.6,95.0,129.5,164.0,198.5,00-0034383,Dalton Schultz,TE,HOU,30,1.0,bull,2026,weighted_v1,High,17,False
,,0.0,0.0,0.0,0.0,0.0,0.0,9.0,5.0,52.0,0.5,8.2,10.7,13.2,15.7,00-0034393,Troy Fumagalli,TE,DEN,32,0.92,bear,2026,weighted_v1,Low,7,False
,,0.0,0.0,0.0,0.0,0.0,0.0,7.0,4.0,37.0,0.5,6.7,8.7,10.7,12.7,00-0034393,Troy Fumagalli,TE,DEN,32,0.92,base,2026,weighted_v1,Low,7,False
,,0.0,0.0,0.0,0.0,0.0,0.0,5.0,3.0,28.0,0.5,5.8,7.3,8.8,10.3,00-0034393,Troy Fumagalli,TE,DEN,32,0.92,bull,2026,weighted_v1,Low,7,False
,,0.0,0.0,0.0,0.0,0.0,0.0,31.0,20.0,202.0,0.7,24.4,34.4,44.4,44.4,00-0034407,Ray-Ray McCloud,WR,NYG,30,0.93,bear,2026,weighted_v1,Low,6,False
,,0.0,0.0,0.0,0.0,0.0,0.0,34.0,20.0,217.0,1.0,27.7,37.7,47.7,47.7,00-0034407,Ray-Ray McCloud,WR,NYG,30,0.93,base,2026,weighted_v1,Low,6,False
,,0.0,0.0,0.0,0.0,0.0,0.0,43.0,26.0,276.0,1.9,39.0,52.0,65.0,65.0,00-0034407,Ray-Ray McCloud,WR,NYG,30,0.93,bull,2026,weighted_v1,Low,6,False
,,0.0,0.0,0.0,0.0,0.0,0.0,14.0,9.0,94.0,0.7,13.6,18.1,22.6,22.6,00-0034411,Russell Gage,WR,TB,31,0.87,bear,2026,weighted_v1,Medium,13,False
,,0.0,0.0,0.0,0.0,0.0,0.0,10.0,7.0,71.0,0.7,11.3,14.8,18.3,18.3,00-0034411,Russell Gage,WR,TB,31,0.87,base,2026,weighted_v1,Medium,13,False
,,0.0,0.0,0.0,0.0,0.0,0.0,8.0,6.0,58.0,0.7,10.0,13.0,16.0,16.0,00-0034411,Russell Gage,WR,TB,31,0.87,bull,2026,weighted_v1,Medium,13,False
,,0.0,0.0,0.0,0.0,0.0,0.0,21.0,13.0,144.0,0.9,19.8,26.3,32.8,32.8,00-0034418,Cedrick Wilson Jr.,WR,MIA,31,0.87,bear,2026,weighted_v1,Low,6,False
,,0.0,0.0,0.0,0.0,0.0,0.0,23.0,14.0,151.0,1.1,21.7,28.7,35.7,35.7,00-0034418,Cedrick Wilson Jr.,WR,MIA,31,0.87,base,2026,weighted_v1,Low,6,False
,,0.0,0.0,0.0,0.0,0.0,0.0,22.0,14.0,149.0,1.4,23.3,30.3,37.3,37.3,00-0034418,Cedrick Wilson Jr.,WR,MIA,31,0.87,bull,2026,weighted_v1,Low,6,False
,,0.0,0.0,0.0,0.0,0.0,0.0,10.0,5.0,43.0,0.6,7.9,10.4,12.9,12.9,00-0034426,Javon Wims,WR,CHI,32,0.8,bear,2026,weighted_v1,Medium,10,False
,,0.0,0.0,0.0,0.0,0.0,0.0,7.0,4.0,31.0,0.6,6.7,8.7,10.7,10.7,00-0034426,Javon Wims,WR,CHI,32,0.8,base,2026,weighted_v1,Medium,10,False
,,0.0,0.0,0.0,0.0,0.0,0.0,6.0,3.0,25.0,0.6,6.1,7.6,9.1,9.1,00-0034426,Javon Wims,WR,CHI,32,0.8,bull,2026,weighted_v1,Medium,10,False
,,0.0,0.0,0.0,0.0,0.0,0.0,10.0,6.0,101.0,0.2,11.3,14.3,17.3,20.3,00-0034439,Ryan Izzo,TE,NE,31,0.97,bear,2026,weighted_v1,Medium,10,False
,,0.0,0.0,0.0,0.0,0.0,0.0,10.0,6.0,95.0,0.2,10.7,13.7,16.7,19.7,00-0034439,Ryan Izzo,TE,NE,31,0.97,base,2026,weighted_v1,Medium,10,False
,,0.0,0.0,0.0,0.0,0.0,0.0,7.0,4.0,67.0,0.2,7.9,9.9,11.9,13.9,00-0034439,Ryan Izzo,TE,NE,31,0.97,bull,2026,weighted_v1,Medium,10,False
,,0.0,0.0,0.0,44.0,207.0,0.9,23.0,18.0,98.0,0.3,37.7,46.7,55.7,55.7,00-0034440,Justin Jackson,RB,DET,30,0.65,bear,2026,weighted_v1,High,15,False
,,0.0,0.0,0.0,44.0,207.0,0.9,16.0,12.0,65.0,0.3,34.4,40.4,46.4,46.4,00-0034440,Justin Jackson,RB,DET,30,0.65,base,2026,weighted_v1,High,15,False
,,0.0,0.0,0.0,44.0,207.0,0.9,13.0,10.0,52.0,0.3,33.1,38.1,43.1,43.1,00-0034440,Justin Jackson,RB,DET,30,0.65,bull,2026,weighted_v1,High,15,False
,,0.0,0.0,0.0,0.0,0.0,0.0,26.0,14.0,174.0,1.3,25.2,32.2,39.2,39.2,00-0034521,Allen Lazard,WR,NYJ,31,0.87,bear,2026,weighted_v1,Medium,9,False
,,0.0,0.0,0.0,0.0,0.0,0.0,28.0,15.0,183.0,2.0,30.3,37.8,45.3,45.3,00-0034521,Allen Lazard,WR,NYJ,31,0.87,base,2026,weighted_v1,Medium,9,False
,,0.0,0.0,0.0,0.0,0.0,0.0,31.0,18.0,205.0,2.8,37.3,46.3,55.3,55.3,00-0034521,Allen Lazard,WR,NYJ,31,0.87,bull,2026,weighted_v1,Medium,9,False
,,0.0,0.0,0.0,0.0,0.0,0.0,27.0,22.0,190.0,1.2,26.2,37.2,48.2,59.2,00-0034613,Tanner Hudson,TE,CIN,32,0.92,bear,2026,weighted_v1,Medium,10,False
,,0.0,0.0,0.0,0.0,0.0,0.0,28.0,22.0,197.0,1.8,30.5,41.5,52.5,63.5,00-0034613,Tanner Hudson,TE,CIN,32,0.92,base,2026,weighted_v1,Medium,10,False
,,0.0,0.0,0.0,0.0,0.0,0.0,28.0,22.0,197.0,2.3,33.5,44.5,55.5,66.5,00-0034613,Tanner Hudson,TE,CIN,32,0.92,bull,2026,weighted_v1,Medium,10,False
,,0.0,0.0,0.0,0.0,0.0,0.0,1.0,1.0,8.0,0.0,0.8,1.3,1.8,1.8,00-0034646,Brandon Powell,WR,MIN,31,0.87,bear,2026,weighted_v1,High,16,False
,,0.0,0.0,0.0,0.0,0.0,0.0,1.0,1.0,6.0,0.0,0.6,1.1,1.6,1.6,00-0034646,Brandon Powell,WR,MIN,31,0.87,base,2026,weighted_v1,High,16,False
,,0.0,0.0,0.0,0.0,0.0,0.0,1.0,1.0,4.0,0.0,0.4,0.9,1.4,1.4,00-0034646,Brandon Powell,WR,MIN,31,0.87,bull,2026,weighted_v1,High,16,False
,,0.0,0.0,0.0,0.0,0.0,0.0,62.0,44.0,472.0,4.5,74.2,96.2,118.2,140.2,00-0034753,Mark Andrews,TE,BAL,31,0.97,bear,2026,weighted_v1,High,17,False
,,0.0,0.0,0.0,0.0,0.0,0.0,45.0,32.0,346.0,4.5,61.6,77.6,93.6,109.6,00-0034753,Mark Andrews,TE,BAL,31,0.97,base,2026,weighted_v1,High,17,False
,,0.0,0.0,0.0,0.0,0.0,0.0,57.0,41.0,438.0,7.4,88.2,108.7,129.2,149.7,00-0034753,Mark Andrews,TE,BAL,31,0.97,bull,2026,weighted_v1,High,17,False
,,0.0,0.0,0.0,0.0,0.0,0.0,5.0,3.0,39.0,0.2,5.1,6.6,8.1,8.1,00-0034764,Michael Gallup,WR,DAL,30,0.93,bear,2026,weighted_v1,High,16,False
,,0.0,0.0,0.0,0.0,0.0,0.0,4.0,2.0,28.0,0.2,4.0,5.0,6.0,6.0,00-0034764,Michael Gallup,WR,DAL,30,0.93,base,2026,weighted_v1,High,16,False
,,0.0,0.0,0.0,0.0,0.0,0.0,3.0,1.0,22.0,0.2,3.4,3.9,4.4,4.4,00-0034764,Michael Gallup,WR,DAL,30,0.93,bull,2026,weighted_v1,High,16,False
,,0.0,0.0,0.0,0.0,0.0,0.0,13.0,8.0,114.0,0.6,15.0,19.0,23.0,23.0,00-0034765,Tre'Quan Smith,WR,NO,31,0.87,bear,2026,weighted_v1,Medium,10,False
,,0.0,0.0,0.0,0.0,0.0,0.0,9.0,6.0,82.0,0.6,11.8,14.8,17.8,17.8,00-0034765,Tre'Quan Smith,WR,NO,31,0.87,base,2026,weighted_v1,Medium,10,False
,,0.0,0.0,0.0,0.0,0.0,0.0,8.0,5.0,69.0,0.6,10.5,13.0,15.5,15.5,00-0034765,Tre'Quan Smith,WR,NO,31,0.87,bull,2026,weighted_v1,Medium,10,False
,,0.0,0.0,0.0,0.0,0.0,0.0,9.0,6.0,57.0,0.6,9.3,12.3,15.3,18.3,00-0034766,Chris Herndon,TE,MIN,31,0.97,bear,2026,weighted_v1,Low,6,False
,,0.0,0.0,0.0,0.0,0.0,0.0,7.0,5.0,43.0,0.6,7.9,10.4,12.9,15.4,00-0034766,Chris Herndon,TE,MIN,31,0.97,base,2026,weighted_v1,Low,6,False
,,0.0,0.0,0.0,0.0,0.0,0.0,5.0,4.0,31.0,0.6,6.7,8.7,10.7,12.7,00-0034766,Chris Herndon,TE,MIN,31,0.97,bull,2026,weighted_v1,Low,6,False
,,0.0,0.0,0.0,0.0,0.0,0.0,69.0,40.0,460.0,2.2,59.2,79.2,99.2,99.2,00-0034775,Christian Kirk,WR,HOU,30,0.93,bear,2026,weighted_v1,Medium,11,False
,,0.0,0.0,0.0,0.0,0.0,0.0,55.0,33.0,369.0,2.4,51.3,67.8,84.3,84.3,00-0034775,Christian Kirk,WR,HOU,30,0.93,base,2026,weighted_v1,Medium,11,False
,,0.0,0.0,0.0,0.0,0.0,0.0,55.0,32.0,367.0,3.2,55.9,71.9,87.9,87.9,00-0034775,Christian Kirk,WR,HOU,30,0.93,bull,2026,weighted_v1,Medium,11,False
,,0.0,0.0,0.0,0.0,0.0,0.0,8.0,5.0,41.0,0.2,5.3,7.8,10.3,12.8,00-0034788,Jaeden Graham,TE,ATL,31,0.97,bear,2026,weighted_v1,Medium,8,False
,,0.0,0.0,0.0,0.0,0.0,0.0,6.0,4.0,32.0,0.2,4.4,6.4,8.4,10.4,00-0034788,Jaeden Graham,TE,ATL,31,0.97,base,2026,weighted_v1,Medium,8,False
,,0.0,0.0,0.0,0.0,0.0,0.0,4.0,3.0,22.0,0.2,3.4,4.9,6.4,7.9,00-0034788,Jaeden Graham,TE,ATL,31,0.97,bull,2026,weighted_v1,Medium,8,False
,,0.0,0.0,0.0,46.0,199.0,1.1,6.0,4.0,0.0,0.1,27.1,29.1,31.1,31.1,00-0034791,Nick Chubb,RB,HOU,31,0.54,bear,2026,weighted_v1,High,15,False
,,0.0,0.0,0.0,83.0,359.0,2.0,8.0,6.0,0.0,0.1,48.5,51.5,54.5,54.5,00-0034791,Nick Chubb,RB,HOU,31,0.54,base,2026,weighted_v1,High,15,False
,,0.0,0.0,0.0,106.0,458.0,2.6,13.0,8.0,45.0,0.2,67.1,71.1,75.1,75.1,00-0034791,Nick Chubb,RB,HOU,31,0.54,bull,2026,weighted_v1,High,15,False
351.0,228.0,2934.0,19.3,6.5,116.0,676.0,3.4,0.0,0.0,0.0,0.0,269.6,269.6,269.6,269.6,00-0034796,Lamar Jackson,QB,BAL,30,1.03,bear,2026,weighted_v1,Medium,13,False
407.0,264.0,3402.0,22.4,7.5,116.0,676.0,3.4,0.0,0.0,0.0,0.0,298.7,298.7,298.7,298.7,00-0034796,Lamar Jackson,QB,BAL,30,1.03,base,2026,weighted_v1,Medium,13,False
491.0,318.0,4105.0,27.0,9.1,116.0,676.0,3.4,0.0,0.0,0.0,0.0,342.0,342.0,342.0,342.0,00-0034796,Lamar Jackson,QB,BAL,30,1.03,bull,2026,weighted_v1,Medium,13,False
,,0.0,0.0,0.0,0.0,0.0,0.0,8.0,5.0,44.0,0.2,5.6,8.1,10.6,13.1,00-0034798,Durham Smythe,TE,CHI,31,0.97,bear,2026,weighted_v1,Low,7,False
,,0.0,0.0,0.0,0.0,0.0,0.0,18.0,12.0,102.0,0.6,13.8,19.8,25.8,31.8,00-0034798,Durham Smythe,TE,CHI,31,0.97,base,2026,weighted_v1,Low,7,False
,,0.0,0.0,0.0,0.0,0.0,0.0,14.0,10.0,81.0,0.6,11.7,16.7,21.7,26.7,00-0034798,Durham Smythe,TE,CHI,31,0.97,bull,2026,weighted_v1,Low,7,False
,,0.0,0.0,0.0,0.0,0.0,0.0,87.0,55.0,686.0,3.8,91.4,118.9,146.4,146.4,00-0034827,DJ Moore,WR,CHI,29,0.98,bear,2026,weighted_v1,High,17,False
,,0.0,0.0,0.0,0.0,0.0,0.0,78.0,50.0,619.0,4.7,90.1,115.1,140.1,140.1,00-0034827,DJ Moore,WR,CHI,29,0.98,base,2026,weighted_v1,High,17,False
,,0.0,0.0,0.0,0.0,0.0,0.0,74.0,48.0,589.0,5.7,93.1,117.1,141.1,141.1,00-0034827,DJ Moore,WR,CHI,29,0.98,bull,2026,weighted_v1,High,17,False
,,0.0,0.0,0.0,0.0,0.0,0.0,41.0,29.0,302.0,1.6,39.8,54.3,68.8,83.3,00-0034829,Mike Gesicki,TE,CIN,31,0.97,bear,2026,weighted_v1,Medium,12,False
,,0.0,0.0,0.0,0.0,0.0,0.0,47.0,33.0,351.0,2.6,50.7,67.2,83.7,100.2,00-0034829,Mike Gesicki,TE,CIN,31,0.97,base,2026,weighted_v1,Medium,12,False
,,0.0,0.0,0.0,0.0,0.0,0.0,43.0,30.0,319.0,3.1,50.5,65.5,80.5,95.5,00-0034829,Mike Gesicki,TE,CIN,31,0.97,bull,2026,weighted_v1,Medium,12,False
,,0.0,0.0,0.0,0.0,0.0,0.0,9.0,6.0,56.0,0.3,7.4,10.4,13.4,16.4,00-0034830,Hayden Hurst,TE,LAC,33,0.86,bear,2026,weighted_v1,Low,7,False
,,0.0,0.0,0.0,0.0,0.0,0.0,6.0,5.0,40.0,0.3,5.8,8.3,10.8,13.3,00-0034830,Hayden Hurst,TE,LAC,33,0.86,base,2026,weighted_v1,Low,7,False
,,0.0,0.0,0.0,0.0,0.0,0.0,5.0,4.0,30.0,0.3,4.8,6.8,8.8,10.8,00-0034830,Hayden Hurst,TE,LAC,33,0.86,bull,2026,weighted_v1,Low,7,False
,,0.0,0.0,0.0,0.0,0.0,0.0,73.0,38.0,594.0,2.2,72.6,91.6,110.6,110.6,00-0034837,Calvin Ridley,WR,TEN,32,0.8,bear,2026,weighted_v1,Medium,7,True
,,0.0,0.0,0.0,0.0,0.0,0.0,62.0,31.0,502.0,2.7,66.4,81.9,97.4,97.4,00-0034837,Calvin Ridley,WR,TEN,32,0.8,base,2026,weighted_v1,Medium,7,True
,,0.0,0.0,0.0,0.0,0.0,0.0,64.0,34.0,527.0,3.5,73.7,90.7,107.7,107.7,00-0034837,Calvin Ridley,WR,TEN,32,0.8,bull,2026,weighted_v1,Medium,7,True
,,0.0,0.0,0.0,62.0,224.0,0.9,10.0,8.0,25.0,0.1,30.9,34.9,38.9,38.9,00-0034838,Royce Freeman,RB,LA,31,0.54,bear,2026,weighted_v1,Medium,11,False
,,0.0,0.0,0.0,62.0,224.0,0.9,7.0,5.0,18.0,0.1,30.2,32.7,35.2,35.2,00-0034838,Royce Freeman,RB,LA,31,0.54,base,2026,weighted_v1,Medium,11,False
,,0.0,0.0,0.0,62.0,224.0,0.9,6.0,4.0,14.0,0.1,29.8,31.8,33.8,33.8,00-0034838,Royce Freeman,RB,LA,31,0.54,bull,2026,weighted_v1,Medium,11,False
,,0.0,0.0,0.0,152.0,692.0,4.4,25.0,18.0,0.0,0.6,99.2,108.2,117.2,117.2,00-0034844,Saquon Barkley,RB,PHI,30,0.65,bear,2026,weighted_v1,High,16,False
,,0.0,0.0,0.0,204.0,931.0,5.9,27.0,19.0,80.0,0.9,141.9,151.4,160.9,160.9,00-0034844,Saquon Barkley,RB,PHI,30,0.65,base,2026,weighted_v1,High,16,False
,,0.0,0.0,0.0,235.0,1070.0,6.7,33.0,24.0,200.0,1.3,175.0,187.0,199.0,199.0,00-0034844,Saquon Barkley,RB,PHI,30,0.65,bull,2026,weighted_v1,High,16,False
,,0.0,0.0,0.0,0.0,0.0,0.0,9.0,4.0,57.0,0.3,7.5,9.5,11.5,11.5,00-0034854,KhaDarel Hodge,WR,ATL,33,0.72,bear,2026,weighted_v1,Medium,8,False
,,0.0,0.0,0.0,0.0,0.0,0.0,7.0,3.0,44.0,0.3,6.2,7.7,9.2,9.2,00-0034854,KhaDarel Hodge,WR,ATL,33,0.72,base,2026,weighted_v1,Medium,8,False
,,0.0,0.0,0.0,0.0,0.0,0.0,11.0,5.0,76.0,0.6,11.2,13.7,16.2,16.2,00-0034854,KhaDarel Hodge,WR,ATL,33,0.72,bull,2026,weighted_v1,Medium,8,False
451.0,294.0,3213.0,24.1,10.1,56.0,334.0,1.5,0.0,0.0,0.0,0.0,247.1,247.1,247.1,247.1,00-0034855,Baker Mayfield,QB,TB,31,1.02,bear,2026,weighted_v1,High,17,False
520.0,339.0,3707.0,27.8,11.6,56.0,334.0,1.5,0.0,0.0,0.0,0.0,278.7,278.7,278.7,278.7,00-0034855,Baker Mayfield,QB,TB,31,1.02,base,2026,weighted_v1,High,17,False
659.0,430.0,4696.0,35.2,14.7,56.0,334.0,1.5,0.0,0.0,0.0,0.0,341.6,341.6,341.6,341.6,00-0034855,Baker Mayfield,QB,TB,31,1.02,bull,2026,weighted_v1,High,17,False
429.0,287.0,3335.0,23.6,9.0,116.0,604.0,13.7,0.0,0.0,0.0,0.0,352.4,352.4,352.4,352.4,00-0034857,Josh Allen,QB,BUF,30,1.03,bear,2026,weighted_v1,High,16,False
490.0,328.0,3811.0,27.0,10.2,116.0,604.0,13.7,0.0,0.0,0.0,0.0,382.6,382.6,382.6,382.6,00-0034857,Josh Allen,QB,BUF,30,1.03,base,2026,weighted_v1,High,16,False
556.0,372.0,4322.0,30.6,11.6,116.0,604.0,13.7,0.0,0.0,0.0,0.0,414.7,414.7,414.7,414.7,00-0034857,Josh Allen,QB,BUF,30,1.03,bull,2026,weighted_v1,High,16,False
,,0.0,0.0,0.0,0.0,0.0,0.0,9.0,6.0,70.0,0.3,8.8,11.8,14.8,14.8,00-0034860,Dante Pettis,WR,NO,31,0.87,bear,2026,weighted_v1,Medium,8,False
,,0.0,0.0,0.0,0.0,0.0,0.0,12.0,7.0,87.0,0.6,12.3,15.8,19.3,19.3,00-0034860,Dante Pettis,WR,NO,31,0.87,base,2026,weighted_v1,Medium,8,False
,,0.0,0.0,0.0,0.0,0.0,0.0,20.0,12.0,149.0,1.2,22.1,28.1,34.1,34.1,00-0034860,Dante Pettis,WR,NO,31,0.87,bull,2026,weighted_v1,Medium,8,False
455.0,302.0,3708.0,24.7,12.2,46.0,134.0,1.0,0.0,0.0,0.0,0.0,242.1,242.1,242.1,242.1,00-0034869,Sam Darnold,QB,SEA,29,1.03,bear,2026,weighted_v1,High,17,False
473.0,314.0,3851.0,25.6,12.6,46.0,134.0,1.0,0.0,0.0,0.0,0.0,250.6,250.6,250.6,250.6,00-0034869,Sam Darnold,QB,SEA,29,1.03,base,2026,weighted_v1,High,17,False
578.0,383.0,4707.0,31.3,15.4,46.0,134.0,1.0,0.0,0.0,0.0,0.0,302.1,302.1,302.1,302.1,00-0034869,Sam Darnold,QB,SEA,29,1.03,bull,2026,weighted_v1,High,17,False
,,0.0,0.0,0.0,0.0,0.0,0.0,99.0,66.0,760.0,3.3,95.8,128.8,161.8,161.8,00-0034960,Jakobi Meyers,WR,JAX,30,0.93,bear,2026,weighted_v1,High,16,False
,,0.0,0.0,0.0,0.0,0.0,0.0,75.0,50.0,575.0,3.3,77.3,102.3,127.3,127.3,00-0034960,Jakobi Meyers,WR,JAX,30,0.93,base,2026,weighted_v1,High,16,False
,,0.0,0.0,0.0,0.0,0.0,0.0,91.0,62.0,706.0,4.5,97.6,128.6,159.6,159.6,00-0034960,Jakobi Meyers,WR,JAX,30,0.93,bull,2026,weighted_v1,High,16,False
,,0.0,0.0,0.0,0.0,0.0,0.0,11.0,8.0,56.0,0.5,8.6,12.6,16.6,20.6,00-0034970,Irv Smith,TE,CIN,28,1.02,bear,2026,weighted_v1,Medium,10,False
,,0.0,0.0,0.0,0.0,0.0,0.0,8.0,5.0,40.0,0.5,7.0,9.5,12.0,14.5,00-0034970,Irv Smith,TE,CIN,28,1.02,base,2026,weighted_v1,Medium,10,False
,,0.0,0.0,0.0,0.0,0.0,0.0,6.0,4.0,31.0,0.5,6.1,8.1,10.1,12.1,00-0034970,Irv Smith,TE,CIN,28,1.02,bull,2026,weighted_v1,Medium,10,False
,,0.0,0.0,0.0,135.0,472.0,3.0,55.0,40.0,265.0,1.3,99.5,119.5,139.5,139.5,00-0034972,Alexander Mattison,RB,LV,28,0.86,bear,2026,weighted_v1,High,14,False
,,0.0,0.0,0.0,135.0,472.0,3.0,46.0,34.0,224.0,1.3,95.4,112.4,129.4,129.4,00-0034972,Alexander Mattison,RB,LV,28,0.86,base,2026,weighted_v1,High,14,False
,,0.0,0.0,0.0,135.0,472.0,3.0,34.0,25.0,165.0,1.3,89.5,102.0,114.5,114.5,00-0034972,Alexander Mattison,RB,LV,28,0.86,bull,2026,weighted_v1,High,14,False
,,0.0,0.0,0.0,22.0,110.0,1.3,29.0,23.0,73.0,0.7,30.3,41.8,53.3,53.3,00-0034975,Justice Hill,RB,BAL,29,0.76,bear,2026,weighted_v1,Medium,10,False
,,0.0,0.0,0.0,22.0,110.0,1.3,21.0,17.0,149.0,0.7,37.9,46.4,54.9,54.9,00-0034975,Justice Hill,RB,BAL,29,0.76,base,2026,weighted_v1,Medium,10,False
,,0.0,0.0,0.0,40.0,200.0,2.3,29.0,23.0,230.0,1.3,64.6,76.1,87.6,87.6,00-0034975,Justice Hill,RB,BAL,29,0.76,bull,2026,weighted_v1,Medium,10,False
,,0.0,0.0,0.0,0.0,0.0,0.0,23.0,17.0,182.0,1.1,24.8,33.3,41.8,50.3,00-0034981,Foster Moreau,TE,NO,29,1.02,bear,2026,weighted_v1,Low,7,False
,,0.0,0.0,0.0,0.0,0.0,0.0,17.0,13.0,130.0,1.1,19.6,26.1,32.6,39.1,00-0034981,Foster Moreau,TE,NO,29,1.02,base,2026,weighted_v1,Low,7,False
,,0.0,0.0,0.0,0.0,0.0,0.0,19.0,14.0,147.0,1.5,23.7,30.7,37.7,44.7,00-0034981,Foster Moreau,TE,NO,29,1.02,bull,2026,weighted_v1,Low,7,False
,,0.0,0.0,0.0,0.0,0.0,0.0,46.0,27.0,199.0,2.1,32.5,46.0,59.5,59.5,00-0034983,Hunter Renfrow,WR,CAR,31,0.87,bear,2026,weighted_v1,Low,6,False
,,0.0,0.0,0.0,0.0,0.0,0.0,52.0,31.0,230.0,3.0,41.0,56.5,72.0,72.0,00-0034983,Hunter Renfrow,WR,CAR,31,0.87,base,2026,weighted_v1,Low,6,False
,,0.0,0.0,0.0,0.0,0.0,0.0,52.0,32.0,229.0,4.4,49.3,65.3,81.3,81.3,00-0034983,Hunter Renfrow,WR,CAR,31,0.87,bull,2026,weighted_v1,Low,6,False
,,0.0,0.0,0.0,0.0,0.0,0.0,14.0,10.0,139.0,0.3,15.7,20.7,25.7,25.7,00-0035006,Bisi Johnson,WR,MIN,29,0.98,bear,2026,weighted_v1,Medium,9,False
,,0.0,0.0,0.0,0.0,0.0,0.0,11.0,8.0,104.0,0.3,12.2,16.2,20.2,20.2,00-0035006,Bisi Johnson,WR,MIN,29,0.98,base,2026,weighted_v1,Medium,9,False
,,0.0,0.0,0.0,0.0,0.0,0.0,8.0,6.0,75.0,0.3,9.3,12.3,15.3,15.3,00-0035006,Bisi Johnson,WR,MIN,29,0.98,bull,2026,weighted_v1,Medium,9,False
,,0.0,0.0,0.0,0.0,0.0,0.0,12.0,5.0,117.0,0.4,14.1,16.6,19.1,19.1,00-0035021,Ashton Dulin,WR,IND,29,0.98,bear,2026,weighted_v1,Medium,12,False
,,0.0,0.0,0.0,0.0,0.0,0.0,10.0,4.0,98.0,0.4,12.2,14.2,16.2,16.2,00-0035021,Ashton Dulin,WR,IND,29,0.98,base,2026,weighted_v1,Medium,12,False
,,0.0,0.0,0.0,0.0,0.0,0.0,17.0,8.0,170.0,1.0,23.0,27.0,31.0,31.0,00-0035021,Ashton Dulin,WR,IND,29,0.98,bull,2026,weighted_v1,Medium,12,False
,,0.0,0.0,0.0,0.0,0.0,0.0,8.0,4.0,47.0,0.2,5.9,7.9,9.9,11.9,00-0035039,Stephen Carlson,TE,CLE,30,1.0,bear,2026,weighted_v1,Low,7,False
,,0.0,0.0,0.0,0.0,0.0,0.0,5.0,3.0,31.0,0.2,4.3,5.8,7.3,8.8,00-0035039,Stephen Carlson,TE,CLE,30,1.0,base,2026,weighted_v1,Low,7,False
,,0.0,0.0,0.0,0.0,0.0,0.0,4.0,2.0,25.0,0.2,3.7,4.7,5.7,6.7,00-0035039,Stephen Carlson,TE,CLE,30,1.0,bull,2026,weighted_v1,Low,7,False
,,0.0,0.0,0.0,0.0,0.0,0.0,17.0,9.0,103.0,0.9,15.7,20.2,24.7,24.7,00-0035126,Antoine Wesley,WR,ARI,29,0.98,bear,2026,weighted_v1,Medium,8,False
,,0.0,0.0,0.0,0.0,0.0,0.0,12.0,6.0,73.0,0.9,12.7,15.7,18.7,18.7,00-0035126,Antoine Wesley,WR,ARI,29,0.98,base,2026,weighted_v1,Medium,8,False
,,0.0,0.0,0.0,0.0,0.0,0.0,9.0,5.0,57.0,0.9,11.1,13.6,16.1,16.1,00-0035126,Antoine Wesley,WR,ARI,29,0.98,bull,2026,weighted_v1,Medium,8,False
,,0.0,0.0,0.0,0.0,0.0,0.0,11.0,6.0,63.0,0.2,7.5,10.5,13.5,13.5,00-0035181,Darrius Shepherd,WR,GB,31,0.87,bear,2026,weighted_v1,Medium,8,False
,,0.0,0.0,0.0,0.0,0.0,0.0,9.0,5.0,49.0,0.2,6.1,8.6,11.1,11.1,00-0035181,Darrius Shepherd,WR,GB,31,0.87,base,2026,weighted_v1,Medium,8,False
,,0.0,0.0,0.0,0.0,0.0,0.0,6.0,4.0,35.0,0.2,4.7,6.7,8.7,8.7,00-0035181,Darrius Shepherd,WR,GB,31,0.87,bull,2026,weighted_v1,Medium,8,False
,,0.0,0.0,0.0,0.0,0.0,0.0,65.0,40.0,393.0,2.0,51.3,71.3,91.3,91.3,00-0035208,Olamide Zaccheaus,WR,CHI,29,0.98,bear,2026,weighted_v1,High,14,False
,,0.0,0.0,0.0,0.0,0.0,0.0,70.0,44.0,424.0,3.0,60.4,82.4,104.4,104.4,00-0035208,Olamide Zaccheaus,WR,CHI,29,0.98,base,2026,weighted_v1,High,14,False
,,0.0,0.0,0.0,0.0,0.0,0.0,74.0,46.0,448.0,4.0,68.8,91.8,114.8,114.8,00-0035208,Olamide Zaccheaus,WR,CHI,29,0.98,bull,2026,weighted_v1,High,14,False
,,0.0,0.0,0.0,0.0,0.0,0.0,18.0,10.0,118.0,0.6,15.4,20.4,25.4,25.4,00-0035216,Diontae Johnson,WR,HOU,30,0.93,bear,2026,weighted_v1,Medium,11,False
,,0.0,0.0,0.0,0.0,0.0,0.0,13.0,7.0,85.0,0.6,12.1,15.6,19.1,19.1,00-0035216,Diontae Johnson,WR,HOU,30,0.93,base,2026,weighted_v1,Medium,11,False
,,0.0,0.0,0.0,0.0,0.0,0.0,10.0,6.0,64.0,0.6,10.0,13.0,16.0,16.0,00-0035216,Diontae Johnson,WR,HOU,30,0.93,bull,2026,weighted_v1,Medium,11,False
,,0.0,0.0,0.0,0.0,0.0,0.0,2.0,1.0,12.0,0.1,1.8,2.3,2.8,3.3,00-0035222,Zach Gentry,TE,PIT,30,1.0,bear,2026,weighted_v1,High,14,False
,,0.0,0.0,0.0,0.0,0.0,0.0,1.0,1.0,8.0,0.1,1.4,1.9,2.4,2.9,00-0035222,Zach Gentry,TE,PIT,30,1.0,base,2026,weighted_v1,High,14,False
,,0.0,0.0,0.0,0.0,0.0,0.0,1.0,1.0,8.0,0.1,1.4,1.9,2.4,2.9,00-0035222,Zach Gentry,TE,PIT,30,1.0,bull,2026,weighted_v1,High,14,False
,,0.0,0.0,0.0,0.0,0.0,0.0,68.0,49.0,476.0,1.7,57.8,82.3,106.8,131.3,00-0035229,T.J. Hockenson,TE,MIN,29,1.02,bear,2026,weighted_v1,High,15,False
,,0.0,0.0,0.0,0.0,0.0,0.0,67.0,48.0,473.0,2.2,60.5,84.5,108.5,132.5,00-0035229,T.J. Hockenson,TE,MIN,29,1.02,base,2026,weighted_v1,High,15,False
,,0.0,0.0,0.0,0.0,0.0,0.0,73.0,53.0,513.0,3.3,71.1,97.6,124.1,150.6,00-0035229,T.J. Hockenson,TE,MIN,29,1.02,bull,2026,weighted_v1,High,15,False
531.0,326.0,3172.0,11.0,15.4,49.0,112.0,2.4,0.0,0.0,0.0,0.0,165.7,165.7,165.7,165.7,00-0035232,Dwayne Haskins,QB,WAS,29,1.03,bear,2026,weighted_v1,Low,7,False
531.0,326.0,3172.0,11.0,15.4,49.0,112.0,2.4,0.0,0.0,0.0,0.0,165.7,165.7,165.7,165.7,00-0035232,Dwayne Haskins,QB,WAS,29,1.03,base,2026,weighted_v1,Low,7,False
531.0,326.0,3172.0,11.0,15.4,49.0,112.0,2.4,0.0,0.0,0.0,0.0,165.7,165.7,165.7,165.7,00-0035232,Dwayne Haskins,QB,WAS,29,1.03,bull,2026,weighted_v1,Low,7,False
,,0.0,0.0,0.0,0.0,0.0,0.0,10.0,4.0,91.0,0.3,10.9,12.9,14.9,14.9,00-0035246,J.J. Arcega-Whiteside,WR,PHI,30,0.93,bear,2026,weighted_v1,Low,7,False
,,0.0,0.0,0.0,0.0,0.0,0.0,7.0,3.0,65.0,0.3,8.3,9.8,11.3,11.3,00-0035246,J.J. Arcega-Whiteside,WR,PHI,30,0.93,base,2026,weighted_v1,Low,7,False
,,0.0,0.0,0.0,0.0,0.0,0.0,6.0,3.0,57.0,0.3,7.5,9.0,10.5,10.5,00-0035246,J.J. Arcega-Whiteside,WR,PHI,30,0.93,bull,2026,weighted_v1,Low,7,False
,,0.0,0.0,0.0,0.0,0.0,0.0,26.0,21.0,218.0,1.8,32.6,43.1,53.6,64.1,00-0035249,Josh Oliver,TE,MIN,29,1.02,bear,2026,weighted_v1,Medium,12,False
,,0.0,0.0,0.0,0.0,0.0,0.0,19.0,15.0,163.0,1.8,27.1,34.6,42.1,49.6,00-0035249,Josh Oliver,TE,MIN,29,1.02,base,2026,weighted_v1,Medium,12,False
,,0.0,0.0,0.0,0.0,0.0,0.0,24.0,18.0,199.0,3.1,38.5,47.5,56.5,65.5,00-0035249,Josh Oliver,TE,MIN,29,1.02,bull,2026,weighted_v1,Medium,12,False
,,0.0,0.0,0.0,39.0,152.0,1.3,0.0,0.0,0.0,0.0,23.0,23.0,23.0,23.0,00-0035250,Devin Singletary,RB,NYG,29,0.76,bear,2026,weighted_v1,High,17,False
,,0.0,0.0,0.0,90.0,354.0,3.1,13.0,11.0,0.0,0.0,54.0,59.5,65.0,65.0,00-0035250,Devin Singletary,RB,NYG,29,0.76,base,2026,weighted_v1,High,17,False
,,0.0,0.0,0.0,116.0,456.0,4.0,18.0,15.0,72.0,0.1,77.4,84.9,92.4,92.4,00-0035250,Devin Singletary,RB,NYG,29,0.76,bull,2026,weighted_v1,High,17,False
,,0.0,0.0,0.0,0.0,0.0,0.0,9.0,4.0,54.0,0.2,6.6,8.6,10.6,12.6,00-0035259,Trevon Wesco,TE,TEN,31,0.97,bear,2026,weighted_v1,Low,6,False
,,0.0,0.0,0.0,0.0,0.0,0.0,6.0,3.0,38.0,0.2,5.0,6.5,8.0,9.5,00-0035259,Trevon Wesco,TE,TEN,31,0.97,base,2026,weighted_v1,Low,6,False
,,0.0,0.0,0.0,0.0,0.0,0.0,5.0,2.0,30.0,0.2,4.2,5.2,6.2,7.2,00-0035259,Trevon Wesco,TE,TEN,31,0.97,bull,2026,weighted_v1,Low,6,False
,,0.0,0.0,0.0,129.0,565.0,2.8,33.0,25.0,65.0,0.1,80.4,92.9,105.4,105.4,00-0035261,Tony Pollard,RB,TEN,29,0.76,bear,2026,weighted_v1,High,17,False
,,0.0,0.0,0.0,181.0,791.0,3.9,23.0,18.0,127.0,0.1,115.8,124.8,133.8,133.8,00-0035261,Tony Pollard,RB,TEN,29,0.76,base,2026,weighted_v1,High,17,False
,,0.0,0.0,0.0,233.0,1017.0,5.0,27.0,21.0,127.0,0.1,145.0,155.5,166.0,166.0,00-0035261,Tony Pollard,RB,TEN,29,0.76,bull,2026,weighted_v1,High,17,False
,,0.0,0.0,0.0,0.0,0.0,0.0,14.0,9.0,106.0,0.3,12.4,16.9,21.4,21.4,00-0035287,KeeSean Johnson,WR,ARI,30,0.93,bear,2026,weighted_v1,Medium,8,False
,,0.0,0.0,0.0,0.0,0.0,0.0,10.0,6.0,75.0,0.3,9.3,12.3,15.3,15.3,00-0035287,KeeSean Johnson,WR,ARI,30,0.93,base,2026,weighted_v1,Medium,8,False
,,0.0,0.0,0.0,0.0,0.0,0.0,8.0,5.0,58.0,0.3,7.6,10.1,12.6,12.6,00-0035287,KeeSean Johnson,WR,ARI,30,0.93,bull,2026,weighted_v1,Medium,8,False
,,0.0,0.0,0.0,0.0,0.0,0.0,3.0,3.0,22.0,0.2,3.4,4.9,6.4,7.9,00-0035329,Donald Parham,TE,LAC,29,1.02,bear,2026,weighted_v1,High,14,False
,,0.0,0.0,0.0,0.0,0.0,0.0,2.0,2.0,16.0,0.2,2.8,3.8,4.8,5.8,00-0035329,Donald Parham,TE,LAC,29,1.02,base,2026,weighted_v1,High,14,False
,,0.0,0.0,0.0,0.0,0.0,0.0,1.0,1.0,12.0,0.2,2.4,2.9,3.4,3.9,00-0035329,Donald Parham,TE,LAC,29,1.02,bull,2026,weighted_v1,High,14,False
,,0.0,0.0,0.0,0.0,0.0,0.0,11.0,6.0,70.0,0.4,9.4,12.4,15.4,15.4,00-0035341,Trenton Irwin,WR,CIN,31,0.87,bear,2026,weighted_v1,Low,6,False
,,0.0,0.0,0.0,0.0,0.0,0.0,8.0,5.0,50.0,0.4,7.4,9.9,12.4,12.4,00-0035341,Trenton Irwin,WR,CIN,31,0.87,base,2026,weighted_v1,Low,6,False
,,0.0,0.0,0.0,0.0,0.0,0.0,6.0,4.0,38.0,0.4,6.2,8.2,10.2,10.2,00-0035341,Trenton Irwin,WR,CIN,31,0.87,bull,2026,weighted_v1,Low,6,False
,,0.0,0.0,0.0,0.0,0.0,0.0,9.0,6.0,47.0,0.6,8.3,11.3,14.3,17.3,00-0035345,Chris Myarick,TE,NYG,31,0.97,bear,2026,weighted_v1,Medium,10,False
,,0.0,0.0,0.0,0.0,0.0,0.0,7.0,5.0,36.0,0.6,7.2,9.7,12.2,14.7,00-0035345,Chris Myarick,TE,NYG,31,0.97,base,2026,weighted_v1,Medium,10,False
,,0.0,0.0,0.0,0.0,0.0,0.0,5.0,4.0,25.0,0.6,6.1,8.1,10.1,12.1,00-0035345,Chris Myarick,TE,NYG,31,0.97,bull,2026,weighted_v1,Medium,10,False
,,0.0,0.0,0.0,0.0,0.0,0.0,12.0,5.0,69.0,0.5,9.9,12.4,14.9,14.9,00-0035350,Preston Williams,WR,MIA,29,0.98,bear,2026,weighted_v1,Low,6,False
,,0.0,0.0,0.0,0.0,0.0,0.0,10.0,4.0,56.0,0.5,8.6,10.6,12.6,12.6,00-0035350,Preston Williams,WR,MIA,29,0.98,base,2026,weighted_v1,Low,6,False
,,0.0,0.0,0.0,0.0,0.0,0.0,8.0,4.0,45.0,0.5,7.5,9.5,11.5,11.5,00-0035350,Preston Williams,WR,MIA,29,0.98,bull,2026,weighted_v1,Low,6,False
,,0.0,0.0,0.0,0.0,0.0,0.0,26.0,13.0,137.0,1.1,20.3,26.8,33.3,33.3,00-0035359,David Sills,WR,ATL,31,0.87,bear,2026,weighted_v1,Medium,12,False
,,0.0,0.0,0.0,0.0,0.0,0.0,38.0,19.0,201.0,2.0,32.1,41.6,51.1,51.1,00-0035359,David Sills,WR,ATL,31,0.87,base,2026,weighted_v1,Medium,12,False
,,0.0,0.0,0.0,0.0,0.0,0.0,38.0,20.0,206.0,2.9,38.0,48.0,58.0,58.0,00-0035359,David Sills,WR,ATL,31,0.87,bull,2026,weighted_v1,Medium,12,False
,,0.0,0.0,0.0,0.0,0.0,0.0,48.0,29.0,321.0,1.9,43.5,58.0,72.5,72.5,00-0035406,Lil'Jordan Humphrey,WR,DEN,28,1.02,bear,2026,weighted_v1,Low,7,False
,,0.0,0.0,0.0,0.0,0.0,0.0,48.0,28.0,317.0,2.6,47.3,61.3,75.3,75.3,00-0035406,Lil'Jordan Humphrey,WR,DEN,28,1.02,base,2026,weighted_v1,Low,7,False
,,0.0,0.0,0.0,0.0,0.0,0.0,50.0,29.0,334.0,3.6,55.0,69.5,84.0,84.0,00-0035406,Lil'Jordan Humphrey,WR,DEN,28,1.02,bull,2026,weighted_v1,Low,7,False
,,0.0,0.0,0.0,0.0,0.0,0.0,14.0,8.0,105.0,0.5,13.5,17.5,21.5,21.5,00-0035414,Jalen Guyton,WR,LAC,29,0.98,bear,2026,weighted_v1,Low,7,False
,,0.0,0.0,0.0,0.0,0.0,0.0,10.0,6.0,75.0,0.5,10.5,13.5,16.5,16.5,00-0035414,Jalen Guyton,WR,LAC,29,0.98,base,2026,weighted_v1,Low,7,False
,,0.0,0.0,0.0,0.0,0.0,0.0,8.0,4.0,57.0,0.5,8.7,10.7,12.7,12.7,00-0035414,Jalen Guyton,WR,LAC,29,0.98,bull,2026,weighted_v1,Low,7,False
,,0.0,0.0,0.0,0.0,0.0,0.0,29.0,24.0,195.0,1.5,28.5,40.5,52.5,52.5,00-0035500,Greg Dortch,WR,ARI,28,1.02,bear,2026,weighted_v1,Medium,12,False
,,0.0,0.0,0.0,0.0,0.0,0.0,34.0,27.0,220.0,2.4,36.4,49.9,63.4,63.4,00-0035500,Greg Dortch,WR,ARI,28,1.02,base,2026,weighted_v1,Medium,12,False
,,0.0,0.0,0.0,0.0,0.0,0.0,41.0,33.0,265.0,3.7,48.7,65.2,81.7,81.7,00-0035500,Greg Dortch,WR,ARI,28,1.02,bull,2026,weighted_v1,Medium,12,False
,,0.0,0.0,0.0,0.0,0.0,0.0,13.0,8.0,117.0,0.3,13.5,17.5,21.5,21.5,00-0035510,Jeff Smith,WR,NYJ,29,0.98,bear,2026,weighted_v1,Low,7,False
,,0.0,0.0,0.0,0.0,0.0,0.0,9.0,5.0,77.0,0.3,9.5,12.0,14.5,14.5,00-0035510,Jeff Smith,WR,NYJ,29,0.98,base,2026,weighted_v1,Low,7,False
,,0.0,0.0,0.0,0.0,0.0,0.0,7.0,4.0,63.0,0.3,8.1,10.1,12.1,12.1,00-0035510,Jeff Smith,WR,NYJ,29,0.98,bull,2026,weighted_v1,Low,7,False
,,0.0,0.0,0.0,0.0,0.0,0.0,61.0,36.0,529.0,1.2,60.1,78.1,96.1,96.1,00-0035535,Darius Slayton,WR,NYG,30,0.93,bear,2026,weighted_v1,High,14,False
,,0.0,0.0,0.0,0.0,0.0,0.0,64.0,37.0,550.0,1.5,64.0,82.5,101.0,101.0,00-0035535,Darius Slayton,WR,NYG,30,0.93,base,2026,weighted_v1,High,14,False
,,0.0,0.0,0.0,0.0,0.0,0.0,64.0,37.0,546.0,2.2,67.8,86.3,104.8,104.8,00-0035535,Darius Slayton,WR,NYG,30,0.93,bull,2026,weighted_v1,High,14,False
,,0.0,0.0,0.0,26.0,113.0,1.1,15.0,10.0,0.0,0.7,22.1,27.1,32.1,32.1,00-0035537,Ty Johnson,RB,BUF,29,0.76,bear,2026,weighted_v1,High,17,False
,,0.0,0.0,0.0,26.0,113.0,1.1,21.0,16.0,126.0,1.4,38.9,46.9,54.9,54.9,00-0035537,Ty Johnson,RB,BUF,29,0.76,base,2026,weighted_v1,High,17,False
,,0.0,0.0,0.0,39.0,169.0,1.6,27.0,20.0,181.0,2.1,57.2,67.2,77.2,77.2,00-0035537,Ty Johnson,RB,BUF,29,0.76,bull,2026,weighted_v1,High,17,False
,,0.0,0.0,0.0,0.0,0.0,0.0,12.0,8.0,86.0,0.2,9.8,13.8,17.8,17.8,00-0035544,Tom Kennedy,WR,DET,30,0.93,bear,2026,weighted_v1,Low,6,False
,,0.0,0.0,0.0,0.0,0.0,0.0,8.0,5.0,57.0,0.2,6.9,9.4,11.9,11.9,00-0035544,Tom Kennedy,WR,DET,30,0.93,base,2026,weighted_v1,Low,6,False
,,0.0,0.0,0.0,0.0,0.0,0.0,6.0,4.0,46.0,0.2,5.8,7.8,9.8,9.8,00-0035544,Tom Kennedy,WR,DET,30,0.93,bull,2026,weighted_v1,Low,6,False
,,0.0,0.0,0.0,0.0,0.0,0.0,12.0,7.0,102.0,0.7,14.4,17.9,21.4,21.4,00-0035592,Travis Fulgham,WR,PHI,31,0.87,bear,2026,weighted_v1,Medium,12,False
,,0.0,0.0,0.0,0.0,0.0,0.0,9.0,5.0,74.0,0.7,11.6,14.1,16.6,16.6,00-0035592,Travis Fulgham,WR,PHI,31,0.87,base,2026,weighted_v1,Medium,12,False
,,0.0,0.0,0.0,0.0,0.0,0.0,8.0,4.0,64.0,0.7,10.6,12.6,14.6,14.6,00-0035592,Travis Fulgham,WR,PHI,31,0.87,bull,2026,weighted_v1,Medium,12,False
,,0.0,0.0,0.0,0.0,0.0,0.0,12.0,9.0,81.0,0.2,9.3,13.8,18.3,18.3,00-0035602,Alex Bachman,WR,LV,30,0.93,bear,2026,weighted_v1,Medium,11,False
,,0.0,0.0,0.0,0.0,0.0,0.0,10.0,8.0,68.0,0.2,8.0,12.0,16.0,16.0,00-0035602,Alex Bachman,WR,LV,30,0.93,base,2026,weighted_v1,Medium,11,False
,,0.0,0.0,0.0,0.0,0.0,0.0,12.0,10.0,87.0,0.4,11.1,16.1,21.1,21.1,00-0035602,Alex Bachman,WR,LV,30,0.93,bull,2026,weighted_v1,Medium,11,False
,,0.0,0.0,0.0,0.0,0.0,0.0,10.0,6.0,104.0,0.5,13.4,16.4,19.4,22.4,00-0035624,N'Keal Harry,TE,CHI,29,1.02,bear,2026,weighted_v1,Low,6,False
,,0.0,0.0,0.0,0.0,0.0,0.0,7.0,5.0,75.0,0.5,10.5,13.0,15.5,18.0,00-0035624,N'Keal Harry,TE,CHI,29,1.02,base,2026,weighted_v1,Low,6,False
,,0.0,0.0,0.0,0.0,0.0,0.0,6.0,4.0,59.0,0.5,8.9,10.9,12.9,14.9,00-0035624,N'Keal Harry,TE,CHI,29,1.02,bull,2026,weighted_v1,Low,6,False
,,0.0,0.0,0.0,0.0,0.0,0.0,25.0,20.0,129.0,1.1,19.5,29.5,39.5,49.5,00-0035631,Drew Sample,TE,CIN,30,1.0,bear,2026,weighted_v1,Medium,12,False
,,0.0,0.0,0.0,0.0,0.0,0.0,30.0,25.0,157.0,1.8,26.5,39.0,51.5,64.0,00-0035631,Drew Sample,TE,CIN,30,1.0,base,2026,weighted_v1,Medium,12,False
,,0.0,0.0,0.0,0.0,0.0,0.0,23.0,19.0,120.0,1.8,22.8,32.3,41.8,51.3,00-0035631,Drew Sample,TE,CIN,30,1.0,bull,2026,weighted_v1,Medium,12,False
,,0.0,0.0,0.0,0.0,0.0,0.0,94.0,57.0,828.0,4.8,111.6,140.1,168.6,168.6,00-0035640,DK Metcalf,WR,PIT,29,0.98,bear,2026,weighted_v1,High,15,False
,,0.0,0.0,0.0,0.0,0.0,0.0,85.0,51.0,743.0,6.8,115.1,140.6,166.1,166.1,00-0035640,DK Metcalf,WR,PIT,29,0.98,base,2026,weighted_v1,High,15,False
,,0.0,0.0,0.0,0.0,0.0,0.0,93.0,56.0,816.0,7.7,127.8,155.8,183.8,183.8,00-0035640,DK Metcalf,WR,PIT,29,0.98,bull,2026,weighted_v1,High,15,False
,,0.0,0.0,0.0,0.0,0.0,0.0,43.0,34.0,327.0,1.8,43.5,60.5,77.5,94.5,00-0035644,Noah Fant,TE,CIN,29,1.02,bear,2026,weighted_v1,Medium,13,False
,,0.0,0.0,0.0,0.0,0.0,0.0,44.0,35.0,331.0,2.5,48.1,65.6,83.1,100.6,00-0035644,Noah Fant,TE,CIN,29,1.02,base,2026,weighted_v1,Medium,13,False
,,0.0,0.0,0.0,0.0,0.0,0.0,43.0,34.0,328.0,3.3,52.6,69.6,86.6,103.6,00-0035644,Noah Fant,TE,CIN,29,1.02,bull,2026,weighted_v1,Medium,13,False
,,0.0,0.0,0.0,0.0,0.0,0.0,0.0,0.0,0.0,0.0,0.0,0.0,0.0,0.0,00-0035645,Gunner Olszewski,WR,NYG,30,0.93,bear,2026,weighted_v1,High,16,False
,,0.0,0.0,0.0,0.0,0.0,0.0,0.0,0.0,0.0,0.0,0.0,0.0,0.0,0.0,00-0035645,Gunner Olszewski,WR,NYG,30,0.93,base,2026,weighted_v1,High,16,False
,,0.0,0.0,0.0,0.0,0.0,0.0,3.0,2.0,30.0,0.3,4.8,5.8,6.8,6.8,00-0035645,Gunner Olszewski,WR,NYG,30,0.93,bull,2026,weighted_v1,High,16,False
,,0.0,0.0,0.0,0.0,0.0,0.0,64.0,42.0,595.0,3.4,79.9,100.9,121.9,121.9,00-0035659,Terry McLaurin,WR,WAS,31,0.87,bear,2026,weighted_v1,Medium,10,False
,,0.0,0.0,0.0,0.0,0.0,0.0,52.0,34.0,485.0,3.4,68.9,85.9,102.9,102.9,00-0035659,Terry McLaurin,WR,WAS,31,0.87,base,2026,weighted_v1,Medium,10,False
,,0.0,0.0,0.0,0.0,0.0,0.0,62.0,40.0,570.0,5.5,90.0,110.0,130.0,130.0,00-0035659,Terry McLaurin,WR,WAS,31,0.87,bull,2026,weighted_v1,Medium,10,False
,,0.0,0.0,0.0,0.0,0.0,0.0,56.0,34.0,382.0,1.8,49.0,66.0,83.0,83.0,00-0035662,Marquise Brown,WR,KC,29,0.98,bear,2026,weighted_v1,High,16,False
,,0.0,0.0,0.0,0.0,0.0,0.0,64.0,39.0,435.0,2.6,59.1,78.6,98.1,98.1,00-0035662,Marquise Brown,WR,KC,29,0.98,base,2026,weighted_v1,High,16,False
,,0.0,0.0,0.0,0.0,0.0,0.0,61.0,38.0,421.0,3.4,62.5,81.5,100.5,100.5,00-0035662,Marquise Brown,WR,KC,29,0.98,bull,2026,weighted_v1,High,16,False
,,0.0,0.0,0.0,0.0,0.0,0.0,10.0,8.0,72.0,0.5,10.2,14.2,18.2,22.2,00-0035671,Jace Sternberger,TE,GB,30,1.0,bear,2026,weighted_v1,Medium,8,False
,,0.0,0.0,0.0,0.0,0.0,0.0,8.0,6.0,56.0,0.5,8.6,11.6,14.6,17.6,00-0035671,Jace Sternberger,TE,GB,30,1.0,base,2026,weighted_v1,Medium,8,False
,,0.0,0.0,0.0,0.0,0.0,0.0,6.0,4.0,40.0,0.5,7.0,9.0,11.0,13.0,00-0035671,Jace Sternberger,TE,GB,30,1.0,bull,2026,weighted_v1,Medium,8,False
,,0.0,0.0,0.0,0.0,0.0,0.0,121.0,80.0,1117.0,6.5,150.7,190.7,230.7,230.7,00-0035676,A.J. Brown,WR,PHI,29,0.98,bear,2026,weighted_v1,High,15,False
,,0.0,0.0,0.0,0.0,0.0,0.0,121.0,79.0,1113.0,9.0,165.3,204.8,244.3,244.3,00-0035676,A.J. Brown,WR,PHI,29,0.98,base,2026,weighted_v1,High,15,False
,,0.0,0.0,0.0,0.0,0.0,0.0,122.0,80.0,1125.0,10.6,176.1,216.1,256.1,256.1,00-0035676,A.J. Brown,WR,PHI,29,0.98,bull,2026,weighted_v1,High,15,False
,,0.0,0.0,0.0,78.0,340.0,4.2,17.0,14.0,68.0,0.0,66.0,73.0,80.0,80.0,00-0035685,David Montgomery,RB,DET,29,0.76,bear,2026,weighted_v1,High,17,False
,,0.0,0.0,0.0,116.0,510.0,6.2,11.0,9.0,145.0,0.0,102.7,107.2,111.7,111.7,00-0035685,David Montgomery,RB,DET,29,0.76,base,2026,weighted_v1,High,17,False
,,0.0,0.0,0.0,142.0,623.0,7.6,18.0,15.0,145.0,0.0,122.4,129.9,137.4,137.4,00-0035685,David Montgomery,RB,DET,29,0.76,bull,2026,weighted_v1,High,17,False
,,0.0,0.0,0.0,0.0,0.0,0.0,38.0,27.0,312.0,2.2,44.4,57.9,71.4,84.9,00-0035689,Dawson Knox,TE,BUF,30,1.0,bear,2026,weighted_v1,High,16,False
,,0.0,0.0,0.0,0.0,0.0,0.0,34.0,24.0,282.0,2.8,45.0,57.0,69.0,81.0,00-0035689,Dawson Knox,TE,BUF,30,1.0,base,2026,weighted_v1,High,16,False
,,0.0,0.0,0.0,0.0,0.0,0.0,48.0,34.0,388.0,4.5,65.8,82.8,99.8,116.8,00-0035689,Dawson Knox,TE,BUF,30,1.0,bull,2026,weighted_v1,High,16,False
,,0.0,0.0,0.0,162.0,658.0,7.8,16.0,13.0,57.0,0.2,119.5,126.0,132.5,132.5,00-0035700,Josh Jacobs,RB,GB,29,0.76,bear,2026,weighted_v1,High,15,False
,,0.0,0.0,0.0,220.0,895.0,10.7,25.0,21.0,152.0,0.3,170.7,181.2,191.7,191.7,00-0035700,Josh Jacobs,RB,GB,29,0.76,base,2026,weighted_v1,High,15,False
,,0.0,0.0,0.0,252.0,1027.0,12.2,41.0,33.0,235.0,0.7,203.6,220.1,236.6,236.6,00-0035700,Josh Jacobs,RB,GB,29,0.76,bull,2026,weighted_v1,High,15,False
,,0.0,0.0,0.0,0.0,0.0,0.0,10.0,8.0,55.0,0.4,7.9,11.9,15.9,15.9,00-0035703,Miles Boykin,WR,PIT,30,0.93,bear,2026,weighted_v1,Medium,8,False
,,0.0,0.0,0.0,0.0,0.0,0.0,7.0,5.0,35.0,0.4,5.9,8.4,10.9,10.9,00-0035703,Miles Boykin,WR,PIT,30,0.93,base,2026,weighted_v1,Medium,8,False
,,0.0,0.0,0.0,0.0,0.0,0.0,6.0,5.0,34.0,0.4,5.8,8.3,10.8,10.8,00-0035703,Miles Boykin,WR,PIT,30,0.93,bull,2026,weighted_v1,Medium,8,False
463.0,308.0,3311.0,17.0,10.2,84.0,354.0,5.2,0.0,0.0,0.0,0.0,246.6,246.6,246.6,246.6,00-0035710,Daniel Jones,QB,IND,29,1.03,bear,2026,weighted_v1,Medium,13,False
491.0,326.0,3511.0,18.0,10.8,84.0,354.0,5.2,0.0,0.0,0.0,0.0,257.4,257.4,257.4,257.4,00-0035710,Daniel Jones,QB,IND,29,1.03,base,2026,weighted_v1,Medium,13,False
547.0,363.0,3911.0,20.0,12.0,84.0,354.0,5.2,0.0,0.0,0.0,0.0,279.0,279.0,279.0,279.0,00-0035710,Daniel Jones,QB,IND,29,1.03,bull,2026,weighted_v1,Medium,13,False
,,0.0,0.0,0.0,0.0,0.0,0.0,86.0,59.0,685.0,3.6,90.1,119.6,149.1,149.1,00-0035719,Deebo Samuel Sr.,WR,WAS,31,0.87,bear,2026,weighted_v1,High,16,False
,,0.0,0.0,0.0,0.0,0.0,0.0,84.0,58.0,671.0,4.3,92.9,121.9,150.9,150.9,00-0035719,Deebo Samuel Sr.,WR,WAS,31,0.87,base,2026,weighted_v1,High,16,False
,,0.0,0.0,0.0,0.0,0.0,0.0,75.0,52.0,601.0,5.2,91.3,117.3,143.3,143.3,00-0035719,Deebo Samuel Sr.,WR,WAS,31,0.87,bull,2026,weighted_v1,High,16,False
,,0.0,0.0,0.0,0.0,0.0,0.0,9.0,8.0,52.0,0.3,7.0,11.0,15.0,19.0,00-0035771,Mitchell Wilcox,TE,CIN,30,1.0,bear,2026,weighted_v1,Medium,12,False
,,0.0,0.0,0.0,0.0,0.0,0.0,6.0,5.0,37.0,0.3,5.5,8.0,10.5,13.0,00-0035771,Mitchell Wilcox,TE,CIN,30,1.0,base,2026,weighted_v1,Medium,12,False
,,0.0,0.0,0.0,0.0,0.0,0.0,5.0,4.0,29.0,0.3,4.7,6.7,8.7,10.7,00-0035771,Mitchell Wilcox,TE,CIN,30,1.0,bull,2026,weighted_v1,Medium,12,False
,,0.0,0.0,0.0,0.0,0.0,0.0,14.0,14.0,112.0,0.3,13.0,20.0,27.0,27.0,00-0035848,De'Michael Harris,WR,IND,28,1.02,bear,2026,weighted_v1,Low,6,False
,,0.0,0.0,0.0,0.0,0.0,0.0,12.0,12.0,94.0,0.3,11.2,17.2,23.2,23.2,00-0035848,De'Michael Harris,WR,IND,28,1.02,base,2026,weighted_v1,Low,6,False
,,0.0,0.0,0.0,0.0,0.0,0.0,8.0,8.0,66.0,0.3,8.4,12.4,16.4,16.4,00-0035848,De'Michael Harris,WR,IND,28,1.02,bull,2026,weighted_v1,Low,6,False
,,0.0,0.0,0.0,0.0,0.0,0.0,14.0,9.0,122.0,0.4,14.6,19.1,23.6,23.6,00-0035864,Kendall Hinton,WR,DEN,30,0.93,bear,2026,weighted_v1,Medium,11,False
,,0.0,0.0,0.0,0.0,0.0,0.0,10.0,7.0,88.0,0.4,11.2,14.7,18.2,18.2,00-0035864,Kendall Hinton,WR,DEN,30,0.93,base,2026,weighted_v1,Medium,11,False
,,0.0,0.0,0.0,0.0,0.0,0.0,8.0,5.0,66.0,0.4,9.0,11.5,14.0,14.0,00-0035864,Kendall Hinton,WR,DEN,30,0.93,bull,2026,weighted_v1,Medium,11,False
,,0.0,0.0,0.0,0.0,0.0,0.0,11.0,8.0,187.0,0.7,22.9,26.9,30.9,30.9,00-0035891,Cody White,WR,SEA,28,1.02,bear,2026,weighted_v1,Medium,8,False
,,0.0,0.0,0.0,0.0,0.0,0.0,8.0,6.0,133.0,0.7,17.5,20.5,23.5,23.5,00-0035891,Cody White,WR,SEA,28,1.02,base,2026,weighted_v1,Medium,8,False
,,0.0,0.0,0.0,0.0,0.0,0.0,16.0,12.0,268.0,1.7,37.0,43.0,49.0,49.0,00-0035891,Cody White,WR,SEA,28,1.02,bull,2026,weighted_v1,Medium,8,False
,,0.0,0.0,0.0,55.0,186.0,2.2,32.0,23.0,114.0,0.9,48.6,60.1,71.6,71.6,00-0036020,Salvon Ahmed,RB,MIA,28,0.86,bear,2026,weighted_v1,Low,7,False
,,0.0,0.0,0.0,55.0,186.0,2.2,26.0,18.0,92.0,0.9,46.4,55.4,64.4,64.4,00-0036020,Salvon Ahmed,RB,MIA,28,0.86,base,2026,weighted_v1,Low,7,False
,,0.0,0.0,0.0,55.0,186.0,2.2,21.0,15.0,74.0,0.9,44.6,52.1,59.6,59.6,00-0036020,Salvon Ahmed,RB,MIA,28,0.86,bull,2026,weighted_v1,Low,7,False
,,0.0,0.0,0.0,0.0,0.0,0.0,9.0,4.0,26.0,0.4,5.0,7.0,9.0,11.0,00-0036032,Sean McKeon,TE,DAL,29,1.02,bear,2026,weighted_v1,Medium,8,False
,,0.0,0.0,0.0,0.0,0.0,0.0,6.0,3.0,19.0,0.4,4.3,5.8,7.3,8.8,00-0036032,Sean McKeon,TE,DAL,29,1.02,base,2026,weighted_v1,Medium,8,False
,,0.0,0.0,0.0,0.0,0.0,0.0,5.0,2.0,15.0,0.4,3.9,4.9,5.9,6.9,00-0036032,Sean McKeon,TE,DAL,29,1.02,bull,2026,weighted_v1,Medium,8,False
,,0.0,0.0,0.0,0.0,0.0,0.0,79.0,58.0,658.0,2.8,82.6,111.6,140.6,169.6,00-0036040,Juwan Johnson,TE,NO,30,1.0,bear,2026,weighted_v1,High,17,False
,,0.0,0.0,0.0,0.0,0.0,0.0,71.0,52.0,589.0,3.5,79.9,105.9,131.9,157.9,00-0036040,Juwan Johnson,TE,NO,30,1.0,base,2026,weighted_v1,High,17,False
,,0.0,0.0,0.0,0.0,0.0,0.0,95.0,70.0,790.0,5.6,112.6,147.6,182.6,217.6,00-0036040,Juwan Johnson,TE,NO,30,1.0,bull,2026,weighted_v1,High,17,False
,,0.0,0.0,0.0,0.0,0.0,0.0,26.0,14.0,145.0,0.6,18.1,25.1,32.1,32.1,00-0036133,James Proche,WR,TEN,30,0.93,bear,2026,weighted_v1,Low,6,False
,,0.0,0.0,0.0,0.0,0.0,0.0,19.0,10.0,104.0,0.6,14.0,19.0,24.0,24.0,00-0036133,James Proche,WR,TEN,30,0.93,base,2026,weighted_v1,Low,6,False
,,0.0,0.0,0.0,0.0,0.0,0.0,28.0,15.0,154.0,1.1,22.0,29.5,37.0,37.0,00-0036133,James Proche,WR,TEN,30,0.93,bull,2026,weighted_v1,Low,6,False
,,0.0,0.0,0.0,117.0,531.0,2.3,20.0,14.0,95.0,0.5,79.4,86.4,93.4,93.4,00-0036139,Rico Dowdle,RB,CAR,28,0.86,bear,2026,weighted_v1,High,17,False
,,0.0,0.0,0.0,175.0,796.0,3.5,46.0,36.0,169.0,1.4,125.9,143.9,161.9,161.9,00-0036139,Rico Dowdle,RB,CAR,28,0.86,base,2026,weighted_v1,High,17,False
,,0.0,0.0,0.0,263.0,1195.0,5.3,41.0,33.0,218.0,1.9,184.5,201.0,217.5,217.5,00-0036139,Rico Dowdle,RB,CAR,28,0.86,bull,2026,weighted_v1,High,17,False
,,0.0,0.0,0.0,0.0,0.0,0.0,12.0,9.0,68.0,0.3,8.6,13.1,17.6,17.6,00-0036142,Isaiah Wright,WR,WAS,30,0.93,bear,2026,weighted_v1,Medium,11,False
,,0.0,0.0,0.0,0.0,0.0,0.0,9.0,8.0,56.0,0.3,7.4,11.4,15.4,15.4,00-0036142,Isaiah Wright,WR,WAS,30,0.93,base,2026,weighted_v1,Medium,11,False
,,0.0,0.0,0.0,0.0,0.0,0.0,7.0,6.0,41.0,0.3,5.9,8.9,11.9,11.9,00-0036142,Isaiah Wright,WR,WAS,30,0.93,bull,2026,weighted_v1,Medium,11,False
,,0.0,0.0,0.0,177.0,852.0,6.8,20.0,16.0,0.0,0.0,126.0,134.0,142.0,142.0,00-0036158,J.K. Dobbins,RB,DEN,28,0.86,bear,2026,weighted_v1,Medium,10,False
,,0.0,0.0,0.0,189.0,908.0,7.3,14.0,11.0,62.0,0.0,140.8,146.3,151.8,151.8,00-0036158,J.K. Dobbins,RB,DEN,28,0.86,base,2026,weighted_v1,Medium,10,False
,,0.0,0.0,0.0,201.0,965.0,7.7,18.0,15.0,66.0,0.1,149.9,157.4,164.9,164.9,00-0036158,J.K. Dobbins,RB,DEN,28,0.86,bull,2026,weighted_v1,Medium,10,False
,,0.0,0.0,0.0,0.0,0.0,0.0,48.0,30.0,308.0,2.0,42.8,57.8,72.8,72.8,00-0036165,Isaiah Hodgins,WR,NYG,28,1.02,bear,2026,weighted_v1,Low,6,False
,,0.0,0.0,0.0,0.0,0.0,0.0,37.0,23.0,240.0,2.0,36.0,47.5,59.0,59.0,00-0036165,Isaiah Hodgins,WR,NYG,28,1.02,base,2026,weighted_v1,Low,6,False
,,0.0,0.0,0.0,0.0,0.0,0.0,55.0,34.0,351.0,4.3,60.9,77.9,94.9,94.9,00-0036165,Isaiah Hodgins,WR,NYG,28,1.02,bull,2026,weighted_v1,Low,6,False
,,0.0,0.0,0.0,0.0,0.0,0.0,11.0,8.0,128.0,0.3,14.6,18.6,22.6,22.6,00-0036176,Mason Kinsey,WR,TEN,28,1.02,bear,2026,weighted_v1,Low,6,False
,,0.0,0.0,0.0,0.0,0.0,0.0,8.0,5.0,91.0,0.3,10.9,13.4,15.9,15.9,00-0036176,Mason Kinsey,WR,TEN,28,1.02,base,2026,weighted_v1,Low,6,False
,,0.0,0.0,0.0,0.0,0.0,0.0,14.0,9.0,149.0,0.5,17.9,22.4,26.9,26.9,00-0036176,Mason Kinsey,WR,TEN,28,1.02,bull,2026,weighted_v1,Low,6,False
,,0.0,0.0,0.0,0.0,0.0,0.0,10.0,5.0,69.0,0.6,10.5,13.0,15.5,15.5,00-0036182,Nick Westbrook-Ikhine,WR,MIA,29,0.98,bear,2026,weighted_v1,Medium,13,False
,,0.0,0.0,0.0,0.0,0.0,0.0,19.0,10.0,137.0,1.5,22.7,27.7,32.7,32.7,00-0036182,Nick Westbrook-Ikhine,WR,MIA,29,0.98,base,2026,weighted_v1,Medium,13,False
,,0.0,0.0,0.0,0.0,0.0,0.0,34.0,19.0,241.0,3.3,43.9,53.4,62.9,62.9,00-0036182,Nick Westbrook-Ikhine,WR,MIA,29,0.98,bull,2026,weighted_v1,Medium,13,False
,,0.0,0.0,0.0,0.0,0.0,0.0,42.0,25.0,307.0,2.2,43.9,56.4,68.9,68.9,00-0036196,Gabe Davis,WR,BUF,28,1.02,bear,2026,weighted_v1,Low,6,False
,,0.0,0.0,0.0,0.0,0.0,0.0,30.0,18.0,222.0,2.2,35.4,44.4,53.4,53.4,00-0036196,Gabe Davis,WR,BUF,28,1.02,base,2026,weighted_v1,Low,6,False
,,0.0,0.0,0.0,0.0,0.0,0.0,41.0,24.0,297.0,3.4,50.1,62.1,74.1,74.1,00-0036196,Gabe Davis,WR,BUF,28,1.02,bull,2026,weighted_v1,Low,6,False
403.0,279.0,2924.0,20.5,11.8,28.0,67.0,0.2,0.0,0.0,0.0,0.0,183.3,183.3,183.3,183.3,00-0036212,Tua Tagovailoa,QB,MIA,29,1.03,bear,2026,weighted_v1,High,14,False
447.0,309.0,3242.0,22.7,13.1,28.0,67.0,0.2,0.0,0.0,0.0,0.0,202.2,202.2,202.2,202.2,00-0036212,Tua Tagovailoa,QB,MIA,29,1.03,base,2026,weighted_v1,High,14,False
560.0,388.0,4069.0,28.5,16.5,28.0,67.0,0.2,0.0,0.0,0.0,0.0,251.7,251.7,251.7,251.7,00-0036212,Tua Tagovailoa,QB,MIA,29,1.03,bull,2026,weighted_v1,High,14,False
,,0.0,0.0,0.0,0.0,0.0,0.0,15.0,8.0,101.0,0.7,14.3,18.3,22.3,22.3,00-0036219,Marquez Callaway,WR,NO,28,1.02,bear,2026,weighted_v1,Medium,10,False
,,0.0,0.0,0.0,0.0,0.0,0.0,11.0,6.0,73.0,0.7,11.5,14.5,17.5,17.5,00-0036219,Marquez Callaway,WR,NO,28,1.02,base,2026,weighted_v1,Medium,10,False
,,0.0,0.0,0.0,0.0,0.0,0.0,9.0,5.0,61.0,0.7,10.3,12.8,15.3,15.3,00-0036219,Marquez Callaway,WR,NO,28,1.02,bull,2026,weighted_v1,Medium,10,False
,,0.0,0.0,0.0,234.0,1123.0,11.0,38.0,30.0,266.0,0.9,210.3,225.3,240.3,240.3,00-0036223,Jonathan Taylor,RB,IND,28,0.86,bear,2026,weighted_v1,High,17,False
,,0.0,0.0,0.0,249.0,1193.0,11.7,48.0,37.0,319.0,1.3,229.2,247.7,266.2,266.2,00-0036223,Jonathan Taylor,RB,IND,28,0.86,base,2026,weighted_v1,High,17,False
,,0.0,0.0,0.0,307.0,1474.0,14.5,45.0,35.0,372.0,1.7,281.8,299.3,316.8,316.8,00-0036223,Jonathan Taylor,RB,IND,28,0.86,bull,2026,weighted_v1,High,17,False
,,0.0,0.0,0.0,0.0,0.0,0.0,4.0,3.0,35.0,0.1,4.1,5.6,7.1,7.1,00-0036233,Donovan Peoples-Jones,WR,DET,28,1.02,bear,2026,weighted_v1,High,14,False
,,0.0,0.0,0.0,0.0,0.0,0.0,3.0,2.0,23.0,0.1,2.9,3.9,4.9,4.9,00-0036233,Donovan Peoples-Jones,WR,DET,28,1.02,base,2026,weighted_v1,High,14,False
,,0.0,0.0,0.0,0.0,0.0,0.0,2.0,1.0,19.0,0.1,2.5,3.0,3.5,3.5,00-0036233,Donovan Peoples-Jones,WR,DET,28,1.02,bull,2026,weighted_v1,High,14,False
,,0.0,0.0,0.0,0.0,0.0,0.0,44.0,32.0,310.0,2.8,47.8,63.8,79.8,95.8,00-0036244,Colby Parkinson,TE,LA,28,1.02,bear,2026,weighted_v1,High,14,False
,,0.0,0.0,0.0,0.0,0.0,0.0,61.0,45.0,431.0,5.7,77.3,99.8,122.3,144.8,00-0036244,Colby Parkinson,TE,LA,28,1.02,base,2026,weighted_v1,High,14,False
,,0.0,0.0,0.0,0.0,0.0,0.0,61.0,44.0,427.0,7.1,85.3,107.3,129.3,151.3,00-0036244,Colby Parkinson,TE,LA,28,1.02,bull,2026,weighted_v1,High,14,False
,,0.0,0.0,0.0,0.0,0.0,0.0,9.0,4.0,30.0,0.2,4.2,6.2,8.2,10.2,00-0036250,Tyler Davis,TE,GB,29,1.02,bear,2026,weighted_v1,Medium,11,False
,,0.0,0.0,0.0,0.0,0.0,0.0,7.0,3.0,23.0,0.2,3.5,5.0,6.5,8.0,00-0036250,Tyler Davis,TE,GB,29,1.02,base,2026,weighted_v1,Medium,11,False
,,0.0,0.0,0.0,0.0,0.0,0.0,5.0,2.0,17.0,0.2,2.9,3.9,4.9,5.9,00-0036250,Tyler Davis,TE,GB,29,1.02,bull,2026,weighted_v1,Medium,11,False
,,0.0,0.0,0.0,114.0,434.0,3.0,41.0,33.0,193.0,1.0,86.7,103.2,119.7,119.7,00-0036251,Zack Moss,RB,CIN,29,0.76,bear,2026,weighted_v1,Medium,8,False
,,0.0,0.0,0.0,114.0,434.0,3.0,29.0,24.0,139.0,1.0,81.3,93.3,105.3,105.3,00-0036251,Zack Moss,RB,CIN,29,0.76,base,2026,weighted_v1,Medium,8,False
,,0.0,0.0,0.0,114.0,434.0,3.0,22.0,18.0,106.0,1.0,78.0,87.0,96.0,96.0,00-0036251,Zack Moss,RB,CIN,29,0.76,bull,2026,weighted_v1,Medium,8,False
,,0.0,0.0,0.0,0.0,0.0,0.0,87.0,60.0,623.0,3.0,80.3,110.3,140.3,140.3,00-0036252,Michael Pittman,WR,IND,29,0.98,bear,2026,weighted_v1,High,17,False
,,0.0,0.0,0.0,0.0,0.0,0.0,109.0,75.0,784.0,4.5,105.4,142.9,180.4,180.4,00-0036252,Michael Pittman,WR,IND,29,0.98,base,2026,weighted_v1,High,17,False
,,0.0,0.0,0.0,0.0,0.0,0.0,116.0,80.0,830.0,6.8,123.8,163.8,203.8,203.8,00-0036252,Michael Pittman,WR,IND,29,0.98,bull,2026,weighted_v1,High,17,False
,,0.0,0.0,0.0,0.0,0.0,0.0,13.0,9.0,90.0,0.3,10.8,15.3,19.8,19.8,00-0036254,Collin Johnson,WR,CHI,29,0.98,bear,2026,weighted_v1,Low,6,False
,,0.0,0.0,0.0,0.0,0.0,0.0,9.0,7.0,65.0,0.3,8.3,11.8,15.3,15.3,00-0036254,Collin Johnson,WR,CHI,29,0.98,base,2026,weighted_v1,Low,6,False
,,0.0,0.0,0.0,0.0,0.0,0.0,7.0,5.0,51.0,0.3,6.9,9.4,11.9,11.9,00-0036254,Collin Johnson,WR,CHI,29,0.98,bull,2026,weighted_v1,Low,6,False
,,0.0,0.0,0.0,0.0,0.0,0.0,14.0,6.0,101.0,0.3,11.9,14.9,17.9,17.9,00-0036255,Denzel Mims,WR,NYJ,29,0.98,bear,2026,weighted_v1,Medium,9,False
,,0.0,0.0,0.0,0.0,0.0,0.0,9.0,4.0,67.0,0.3,8.5,10.5,12.5,12.5,00-0036255,Denzel Mims,WR,NYJ,29,0.98,base,2026,weighted_v1,Medium,9,False
,,0.0,0.0,0.0,0.0,0.0,0.0,8.0,4.0,55.0,0.3,7.3,9.3,11.3,11.3,00-0036255,Denzel Mims,WR,NYJ,29,0.98,bull,2026,weighted_v1,Medium,9,False
,,0.0,0.0,0.0,0.0,0.0,0.0,108.0,69.0,833.0,6.6,122.9,157.4,191.9,191.9,00-0036259,Jauan Jennings,WR,SF,29,0.98,bear,2026,weighted_v1,High,15,False
,,0.0,0.0,0.0,0.0,0.0,0.0,100.0,63.0,768.0,7.9,124.2,155.7,187.2,187.2,00-0036259,Jauan Jennings,WR,SF,29,0.98,base,2026,weighted_v1,High,15,False
,,0.0,0.0,0.0,0.0,0.0,0.0,86.0,54.0,660.0,9.2,121.2,148.2,175.2,175.2,00-0036259,Jauan Jennings,WR,SF,29,0.98,bull,2026,weighted_v1,High,15,False
,,0.0,0.0,0.0,0.0,0.0,0.0,20.0,12.0,185.0,0.6,22.1,28.1,34.1,34.1,00-0036261,Brandon Aiyuk,WR,SF,28,1.02,bear,2026,weighted_v1,Low,7,False
,,0.0,0.0,0.0,0.0,0.0,0.0,15.0,9.0,142.0,0.6,17.8,22.3,26.8,26.8,00-0036261,Brandon Aiyuk,WR,SF,28,1.02,base,2026,weighted_v1,Low,7,False
,,0.0,0.0,0.0,0.0,0.0,0.0,11.0,7.0,105.0,0.6,14.1,17.6,21.1,21.1,00-0036261,Brandon Aiyuk,WR,SF,28,1.02,bull,2026,weighted_v1,Low,7,False
425.0,276.0,3270.0,23.0,7.6,44.0,179.0,0.8,0.0,0.0,0.0,0.0,230.3,230.3,230.3,230.3,00-0036264,Jordan Love,QB,GB,28,1.02,bear,2026,weighted_v1,High,15,False
503.0,327.0,3871.0,27.2,9.0,44.0,179.0,0.8,0.0,0.0,0.0,0.0,268.3,268.3,268.3,268.3,00-0036264,Jordan Love,QB,GB,28,1.02,base,2026,weighted_v1,High,15,False
633.0,412.0,4872.0,34.3,11.3,44.0,179.0,0.8,0.0,0.0,0.0,0.0,332.2,332.2,332.2,332.2,00-0036264,Jordan Love,QB,GB,28,1.02,bull,2026,weighted_v1,High,15,False
,,0.0,0.0,0.0,0.0,0.0,0.0,12.0,11.0,86.0,0.3,10.4,15.9,21.4,21.4,00-0036268,Laviska Shenault Jr.,WR,SEA,28,1.02,bear,2026,weighted_v1,Medium,10,False
,,0.0,0.0,0.0,0.0,0.0,0.0,9.0,8.0,61.0,0.3,7.9,11.9,15.9,15.9,00-0036268,Laviska Shenault Jr.,WR,SEA,28,1.02,base,2026,weighted_v1,Medium,10,False
,,0.0,0.0,0.0,0.0,0.0,0.0,7.0,6.0,50.0,0.3,6.8,9.8,12.8,12.8,00-0036268,Laviska Shenault Jr.,WR,SEA,28,1.02,bull,2026,weighted_v1,Medium,10,False
,,0.0,0.0,0.0,172.0,780.0,5.8,34.0,25.0,209.0,0.4,136.1,148.6,161.1,161.1,00-0036275,D'Andre Swift,RB,CHI,28,0.86,bear,2026,weighted_v1,High,16,False
,,0.0,0.0,0.0,190.0,863.0,6.4,35.0,25.0,192.0,0.6,147.5,160.0,172.5,172.5,00-0036275,D'Andre Swift,RB,CHI,28,0.86,base,2026,weighted_v1,High,16,False
,,0.0,0.0,0.0,252.0,1145.0,8.5,43.0,33.0,248.0,0.9,195.7,212.2,228.7,228.7,00-0036275,D'Andre Swift,RB,CHI,28,0.86,bull,2026,weighted_v1,High,16,False
,,0.0,0.0,0.0,0.0,0.0,0.0,44.0,32.0,343.0,2.0,46.3,62.3,78.3,94.3,00-0036290,Cole Kmet,TE,CHI,27,1.01,bear,2026,weighted_v1,High,16,False
,,0.0,0.0,0.0,0.0,0.0,0.0,49.0,35.0,372.0,3.0,55.2,72.7,90.2,107.7,00-0036290,Cole Kmet,TE,CHI,27,1.01,base,2026,weighted_v1,High,16,False
,,0.0,0.0,0.0,0.0,0.0,0.0,42.0,30.0,320.0,3.2,51.2,66.2,81.2,96.2,00-0036290,Cole Kmet,TE,CHI,27,1.01,bull,2026,weighted_v1,High,16,False
,,0.0,0.0,0.0,0.0,0.0,0.0,65.0,34.0,475.0,1.3,55.3,72.3,89.3,89.3,00-0036309,Darnell Mooney,WR,ATL,29,0.98,bear,2026,weighted_v1,High,15,False
,,0.0,0.0,0.0,0.0,0.0,0.0,67.0,35.0,493.0,1.8,60.1,77.6,95.1,95.1,00-0036309,Darnell Mooney,WR,ATL,29,0.98,base,2026,weighted_v1,High,15,False
,,0.0,0.0,0.0,0.0,0.0,0.0,76.0,39.0,558.0,2.8,72.6,92.1,111.6,111.6,00-0036309,Darnell Mooney,WR,ATL,29,0.98,bull,2026,weighted_v1,High,15,False
,,0.0,0.0,0.0,0.0,0.0,0.0,136.0,87.0,1197.0,3.7,141.9,185.4,228.9,228.9,00-0036322,Justin Jefferson,WR,MIN,27,1.03,bear,2026,weighted_v1,High,17,False
,,0.0,0.0,0.0,0.0,0.0,0.0,136.0,86.0,1189.0,5.0,148.9,191.9,234.9,234.9,00-0036322,Justin Jefferson,WR,MIN,27,1.03,base,2026,weighted_v1,High,17,False
,,0.0,0.0,0.0,0.0,0.0,0.0,135.0,85.0,1182.0,6.8,159.0,201.5,244.0,244.0,00-0036322,Justin Jefferson,WR,MIN,27,1.03,bull,2026,weighted_v1,High,17,False
,,0.0,0.0,0.0,0.0,0.0,0.0,13.0,6.0,76.0,0.5,10.6,13.6,16.6,16.6,00-0036326,Chase Claypool,WR,MIA,28,1.02,bear,2026,weighted_v1,Medium,11,False
,,0.0,0.0,0.0,0.0,0.0,0.0,10.0,5.0,62.0,0.5,9.2,11.7,14.2,14.2,00-0036326,Chase Claypool,WR,MIA,28,1.02,base,2026,weighted_v1,Medium,11,False
,,0.0,0.0,0.0,0.0,0.0,0.0,8.0,4.0,50.0,0.5,8.0,10.0,12.0,12.0,00-0036326,Chase Claypool,WR,MIA,28,1.02,bull,2026,weighted_v1,Medium,11,False
,,0.0,0.0,0.0,0.0,0.0,0.0,0.0,0.0,0.0,0.0,0.0,0.0,0.0,0.0,00-0036331,Devin Duvernay,WR,CHI,29,0.98,bear,2026,weighted_v1,High,17,False
,,0.0,0.0,0.0,0.0,0.0,0.0,0.0,0.0,0.0,0.0,0.0,0.0,0.0,0.0,00-0036331,Devin Duvernay,WR,CHI,29,0.98,base,2026,weighted_v1,High,17,False
,,0.0,0.0,0.0,0.0,0.0,0.0,0.0,0.0,0.0,0.0,0.0,0.0,0.0,0.0,00-0036331,Devin Duvernay,WR,CHI,29,0.98,bull,2026,weighted_v1,High,17,False
,,0.0,0.0,0.0,0.0,0.0,0.0,8.0,6.0,43.0,0.5,7.3,10.3,13.3,16.3,00-0036332,Josiah Deguara,TE,ARI,30,1.0,bear,2026,weighted_v1,Low,7,False
,,0.0,0.0,0.0,0.0,0.0,0.0,18.0,14.0,99.0,1.6,19.5,26.5,33.5,40.5,00-0036332,Josiah Deguara,TE,ARI,30,1.0,base,2026,weighted_v1,Low,7,False
,,0.0,0.0,0.0,0.0,0.0,0.0,14.0,10.0,76.0,1.6,17.2,22.2,27.2,32.2,00-0036332,Josiah Deguara,TE,ARI,30,1.0,bull,2026,weighted_v1,Low,7,False
,,0.0,0.0,0.0,0.0,0.0,0.0,13.0,7.0,74.0,0.6,11.0,14.5,18.0,18.0,00-0036345,K.J. Osborn,WR,WAS,29,0.98,bear,2026,weighted_v1,Low,7,False
,,0.0,0.0,0.0,0.0,0.0,0.0,10.0,6.0,60.0,0.6,9.6,12.6,15.6,15.6,00-0036345,K.J. Osborn,WR,WAS,29,0.98,base,2026,weighted_v1,Low,7,False
,,0.0,0.0,0.0,0.0,0.0,0.0,8.0,4.0,45.0,0.6,8.1,10.1,12.1,12.1,00-0036345,K.J. Osborn,WR,WAS,29,0.98,bull,2026,weighted_v1,Low,7,False
464.0,307.0,3383.0,22.3,8.7,78.0,418.0,2.3,0.0,0.0,0.0,0.0,262.7,262.7,262.7,262.7,00-0036355,Justin Herbert,QB,LAC,28,1.02,bear,2026,weighted_v1,High,16,False
503.0,333.0,3667.0,24.1,9.5,78.0,418.0,2.3,0.0,0.0,0.0,0.0,279.7,279.7,279.7,279.7,00-0036355,Justin Herbert,QB,LAC,28,1.02,base,2026,weighted_v1,High,16,False
607.0,402.0,4426.0,29.1,11.4,78.0,418.0,2.3,0.0,0.0,0.0,0.0,326.2,326.2,326.2,326.2,00-0036355,Justin Herbert,QB,LAC,28,1.02,bull,2026,weighted_v1,High,16,False
,,0.0,0.0,0.0,0.0,0.0,0.0,17.0,10.0,208.0,0.7,25.0,30.0,35.0,35.0,00-0036357,Henry Ruggs III,WR,LV,28,1.02,bear,2026,weighted_v1,Low,7,False
,,0.0,0.0,0.0,0.0,0.0,0.0,14.0,9.0,175.0,0.7,21.7,26.2,30.7,30.7,00-0036357,Henry Ruggs III,WR,LV,28,1.02,base,2026,weighted_v1,Low,7,False
,,0.0,0.0,0.0,0.0,0.0,0.0,11.0,6.0,130.0,0.7,17.2,20.2,23.2,23.2,00-0036357,Henry Ruggs III,WR,LV,28,1.02,bull,2026,weighted_v1,Low,7,False
,,0.0,0.0,0.0,0.0,0.0,0.0,159.0,105.0,1404.0,4.5,167.4,219.9,272.4,272.4,00-0036358,CeeDee Lamb,WR,DAL,27,1.03,bear,2026,weighted_v1,Medium,13,False
,,0.0,0.0,0.0,0.0,0.0,0.0,139.0,92.0,1232.0,5.5,156.2,202.2,248.2,248.2,00-0036358,CeeDee Lamb,WR,DAL,27,1.03,base,2026,weighted_v1,Medium,13,False
,,0.0,0.0,0.0,0.0,0.0,0.0,120.0,80.0,1062.0,6.1,142.8,182.8,222.8,222.8,00-0036358,CeeDee Lamb,WR,DAL,27,1.03,bull,2026,weighted_v1,Medium,13,False
,,0.0,0.0,0.0,0.0,0.0,0.0,13.0,9.0,66.0,0.3,8.4,12.9,17.4,17.4,00-0036364,Lynn Bowden,WR,NO,29,0.98,bear,2026,weighted_v1,Medium,8,False
,,0.0,0.0,0.0,0.0,0.0,0.0,9.0,7.0,48.0,0.3,6.6,10.1,13.6,13.6,00-0036364,Lynn Bowden,WR,NO,29,0.98,base,2026,weighted_v1,Medium,8,False
,,0.0,0.0,0.0,0.0,0.0,0.0,8.0,6.0,40.0,0.3,5.8,8.8,11.8,11.8,00-0036364,Lynn Bowden,WR,NO,29,0.98,bull,2026,weighted_v1,Medium,8,False
,,0.0,0.0,0.0,0.0,0.0,0.0,12.0,0.0,0.0,0.3,1.8,1.8,1.8,1.8,00-0036377,Joe Reed,WR,LAC,29,0.98,bear,2026,weighted_v1,Medium,10,False
,,0.0,0.0,0.0,0.0,0.0,0.0,8.0,0.0,0.0,0.3,1.8,1.8,1.8,1.8,00-0036377,Joe Reed,WR,LAC,29,0.98,base,2026,weighted_v1,Medium,10,False
,,0.0,0.0,0.0,0.0,0.0,0.0,6.0,0.0,0.0,0.3,1.8,1.8,1.8,1.8,00-0036377,Joe Reed,WR,LAC,29,0.98,bull,2026,weighted_v1,Medium,10,False
,,0.0,0.0,0.0,0.0,0.0,0.0,13.0,10.0,108.0,0.3,12.6,17.6,22.6,22.6,00-0036382,K.J. Hill,WR,LAC,29,0.98,bear,2026,weighted_v1,Low,6,False
,,0.0,0.0,0.0,0.0,0.0,0.0,9.0,7.0,77.0,0.3,9.5,13.0,16.5,16.5,00-0036382,K.J. Hill,WR,LAC,29,0.98,base,2026,weighted_v1,Low,6,False
,,0.0,0.0,0.0,0.0,0.0,0.0,7.0,6.0,58.0,0.3,7.6,10.6,13.6,13.6,00-0036382,K.J. Hill,WR,LAC,29,0.98,bull,2026,weighted_v1,Low,6,False
,,0.0,0.0,0.0,82.0,321.0,2.2,33.0,24.0,177.0,0.6,66.6,78.6,90.6,90.6,00-0036383,Eno Benjamin,RB,NO,27,0.94,bear,2026,weighted_v1,Medium,13,False
,,0.0,0.0,0.0,82.0,321.0,2.2,23.0,18.0,127.0,0.6,61.6,70.6,79.6,79.6,00-0036383,Eno Benjamin,RB,NO,27,0.94,base,2026,weighted_v1,Medium,13,False
,,0.0,0.0,0.0,82.0,321.0,2.2,20.0,15.0,106.0,0.6,59.5,67.0,74.5,74.5,00-0036383,Eno Benjamin,RB,NO,27,0.94,bull,2026,weighted_v1,Medium,13,False
,,0.0,0.0,0.0,0.0,0.0,0.0,14.0,8.0,104.0,0.4,12.8,16.8,20.8,20.8,00-0036387,Jalen Reagor,WR,LAC,28,1.02,bear,2026,weighted_v1,Low,7,False
,,0.0,0.0,0.0,0.0,0.0,0.0,10.0,6.0,74.0,0.4,9.8,12.8,15.8,15.8,00-0036387,Jalen Reagor,WR,LAC,28,1.02,base,2026,weighted_v1,Low,7,False
,,0.0,0.0,0.0,0.0,0.0,0.0,8.0,4.0,56.0,0.4,8.0,10.0,12.0,12.0,00-0036387,Jalen Reagor,WR,LAC,28,1.02,bull,2026,weighted_v1,Low,7,False
399.0,262.0,2940.0,20.4,6.2,136.0,565.0,11.4,0.0,0.0,0.0,0.0,311.7,311.7,311.7,311.7,00-0036389,Jalen Hurts,QB,PHI,28,1.02,bear,2026,weighted_v1,High,16,False
477.0,313.0,3515.0,24.4,7.5,136.0,565.0,11.4,0.0,0.0,0.0,0.0,348.1,348.1,348.1,348.1,00-0036389,Jalen Hurts,QB,PHI,28,1.02,base,2026,weighted_v1,High,16,False
577.0,378.0,4250.0,29.6,9.0,136.0,565.0,11.4,0.0,0.0,0.0,0.0,395.3,395.3,395.3,395.3,00-0036389,Jalen Hurts,QB,PHI,28,1.02,bull,2026,weighted_v1,High,16,False
,,0.0,0.0,0.0,0.0,0.0,0.0,91.0,49.0,650.0,1.7,75.2,99.7,124.2,124.2,00-0036407,Jerry Jeudy,WR,CLE,27,1.03,bear,2026,weighted_v1,High,17,False
,,0.0,0.0,0.0,0.0,0.0,0.0,76.0,41.0,537.0,2.1,66.3,86.8,107.3,107.3,00-0036407,Jerry Jeudy,WR,CLE,27,1.03,base,2026,weighted_v1,High,17,False
,,0.0,0.0,0.0,0.0,0.0,0.0,98.0,54.0,699.0,3.3,89.7,116.7,143.7,143.7,00-0036407,Jerry Jeudy,WR,CLE,27,1.03,bull,2026,weighted_v1,High,17,False
,,0.0,0.0,0.0,0.0,0.0,0.0,99.0,62.0,853.0,7.0,127.3,158.3,189.3,189.3,00-0036410,Tee Higgins,WR,CIN,28,1.02,bear,2026,weighted_v1,High,15,False
,,0.0,0.0,0.0,0.0,0.0,0.0,110.0,69.0,956.0,10.9,161.0,195.5,230.0,230.0,00-0036410,Tee Higgins,WR,CIN,28,1.02,base,2026,weighted_v1,High,15,False
,,0.0,0.0,0.0,0.0,0.0,0.0,103.0,64.0,890.0,12.0,161.0,193.0,225.0,225.0,00-0036410,Tee Higgins,WR,CIN,28,1.02,bull,2026,weighted_v1,High,15,False
,,0.0,0.0,0.0,0.0,0.0,0.0,16.0,8.0,147.0,0.4,17.1,21.1,25.1,25.1,00-0036412,KJ Hamler,WR,DEN,27,1.03,bear,2026,weighted_v1,Low,6,False
,,0.0,0.0,0.0,0.0,0.0,0.0,11.0,6.0,106.0,0.4,13.0,16.0,19.0,19.0,00-0036412,KJ Hamler,WR,DEN,27,1.03,base,2026,weighted_v1,Low,6,False
,,0.0,0.0,0.0,0.0,0.0,0.0,8.0,4.0,79.0,0.4,10.3,12.3,14.3,14.3,00-0036412,KJ Hamler,WR,DEN,27,1.03,bull,2026,weighted_v1,Low,6,False
,,0.0,0.0,0.0,0.0,0.0,0.0,40.0,23.0,268.0,1.3,34.6,46.1,57.6,57.6,00-0036415,Van Jefferson,WR,TEN,30,0.93,bear,2026,weighted_v1,High,14,False
,,0.0,0.0,0.0,0.0,0.0,0.0,56.0,31.0,383.0,2.6,53.9,69.4,84.9,84.9,00-0036415,Van Jefferson,WR,TEN,30,0.93,base,2026,weighted_v1,High,14,False
,,0.0,0.0,0.0,0.0,0.0,0.0,52.0,29.0,356.0,3.1,54.2,68.7,83.2,83.2,00-0036415,Van Jefferson,WR,TEN,30,0.93,bull,2026,weighted_v1,High,14,False
,,0.0,0.0,0.0,0.0,0.0,0.0,26.0,20.0,207.0,1.2,27.9,37.9,47.9,57.9,00-0036422,Adam Trautman,TE,DEN,30,1.0,bear,2026,weighted_v1,Medium,13,False
,,0.0,0.0,0.0,0.0,0.0,0.0,31.0,23.0,251.0,2.0,37.1,48.6,60.1,71.6,00-0036422,Adam Trautman,TE,DEN,30,1.0,base,2026,weighted_v1,Medium,13,False
,,0.0,0.0,0.0,0.0,0.0,0.0,33.0,25.0,265.0,2.8,43.3,55.8,68.3,80.8,00-0036422,Adam Trautman,TE,DEN,30,1.0,bull,2026,weighted_v1,Medium,13,False
,,0.0,0.0,0.0,0.0,0.0,0.0,30.0,19.0,246.0,1.6,34.2,43.7,53.2,53.2,00-0036427,Tyler Johnson,WR,NYJ,28,1.02,bear,2026,weighted_v1,Medium,9,False
,,0.0,0.0,0.0,0.0,0.0,0.0,20.0,13.0,163.0,1.6,25.9,32.4,38.9,38.9,00-0036427,Tyler Johnson,WR,NYJ,28,1.02,base,2026,weighted_v1,Medium,9,False
,,0.0,0.0,0.0,0.0,0.0,0.0,36.0,23.0,291.0,3.5,50.1,61.6,73.1,73.1,00-0036427,Tyler Johnson,WR,NYJ,28,1.02,bull,2026,weighted_v1,Medium,9,False
,,0.0,0.0,0.0,0.0,0.0,0.0,26.0,21.0,134.0,0.6,17.0,27.5,38.0,48.5,00-0036429,Charlie Woerner,TE,ATL,29,1.02,bear,2026,weighted_v1,Low,7,False
,,0.0,0.0,0.0,0.0,0.0,0.0,20.0,16.0,104.0,0.6,14.0,22.0,30.0,38.0,00-0036429,Charlie Woerner,TE,ATL,29,1.02,base,2026,weighted_v1,Low,7,False
,,0.0,0.0,0.0,0.0,0.0,0.0,19.0,15.0,98.0,0.8,14.6,22.1,29.6,37.1,00-0036429,Charlie Woerner,TE,ATL,29,1.02,bull,2026,weighted_v1,Low,7,False
491.0,334.0,3499.0,27.0,8.6,39.0,135.0,0.9,0.0,0.0,0.0,0.0,249.7,249.7,249.7,249.7,00-0036442,Joe Burrow,QB,CIN,30,1.03,bear,2026,weighted_v1,Medium,8,False
561.0,382.0,3998.0,30.9,9.9,39.0,135.0,0.9,0.0,0.0,0.0,0.0,282.6,282.6,282.6,282.6,00-0036442,Joe Burrow,QB,CIN,30,1.03,base,2026,weighted_v1,Medium,8,False
631.0,429.0,4497.0,34.7,11.1,39.0,135.0,0.9,0.0,0.0,0.0,0.0,315.4,315.4,315.4,315.4,00-0036442,Joe Burrow,QB,CIN,30,1.03,bull,2026,weighted_v1,Medium,8,False
,,0.0,0.0,0.0,0.0,0.0,0.0,9.0,6.0,86.0,0.6,12.2,15.2,18.2,21.2,00-0036456,Dominique Dafney,TE,GB,29,1.02,bear,2026,weighted_v1,Low,6,False
,,0.0,0.0,0.0,0.0,0.0,0.0,7.0,5.0,67.0,0.6,10.3,12.8,15.3,17.8,00-0036456,Dominique Dafney,TE,GB,29,1.02,base,2026,weighted_v1,Low,6,False
,,0.0,0.0,0.0,0.0,0.0,0.0,5.0,4.0,48.0,0.6,8.4,10.4,12.4,14.4,00-0036456,Dominique Dafney,TE,GB,29,1.02,bull,2026,weighted_v1,Low,6,False
,,0.0,0.0,0.0,0.0,0.0,0.0,9.0,5.0,61.0,0.5,9.1,11.6,14.1,16.6,00-0036510,Kenny Yeboah,TE,NYJ,28,1.02,bear,2026,weighted_v1,Low,7,False
,,0.0,0.0,0.0,0.0,0.0,0.0,6.0,3.0,40.0,0.5,7.0,8.5,10.0,11.5,00-0036510,Kenny Yeboah,TE,NYJ,28,1.02,base,2026,weighted_v1,Low,7,False
,,0.0,0.0,0.0,0.0,0.0,0.0,5.0,3.0,33.0,0.5,6.3,7.8,9.3,10.8,00-0036510,Kenny Yeboah,TE,NYJ,28,1.02,bull,2026,weighted_v1,Low,7,False
,,0.0,0.0,0.0,0.0,0.0,0.0,48.0,26.0,369.0,2.4,51.3,64.3,77.3,77.3,00-0036550,Rashod Bateman,WR,BAL,27,1.03,bear,2026,weighted_v1,Medium,13,False
,,0.0,0.0,0.0,0.0,0.0,0.0,48.0,27.0,370.0,3.2,56.2,69.7,83.2,83.2,00-0036550,Rashod Bateman,WR,BAL,27,1.03,base,2026,weighted_v1,Medium,13,False
,,0.0,0.0,0.0,0.0,0.0,0.0,46.0,26.0,358.0,4.1,60.4,73.4,86.4,86.4,00-0036550,Rashod Bateman,WR,BAL,27,1.03,bull,2026,weighted_v1,Medium,13,False
,,0.0,0.0,0.0,0.0,0.0,0.0,114.0,72.0,1105.0,5.0,140.5,176.5,212.5,212.5,00-0036554,Nico Collins,WR,HOU,27,1.03,bear,2026,weighted_v1,High,15,False
,,0.0,0.0,0.0,0.0,0.0,0.0,147.0,92.0,1426.0,8.9,196.0,242.0,288.0,288.0,00-0036554,Nico Collins,WR,HOU,27,1.03,base,2026,weighted_v1,High,15,False
,,0.0,0.0,0.0,0.0,0.0,0.0,123.0,77.0,1193.0,9.9,178.7,217.2,255.7,255.7,00-0036554,Nico Collins,WR,HOU,27,1.03,bull,2026,weighted_v1,High,15,False
,,0.0,0.0,0.0,72.0,301.0,1.6,21.0,17.0,94.0,0.7,53.3,61.8,70.3,70.3,00-0036555,Chuba Hubbard,RB,CAR,27,0.94,bear,2026,weighted_v1,High,15,False
,,0.0,0.0,0.0,128.0,535.0,2.9,50.0,40.0,117.0,2.1,95.2,115.2,135.2,135.2,00-0036555,Chuba Hubbard,RB,CAR,27,0.94,base,2026,weighted_v1,High,15,False
,,0.0,0.0,0.0,208.0,870.0,4.6,34.0,27.0,288.0,2.1,156.0,169.5,183.0,183.0,00-0036555,Chuba Hubbard,RB,CAR,27,0.94,bull,2026,weighted_v1,High,15,False
,,0.0,0.0,0.0,0.0,0.0,0.0,3.0,1.0,25.0,0.1,3.1,3.6,4.1,4.1,00-0036572,Shi Smith,WR,CAR,28,1.02,bear,2026,weighted_v1,High,17,False
,,0.0,0.0,0.0,0.0,0.0,0.0,2.0,1.0,20.0,0.1,2.6,3.1,3.6,3.6,00-0036572,Shi Smith,WR,CAR,28,1.02,base,2026,weighted_v1,High,17,False
,,0.0,0.0,0.0,0.0,0.0,0.0,1.0,1.0,13.0,0.1,1.9,2.4,2.9,2.9,00-0036572,Shi Smith,WR,CAR,28,1.02,bull,2026,weighted_v1,High,17,False
,,0.0,0.0,0.0,0.0,0.0,0.0,6.0,4.0,41.0,0.6,7.7,9.7,11.7,13.7,00-0036590,Quintin Morris,TE,JAX,28,1.02,bear,2026,weighted_v1,Medium,11,False
,,0.0,0.0,0.0,0.0,0.0,0.0,5.0,3.0,31.0,0.6,6.7,8.2,9.7,11.2,00-0036590,Quintin Morris,TE,JAX,28,1.02,base,2026,weighted_v1,Medium,11,False
,,0.0,0.0,0.0,0.0,0.0,0.0,19.0,13.0,121.0,2.4,26.5,33.0,39.5,46.0,00-0036590,Quintin Morris,TE,JAX,28,1.02,bull,2026,weighted_v1,Medium,11,False
,,0.0,0.0,0.0,0.0,0.0,0.0,107.0,71.0,985.0,4.9,127.9,163.4,198.9,198.9,00-0036613,Jaylen Waddle,WR,MIA,28,1.02,bear,2026,weighted_v1,High,16,False
,,0.0,0.0,0.0,0.0,0.0,0.0,91.0,60.0,835.0,5.1,114.1,144.1,174.1,174.1,00-0036613,Jaylen Waddle,WR,MIA,28,1.02,base,2026,weighted_v1,High,16,False
,,0.0,0.0,0.0,0.0,0.0,0.0,88.0,59.0,811.0,6.1,117.7,147.2,176.7,176.7,00-0036613,Jaylen Waddle,WR,MIA,28,1.02,bull,2026,weighted_v1,High,16,False
,,0.0,0.0,0.0,0.0,0.0,0.0,10.0,6.0,85.0,0.3,10.3,13.3,16.3,16.3,00-0036620,Dee Eskridge,WR,MIA,29,0.98,bear,2026,weighted_v1,Medium,11,False
,,0.0,0.0,0.0,0.0,0.0,0.0,8.0,5.0,69.0,0.3,8.7,11.2,13.7,13.7,00-0036620,Dee Eskridge,WR,MIA,29,0.98,base,2026,weighted_v1,Medium,11,False
,,0.0,0.0,0.0,0.0,0.0,0.0,15.0,10.0,136.0,0.7,17.8,22.8,27.8,27.8,00-0036620,Dee Eskridge,WR,MIA,29,0.98,bull,2026,weighted_v1,Medium,11,False
,,0.0,0.0,0.0,0.0,0.0,0.0,25.0,15.0,164.0,1.0,22.4,29.9,37.4,37.4,00-0036626,Dyami Brown,WR,JAX,27,1.03,bear,2026,weighted_v1,Medium,11,False
,,0.0,0.0,0.0,0.0,0.0,0.0,52.0,30.0,344.0,2.8,51.2,66.2,81.2,81.2,00-0036626,Dyami Brown,WR,JAX,27,1.03,base,2026,weighted_v1,Medium,11,False
,,0.0,0.0,0.0,0.0,0.0,0.0,51.0,29.0,340.0,3.1,52.6,67.1,81.6,81.6,00-0036626,Dyami Brown,WR,JAX,27,1.03,bull,2026,weighted_v1,Medium,11,False
,,0.0,0.0,0.0,0.0,0.0,0.0,23.0,16.0,148.0,1.0,20.8,28.8,36.8,44.8,00-0036628,John Bates,TE,WAS,29,1.02,bear,2026,weighted_v1,Medium,10,False
,,0.0,0.0,0.0,0.0,0.0,0.0,26.0,17.0,162.0,1.4,24.6,33.1,41.6,50.1,00-0036628,John Bates,TE,WAS,29,1.02,base,2026,weighted_v1,Medium,10,False
,,0.0,0.0,0.0,0.0,0.0,0.0,24.0,16.0,150.0,1.7,25.2,33.2,41.2,49.2,00-0036628,John Bates,TE,WAS,29,1.02,bull,2026,weighted_v1,Medium,10,False
,,0.0,0.0,0.0,0.0,0.0,0.0,13.0,8.0,107.0,0.7,14.9,18.9,22.9,22.9,00-0036630,Tylan Wallace,WR,BAL,27,1.03,bear,2026,weighted_v1,Medium,11,False
,,0.0,0.0,0.0,0.0,0.0,0.0,22.0,14.0,193.0,1.7,29.5,36.5,43.5,43.5,00-0036630,Tylan Wallace,WR,BAL,27,1.03,base,2026,weighted_v1,Medium,11,False
,,0.0,0.0,0.0,0.0,0.0,0.0,17.0,10.0,146.0,1.7,24.8,29.8,34.8,34.8,00-0036630,Tylan Wallace,WR,BAL,27,1.03,bull,2026,weighted_v1,Medium,11,False
,,0.0,0.0,0.0,0.0,0.0,0.0,0.0,0.0,4.0,0.0,0.4,0.4,0.4,0.4,00-0036635,Ihmir Smith-Marsette,WR,NYG,27,1.03,bear,2026,weighted_v1,High,15,False
,,0.0,0.0,0.0,0.0,0.0,0.0,0.0,0.0,3.0,0.0,0.3,0.3,0.3,0.3,00-0036635,Ihmir Smith-Marsette,WR,NYG,27,1.03,base,2026,weighted_v1,High,15,False
,,0.0,0.0,0.0,0.0,0.0,0.0,0.0,0.0,2.0,0.0,0.2,0.2,0.2,0.2,00-0036635,Ihmir Smith-Marsette,WR,NYG,27,1.03,bull,2026,weighted_v1,High,15,False
,,0.0,0.0,0.0,0.0,0.0,0.0,21.0,13.0,134.0,0.8,18.2,24.7,31.2,37.7,00-0036637,Noah Gray,TE,KC,27,1.01,bear,2026,weighted_v1,High,14,False
,,0.0,0.0,0.0,0.0,0.0,0.0,41.0,27.0,262.0,2.1,38.8,52.3,65.8,79.3,00-0036637,Noah Gray,TE,KC,27,1.01,base,2026,weighted_v1,High,14,False
,,0.0,0.0,0.0,0.0,0.0,0.0,48.0,32.0,309.0,3.4,51.3,67.3,83.3,99.3,00-0036637,Noah Gray,TE,KC,27,1.01,bull,2026,weighted_v1,High,14,False
,,0.0,0.0,0.0,0.0,0.0,0.0,11.0,5.0,73.0,0.6,10.9,13.4,15.9,15.9,00-0036646,Simi Fehoko,WR,ARI,29,0.98,bear,2026,weighted_v1,Low,7,False
,,0.0,0.0,0.0,0.0,0.0,0.0,8.0,4.0,52.0,0.6,8.8,10.8,12.8,12.8,00-0036646,Simi Fehoko,WR,ARI,29,0.98,base,2026,weighted_v1,Low,7,False
,,0.0,0.0,0.0,0.0,0.0,0.0,6.0,3.0,40.0,0.6,7.6,9.1,10.6,10.6,00-0036646,Simi Fehoko,WR,ARI,29,0.98,bull,2026,weighted_v1,Low,7,False
,,0.0,0.0,0.0,0.0,0.0,0.0,1.0,1.0,5.0,0.0,0.5,1.0,1.5,1.5,00-0036671,Dax Milne,WR,WAS,27,1.03,bear,2026,weighted_v1,High,15,False
,,0.0,0.0,0.0,0.0,0.0,0.0,1.0,1.0,4.0,0.0,0.4,0.9,1.4,1.4,00-0036671,Dax Milne,WR,WAS,27,1.03,base,2026,weighted_v1,High,15,False
,,0.0,0.0,0.0,0.0,0.0,0.0,1.0,1.0,3.0,0.0,0.3,0.8,1.3,1.3,00-0036671,Dax Milne,WR,WAS,27,1.03,bull,2026,weighted_v1,High,15,False
,,0.0,0.0,0.0,0.0,0.0,0.0,23.0,14.0,106.0,1.2,17.8,24.8,31.8,38.8,00-0036741,Jack Stoll,TE,NO,29,1.02,bear,2026,weighted_v1,Medium,9,False
,,0.0,0.0,0.0,0.0,0.0,0.0,17.0,10.0,76.0,1.2,14.8,19.8,24.8,29.8,00-0036741,Jack Stoll,TE,NO,29,1.02,base,2026,weighted_v1,Medium,9,False
,,0.0,0.0,0.0,0.0,0.0,0.0,14.0,8.0,64.0,1.2,13.6,17.6,21.6,25.6,00-0036741,Jack Stoll,TE,NO,29,1.02,bull,2026,weighted_v1,Medium,9,False
,,0.0,0.0,0.0,0.0,0.0,0.0,26.0,18.0,144.0,1.6,24.0,33.0,42.0,51.0,00-0036754,Brock Wright,TE,DET,28,1.02,bear,2026,weighted_v1,Medium,8,False
,,0.0,0.0,0.0,0.0,0.0,0.0,41.0,28.0,227.0,3.8,45.5,59.5,73.5,87.5,00-0036754,Brock Wright,TE,DET,28,1.02,base,2026,weighted_v1,Medium,8,False
,,0.0,0.0,0.0,0.0,0.0,0.0,36.0,25.0,197.0,4.1,44.3,56.8,69.3,81.8,00-0036754,Brock Wright,TE,DET,28,1.02,bull,2026,weighted_v1,Medium,8,False
,,0.0,0.0,0.0,50.0,197.0,1.1,4.0,3.0,0.0,0.1,26.9,28.4,29.9,29.9,00-0036755,Jaret Patterson,RB,LAC,27,0.94,bear,2026,weighted_v1,Low,6,False
,,0.0,0.0,0.0,123.0,487.0,2.7,3.0,2.0,0.0,0.1,65.5,66.5,67.5,67.5,00-0036755,Jaret Patterson,RB,LAC,27,0.94,base,2026,weighted_v1,Low,6,False
,,0.0,0.0,0.0,149.0,588.0,3.3,2.0,1.0,0.0,0.1,79.2,79.7,80.2,80.2,00-0036755,Jaret Patterson,RB,LAC,27,0.94,bull,2026,weighted_v1,Low,6,False
,,0.0,0.0,0.0,0.0,0.0,0.0,8.0,3.0,26.0,0.2,3.8,5.3,6.8,8.3,00-0036825,Feleipe Franks,TE,ATL,29,1.02,bear,2026,weighted_v1,Medium,10,False
,,0.0,0.0,0.0,0.0,0.0,0.0,6.0,2.0,20.0,0.2,3.2,4.2,5.2,6.2,00-0036825,Feleipe Franks,TE,ATL,29,1.02,base,2026,weighted_v1,Medium,10,False
,,0.0,0.0,0.0,0.0,0.0,0.0,4.0,1.0,14.0,0.2,2.6,3.1,3.6,4.1,00-0036825,Feleipe Franks,TE,ATL,29,1.02,bull,2026,weighted_v1,Medium,10,False
,,0.0,0.0,0.0,88.0,422.0,1.2,6.0,6.0,8.0,0.1,50.8,53.8,56.8,56.8,00-0036829,Caleb Huntley,RB,ATL,28,0.86,bear,2026,weighted_v1,Medium,12,False
,,0.0,0.0,0.0,88.0,422.0,1.2,5.0,5.0,6.0,0.1,50.6,53.1,55.6,55.6,00-0036829,Caleb Huntley,RB,ATL,28,0.86,base,2026,weighted_v1,Medium,12,False
,,0.0,0.0,0.0,88.0,422.0,1.2,4.0,4.0,4.0,0.1,50.4,52.4,54.4,54.4,00-0036829,Caleb Huntley,RB,ATL,28,0.86,bull,2026,weighted_v1,Medium,12,False
,,0.0,0.0,0.0,0.0,0.0,0.0,24.0,11.0,196.0,0.6,23.2,28.7,34.2,34.2,00-0036841,Austin Trammell,WR,JAX,28,1.02,bear,2026,weighted_v1,Low,6,False
,,0.0,0.0,0.0,0.0,0.0,0.0,18.0,9.0,148.0,0.6,18.4,22.9,27.4,27.4,00-0036841,Austin Trammell,WR,JAX,28,1.02,base,2026,weighted_v1,Low,6,False
,,0.0,0.0,0.0,0.0,0.0,0.0,31.0,15.0,251.0,1.2,32.3,39.8,47.3,47.3,00-0036841,Austin Trammell,WR,JAX,28,1.02,bull,2026,weighted_v1,Low,6,False
,,0.0,0.0,0.0,0.0,0.0,0.0,30.0,17.0,301.0,1.1,36.7,45.2,53.7,53.7,00-0036849,Tutu Atwell,WR,LA,27,1.03,bear,2026,weighted_v1,Medium,8,False
,,0.0,0.0,0.0,0.0,0.0,0.0,27.0,15.0,271.0,1.4,35.5,43.0,50.5,50.5,00-0036849,Tutu Atwell,WR,LA,27,1.03,base,2026,weighted_v1,Medium,8,False
,,0.0,0.0,0.0,0.0,0.0,0.0,29.0,15.0,289.0,1.9,40.3,47.8,55.3,55.3,00-0036849,Tutu Atwell,WR,LA,27,1.03,bull,2026,weighted_v1,Medium,8,False
,,0.0,0.0,0.0,0.0,0.0,0.0,0.0,0.0,0.0,0.0,0.0,0.0,0.0,0.0,00-0036862,Ben Skowronek,WR,PIT,29,0.98,bear,2026,weighted_v1,High,16,False
,,0.0,0.0,0.0,0.0,0.0,0.0,0.0,0.0,0.0,0.0,0.0,0.0,0.0,0.0,00-0036862,Ben Skowronek,WR,PIT,29,0.98,base,2026,weighted_v1,High,16,False
,,0.0,0.0,0.0,0.0,0.0,0.0,12.0,8.0,106.0,1.0,16.6,20.6,24.6,24.6,00-0036862,Ben Skowronek,WR,PIT,29,0.98,bull,2026,weighted_v1,High,16,False
,,0.0,0.0,0.0,90.0,391.0,3.7,34.0,27.0,113.0,0.7,76.8,90.3,103.8,103.8,00-0036875,Rhamondre Stevenson,RB,NE,29,0.76,bear,2026,weighted_v1,High,14,False
,,0.0,0.0,0.0,103.0,446.0,4.3,39.0,33.0,291.0,0.8,104.3,120.8,137.3,137.3,00-0036875,Rhamondre Stevenson,RB,NE,29,0.76,base,2026,weighted_v1,High,14,False
,,0.0,0.0,0.0,152.0,656.0,6.3,34.0,28.0,392.0,1.0,148.6,162.6,176.6,176.6,00-0036875,Rhamondre Stevenson,RB,NE,29,0.76,bull,2026,weighted_v1,High,14,False
,,0.0,0.0,0.0,0.0,0.0,0.0,7.0,4.0,44.0,0.2,5.6,7.6,9.6,11.6,00-0036876,Kylen Granson,TE,PHI,28,1.02,bear,2026,weighted_v1,Medium,12,False
,,0.0,0.0,0.0,0.0,0.0,0.0,5.0,3.0,32.0,0.2,4.4,5.9,7.4,8.9,00-0036876,Kylen Granson,TE,PHI,28,1.02,base,2026,weighted_v1,Medium,12,False
,,0.0,0.0,0.0,0.0,0.0,0.0,14.0,9.0,86.0,0.7,12.8,17.3,21.8,26.3,00-0036876,Kylen Granson,TE,PHI,28,1.02,bull,2026,weighted_v1,Medium,12,False
,,0.0,0.0,0.0,0.0,0.0,0.0,12.0,8.0,61.0,0.3,7.9,11.9,15.9,15.9,00-0036877,Jaelon Darden,WR,SEA,28,1.02,bear,2026,weighted_v1,Medium,11,False
,,0.0,0.0,0.0,0.0,0.0,0.0,9.0,6.0,43.0,0.3,6.1,9.1,12.1,12.1,00-0036877,Jaelon Darden,WR,SEA,28,1.02,base,2026,weighted_v1,Medium,11,False
,,0.0,0.0,0.0,0.0,0.0,0.0,7.0,5.0,36.0,0.3,5.4,7.9,10.4,10.4,00-0036877,Jaelon Darden,WR,SEA,28,1.02,bull,2026,weighted_v1,Medium,11,False
,,0.0,0.0,0.0,0.0,0.0,0.0,8.0,6.0,51.0,0.4,7.5,10.5,13.5,16.5,00-0036887,Luke Farrell,TE,SF,29,1.02,bear,2026,weighted_v1,Medium,13,False
,,0.0,0.0,0.0,0.0,0.0,0.0,20.0,16.0,125.0,1.3,20.3,28.3,36.3,44.3,00-0036887,Luke Farrell,TE,SF,29,1.02,base,2026,weighted_v1,Medium,13,False
,,0.0,0.0,0.0,0.0,0.0,0.0,25.0,20.0,156.0,2.2,28.8,38.8,48.8,58.8,00-0036887,Luke Farrell,TE,SF,29,1.02,bull,2026,weighted_v1,Medium,13,False
,,0.0,0.0,0.0,0.0,0.0,0.0,59.0,45.0,491.0,3.4,69.5,92.0,114.5,137.0,00-0036894,Pat Freiermuth,TE,PIT,28,1.02,bear,2026,weighted_v1,High,15,False
,,0.0,0.0,0.0,0.0,0.0,0.0,50.0,39.0,419.0,4.5,68.9,88.4,107.9,127.4,00-0036894,Pat Freiermuth,TE,PIT,28,1.02,base,2026,weighted_v1,High,15,False
,,0.0,0.0,0.0,0.0,0.0,0.0,55.0,41.0,454.0,5.1,76.0,96.5,117.0,137.5,00-0036894,Pat Freiermuth,TE,PIT,28,1.02,bull,2026,weighted_v1,High,15,False
316.0,181.0,1838.0,9.4,2.6,27.0,117.0,1.7,0.0,0.0,0.0,0.0,127.8,127.8,127.8,127.8,00-0036898,Davis Mills,QB,HOU,28,1.02,bear,2026,weighted_v1,Low,6,False
480.0,275.0,2791.0,14.2,3.9,27.0,117.0,1.7,0.0,0.0,0.0,0.0,182.5,182.5,182.5,182.5,00-0036898,Davis Mills,QB,HOU,28,1.02,base,2026,weighted_v1,Low,6,False
566.0,324.0,3290.0,16.8,4.6,27.0,117.0,1.7,0.0,0.0,0.0,0.0,211.5,211.5,211.5,211.5,00-0036898,Davis Mills,QB,HOU,28,1.02,bull,2026,weighted_v1,Low,6,False
,,0.0,0.0,0.0,0.0,0.0,0.0,177.0,122.0,1474.0,8.3,197.2,258.2,319.2,319.2,00-0036900,Ja'Marr Chase,WR,CIN,27,1.03,bear,2026,weighted_v1,High,16,False
,,0.0,0.0,0.0,0.0,0.0,0.0,160.0,110.0,1328.0,10.3,194.6,249.6,304.6,304.6,00-0036900,Ja'Marr Chase,WR,CIN,27,1.03,base,2026,weighted_v1,High,16,False
,,0.0,0.0,0.0,0.0,0.0,0.0,178.0,122.0,1476.0,12.0,219.6,280.6,341.6,341.6,00-0036900,Ja'Marr Chase,WR,CIN,27,1.03,bull,2026,weighted_v1,High,16,False
,,0.0,0.0,0.0,0.0,0.0,0.0,98.0,69.0,885.0,4.7,116.7,151.2,185.7,185.7,00-0036912,DeVonta Smith,WR,PHI,28,1.02,bear,2026,weighted_v1,High,17,False
,,0.0,0.0,0.0,0.0,0.0,0.0,98.0,70.0,892.0,6.5,128.2,163.2,198.2,198.2,00-0036912,DeVonta Smith,WR,PHI,28,1.02,base,2026,weighted_v1,High,17,False
,,0.0,0.0,0.0,0.0,0.0,0.0,109.0,77.0,993.0,8.4,149.7,188.2,226.7,226.7,00-0036912,DeVonta Smith,WR,PHI,28,1.02,bull,2026,weighted_v1,High,17,False
,,0.0,0.0,0.0,64.0,287.0,2.4,55.0,45.0,182.0,1.3,69.1,91.6,114.1,114.1,00-0036919,Kenneth Gainwell,RB,PIT,27,0.94,bear,2026,weighted_v1,High,17,False
,,0.0,0.0,0.0,80.0,359.0,3.0,58.0,49.0,291.0,2.1,95.6,120.1,144.6,144.6,00-0036919,Kenneth Gainwell,RB,PIT,27,0.94,base,2026,weighted_v1,High,17,False
,,0.0,0.0,0.0,144.0,646.0,5.4,78.0,66.0,391.0,2.9,153.5,186.5,219.5,219.5,00-0036919,Kenneth Gainwell,RB,PIT,27,0.94,bull,2026,weighted_v1,High,17,False
,,0.0,0.0,0.0,53.0,200.0,1.0,37.0,29.0,286.0,0.1,55.2,69.7,84.2,84.2,00-0036924,Michael Carter,RB,ARI,27,0.94,bear,2026,weighted_v1,Medium,13,False
,,0.0,0.0,0.0,104.0,393.0,1.9,49.0,40.0,319.0,0.1,83.2,103.2,123.2,123.2,00-0036924,Michael Carter,RB,ARI,27,0.94,base,2026,weighted_v1,Medium,13,False
,,0.0,0.0,0.0,130.0,490.0,2.4,47.0,38.0,335.0,0.2,98.1,117.1,136.1,136.1,00-0036924,Michael Carter,RB,ARI,27,0.94,bull,2026,weighted_v1,Medium,13,False
,,0.0,0.0,0.0,0.0,0.0,0.0,6.0,5.0,42.0,0.1,4.8,7.3,9.8,9.8,00-0036936,Rondale Moore,WR,ARI,26,1.02,bear,2026,weighted_v1,High,17,False
,,0.0,0.0,0.0,0.0,0.0,0.0,5.0,4.0,30.0,0.1,3.6,5.6,7.6,7.6,00-0036936,Rondale Moore,WR,ARI,26,1.02,base,2026,weighted_v1,High,17,False
,,0.0,0.0,0.0,0.0,0.0,0.0,4.0,3.0,23.0,0.1,2.9,4.4,5.9,5.9,00-0036936,Rondale Moore,WR,ARI,26,1.02,bull,2026,weighted_v1,High,17,False
287.0,180.0,1862.0,10.3,3.1,132.0,706.0,7.4,0.0,0.0,0.0,0.0,224.5,224.5,224.5,224.5,00-0036945,Justin Fields,QB,NYJ,27,1.0,bear,2026,weighted_v1,Low,9,False
389.0,245.0,2524.0,13.9,4.2,132.0,706.0,7.4,0.0,0.0,0.0,0.0,263.2,263.2,263.2,263.2,00-0036945,Justin Fields,QB,NYJ,27,1.0,base,2026,weighted_v1,Low,9,False
440.0,277.0,2855.0,15.8,4.7,132.0,706.0,7.4,0.0,0.0,0.0,0.0,283.0,283.0,283.0,283.0,00-0036945,Justin Fields,QB,NYJ,27,1.0,bull,2026,weighted_v1,Low,9,False
,,0.0,0.0,0.0,0.0,0.0,0.0,182.0,131.0,1538.0,9.3,209.6,275.1,340.6,340.6,00-0036963,Amon-Ra St. Brown,WR,DET,27,1.03,bear,2026,weighted_v1,High,17,False
,,0.0,0.0,0.0,0.0,0.0,0.0,151.0,109.0,1274.0,11.7,197.6,252.1,306.6,306.6,00-0036963,Amon-Ra St. Brown,WR,DET,27,1.03,base,2026,weighted_v1,High,17,False
,,0.0,0.0,0.0,0.0,0.0,0.0,160.0,115.0,1345.0,12.0,206.5,264.0,321.5,321.5,00-0036963,Amon-Ra St. Brown,WR,DET,27,1.03,bull,2026,weighted_v1,High,17,False
,,0.0,0.0,0.0,0.0,0.0,0.0,107.0,75.0,842.0,3.5,105.2,142.7,180.2,217.7,00-0036970,Kyle Pitts,TE,ATL,26,0.98,bear,2026,weighted_v1,High,17,False
,,0.0,0.0,0.0,0.0,0.0,0.0,118.0,81.0,916.0,4.9,121.0,161.5,202.0,242.5,00-0036970,Kyle Pitts,TE,ATL,26,0.98,base,2026,weighted_v1,High,17,False
,,0.0,0.0,0.0,0.0,0.0,0.0,105.0,73.0,821.0,6.3,119.9,156.4,192.9,229.4,00-0036970,Kyle Pitts,TE,ATL,26,0.98,bull,2026,weighted_v1,High,17,False
510.0,315.0,3630.0,23.2,11.4,70.0,316.0,7.0,0.0,0.0,0.0,0.0,288.8,288.8,288.8,288.8,00-0036971,Trevor Lawrence,QB,JAX,27,1.0,bear,2026,weighted_v1,High,17,False
527.0,325.0,3751.0,24.0,11.8,70.0,316.0,7.0,0.0,0.0,0.0,0.0,296.0,296.0,296.0,296.0,00-0036971,Trevor Lawrence,QB,JAX,27,1.0,base,2026,weighted_v1,High,17,False
629.0,388.0,4477.0,28.6,14.1,70.0,316.0,7.0,0.0,0.0,0.0,0.0,338.9,338.9,338.9,338.9,00-0036971,Trevor Lawrence,QB,JAX,27,1.0,bull,2026,weighted_v1,High,17,False
250.0,169.0,1744.0,9.6,6.4,51.0,118.0,0.5,0.0,0.0,0.0,0.0,110.2,110.2,110.2,110.2,00-0036972,Mac Jones,QB,SF,28,1.02,bear,2026,weighted_v1,Medium,11,False
528.0,357.0,3677.0,20.3,13.4,51.0,118.0,0.5,0.0,0.0,0.0,0.0,216.3,216.3,216.3,216.3,00-0036972,Mac Jones,QB,SF,28,1.02,base,2026,weighted_v1,Medium,11,False
625.0,422.0,4353.0,24.0,15.9,51.0,118.0,0.5,0.0,0.0,0.0,0.0,253.1,253.1,253.1,253.1,00-0036972,Mac Jones,QB,SF,28,1.02,bull,2026,weighted_v1,Medium,11,False
,,0.0,0.0,0.0,175.0,725.0,4.6,30.0,22.0,121.0,1.6,121.8,132.8,143.8,143.8,00-0036973,Travis Etienne,RB,JAX,28,0.86,bear,2026,weighted_v1,High,17,False
,,0.0,0.0,0.0,234.0,966.0,6.1,35.0,25.0,149.0,2.4,162.5,175.0,187.5,187.5,00-0036973,Travis Etienne,RB,JAX,28,0.86,base,2026,weighted_v1,High,17,False
,,0.0,0.0,0.0,249.0,1027.0,6.5,41.0,30.0,195.0,3.2,180.4,195.4,210.4,210.4,00-0036973,Travis Etienne,RB,JAX,28,0.86,bull,2026,weighted_v1,High,17,False
,,0.0,0.0,0.0,0.0,0.0,0.0,26.0,15.0,159.0,0.8,20.7,28.2,35.7,35.7,00-0036980,Elijah Moore,WR,BUF,26,1.02,bear,2026,weighted_v1,Medium,9,False
,,0.0,0.0,0.0,0.0,0.0,0.0,30.0,17.0,183.0,1.3,26.1,34.6,43.1,43.1,00-0036980,Elijah Moore,WR,BUF,26,1.02,base,2026,weighted_v1,Medium,9,False
,,0.0,0.0,0.0,0.0,0.0,0.0,36.0,20.0,215.0,1.7,31.7,41.7,51.7,51.7,00-0036980,Elijah Moore,WR,BUF,26,1.02,bull,2026,weighted_v1,Medium,9,False
,,0.0,0.0,0.0,0.0,0.0,0.0,43.0,26.0,362.0,1.3,44.0,57.0,70.0,70.0,00-0036988,Josh Palmer,WR,BUF,27,1.03,bear,2026,weighted_v1,Medium,12,False
,,0.0,0.0,0.0,0.0,0.0,0.0,37.0,22.0,311.0,1.6,40.7,51.7,62.7,62.7,00-0036988,Josh Palmer,WR,BUF,27,1.03,base,2026,weighted_v1,Medium,12,False
,,0.0,0.0,0.0,0.0,0.0,0.0,38.0,24.0,330.0,1.9,44.4,56.4,68.4,68.4,00-0036988,Josh Palmer,WR,BUF,27,1.03,bull,2026,weighted_v1,Medium,12,False
,,0.0,0.0,0.0,221.0,978.0,7.8,44.0,32.0,0.0,0.8,149.4,165.4,181.4,181.4,00-0036997,Javonte Williams,RB,DAL,26,1.0,bear,2026,weighted_v1,High,16,False
,,0.0,0.0,0.0,264.0,1166.0,9.3,47.0,34.0,102.0,1.3,190.4,207.4,224.4,224.4,00-0036997,Javonte Williams,RB,DAL,26,1.0,base,2026,weighted_v1,High,16,False
,,0.0,0.0,0.0,310.0,1373.0,10.9,50.0,36.0,177.0,1.7,230.6,248.6,266.6,266.6,00-0036997,Javonte Williams,RB,DAL,26,1.0,bull,2026,weighted_v1,High,16,False
,,0.0,0.0,0.0,0.0,0.0,0.0,14.0,5.0,77.0,0.4,10.1,12.6,15.1,15.1,00-0036999,Anthony Schwartz,WR,CLE,26,1.02,bear,2026,weighted_v1,Low,7,False
,,0.0,0.0,0.0,0.0,0.0,0.0,9.0,3.0,51.0,0.4,7.5,9.0,10.5,10.5,00-0036999,Anthony Schwartz,WR,CLE,26,1.02,base,2026,weighted_v1,Low,7,False
,,0.0,0.0,0.0,0.0,0.0,0.0,8.0,3.0,41.0,0.4,6.5,8.0,9.5,9.5,00-0036999,Anthony Schwartz,WR,CLE,26,1.02,bull,2026,weighted_v1,Low,7,False
,,0.0,0.0,0.0,0.0,0.0,0.0,35.0,25.0,183.0,2.7,34.5,47.0,59.5,72.0,00-0037004,Hunter Long,TE,JAX,28,1.02,bear,2026,weighted_v1,Low,7,False
,,0.0,0.0,0.0,0.0,0.0,0.0,38.0,27.0,195.0,3.8,42.3,55.8,69.3,82.8,00-0037004,Hunter Long,TE,JAX,28,1.02,base,2026,weighted_v1,Low,7,False
,,0.0,0.0,0.0,0.0,0.0,0.0,34.0,24.0,174.0,3.8,40.2,52.2,64.2,76.2,00-0037004,Hunter Long,TE,JAX,28,1.02,bull,2026,weighted_v1,Low,7,False
,,0.0,0.0,0.0,0.0,0.0,0.0,22.0,16.0,146.0,1.0,20.6,28.6,36.6,44.6,00-0037005,Tommy Tremble,TE,CAR,26,0.98,bear,2026,weighted_v1,High,15,False
,,0.0,0.0,0.0,0.0,0.0,0.0,35.0,25.0,236.0,2.0,35.6,48.1,60.6,73.1,00-0037005,Tommy Tremble,TE,CAR,26,0.98,base,2026,weighted_v1,High,15,False
,,0.0,0.0,0.0,0.0,0.0,0.0,41.0,30.0,278.0,3.5,48.8,63.8,78.8,93.8,00-0037005,Tommy Tremble,TE,CAR,26,0.98,bull,2026,weighted_v1,High,15,False
,,0.0,0.0,0.0,0.0,0.0,0.0,8.0,5.0,56.0,0.2,6.8,9.3,11.8,14.3,00-0037078,Cole Turner,TE,WAS,26,0.98,bear,2026,weighted_v1,Medium,8,False
,,0.0,0.0,0.0,0.0,0.0,0.0,7.0,4.0,45.0,0.2,5.7,7.7,9.7,11.7,00-0037078,Cole Turner,TE,WAS,26,0.98,base,2026,weighted_v1,Medium,8,False
,,0.0,0.0,0.0,0.0,0.0,0.0,5.0,3.0,34.0,0.2,4.6,6.1,7.6,9.1,00-0037078,Cole Turner,TE,WAS,26,0.98,bull,2026,weighted_v1,Medium,8,False
,,0.0,0.0,0.0,0.0,0.0,0.0,20.0,13.0,0.0,0.5,3.0,9.5,16.0,16.0,00-0037085,Tyler Badie,RB,DEN,28,0.86,bear,2026,weighted_v1,High,16,False
,,0.0,0.0,0.0,0.0,0.0,0.0,27.0,19.0,75.0,0.9,12.9,22.4,31.9,31.9,00-0037085,Tyler Badie,RB,DEN,28,0.86,base,2026,weighted_v1,High,16,False
,,0.0,0.0,0.0,4.0,23.0,0.0,23.0,16.0,169.0,1.0,25.2,33.2,41.2,41.2,00-0037085,Tyler Badie,RB,DEN,28,0.86,bull,2026,weighted_v1,High,16,False
,,0.0,0.0,0.0,0.0,0.0,0.0,22.0,17.0,175.0,1.1,24.1,32.6,41.1,49.6,00-0037086,Grant Calcaterra,TE,PHI,28,1.02,bear,2026,weighted_v1,Medium,9,False
,,0.0,0.0,0.0,0.0,0.0,0.0,16.0,12.0,126.0,1.1,19.2,25.2,31.2,37.2,00-0037086,Grant Calcaterra,TE,PHI,28,1.02,base,2026,weighted_v1,Medium,9,False
,,0.0,0.0,0.0,0.0,0.0,0.0,24.0,18.0,185.0,1.9,29.9,38.9,47.9,56.9,00-0037086,Grant Calcaterra,TE,PHI,28,1.02,bull,2026,weighted_v1,Medium,9,False
,,0.0,0.0,0.0,0.0,0.0,0.0,12.0,7.0,156.0,0.3,17.4,20.9,24.4,24.4,00-0037093,Dareke Young,WR,SEA,27,1.03,bear,2026,weighted_v1,Medium,8,False
,,0.0,0.0,0.0,0.0,0.0,0.0,9.0,5.0,111.0,0.3,12.9,15.4,17.9,17.9,00-0037093,Dareke Young,WR,SEA,27,1.03,base,2026,weighted_v1,Medium,8,False
,,0.0,0.0,0.0,0.0,0.0,0.0,17.0,10.0,223.0,0.6,25.9,30.9,35.9,35.9,00-0037093,Dareke Young,WR,SEA,27,1.03,bull,2026,weighted_v1,Medium,8,False
,,0.0,0.0,0.0,0.0,0.0,0.0,48.0,35.0,302.0,3.1,48.8,66.3,83.8,101.3,00-0037112,Jake Tonges,TE,SF,27,1.01,bear,2026,weighted_v1,Medium,10,False
,,0.0,0.0,0.0,0.0,0.0,0.0,61.0,44.0,381.0,5.1,68.7,90.7,112.7,134.7,00-0037112,Jake Tonges,TE,SF,27,1.01,base,2026,weighted_v1,Medium,10,False
,,0.0,0.0,0.0,0.0,0.0,0.0,71.0,51.0,439.0,8.0,91.9,117.4,142.9,168.4,00-0037112,Jake Tonges,TE,SF,27,1.01,bull,2026,weighted_v1,Medium,10,False
,,0.0,0.0,0.0,0.0,0.0,0.0,10.0,7.0,48.0,0.3,6.6,10.1,13.6,13.6,00-0037132,Britain Covey,WR,PHI,29,0.98,bear,2026,weighted_v1,Low,6,False
,,0.0,0.0,0.0,0.0,0.0,0.0,7.0,5.0,35.0,0.3,5.3,7.8,10.3,10.3,00-0037132,Britain Covey,WR,PHI,29,0.98,base,2026,weighted_v1,Low,6,False
,,0.0,0.0,0.0,0.0,0.0,0.0,6.0,4.0,30.0,0.3,4.8,6.8,8.8,8.8,00-0037132,Britain Covey,WR,PHI,29,0.98,bull,2026,weighted_v1,Low,6,False
,,0.0,0.0,0.0,0.0,0.0,0.0,12.0,0.0,0.0,0.3,1.8,1.8,1.8,1.8,00-0037156,Irvin Charles,WR,NYJ,29,0.98,bear,2026,weighted_v1,Medium,8,False
,,0.0,0.0,0.0,0.0,0.0,0.0,8.0,0.0,0.0,0.3,1.8,1.8,1.8,1.8,00-0037156,Irvin Charles,WR,NYJ,29,0.98,base,2026,weighted_v1,Medium,8,False
,,0.0,0.0,0.0,0.0,0.0,0.0,6.0,0.0,0.0,0.3,1.8,1.8,1.8,1.8,00-0037156,Irvin Charles,WR,NYJ,29,0.98,bull,2026,weighted_v1,Medium,8,False
,,0.0,0.0,0.0,61.0,205.0,2.6,18.0,13.0,83.0,0.4,46.8,53.3,59.8,59.8,00-0037157,Bam Knight,RB,ARI,25,1.02,bear,2026,weighted_v1,Medium,12,False
,,0.0,0.0,0.0,127.0,426.0,5.3,34.0,25.0,244.0,1.1,105.4,117.9,130.4,130.4,00-0037157,Bam Knight,RB,ARI,25,1.02,base,2026,weighted_v1,Medium,12,False
,,0.0,0.0,0.0,158.0,531.0,6.6,41.0,30.0,243.0,1.7,127.2,142.2,157.2,157.2,00-0037157,Bam Knight,RB,ARI,25,1.02,bull,2026,weighted_v1,Medium,12,False
,,0.0,0.0,0.0,0.0,0.0,0.0,8.0,7.0,83.0,0.2,9.5,13.0,16.5,20.0,00-0037168,Armani Rogers,TE,WAS,29,1.02,bear,2026,weighted_v1,Medium,9,False
,,0.0,0.0,0.0,0.0,0.0,0.0,7.0,6.0,68.0,0.2,8.0,11.0,14.0,17.0,00-0037168,Armani Rogers,TE,WAS,29,1.02,base,2026,weighted_v1,Medium,9,False
,,0.0,0.0,0.0,0.0,0.0,0.0,5.0,4.0,50.0,0.2,6.2,8.2,10.2,12.2,00-0037168,Armani Rogers,TE,WAS,29,1.02,bull,2026,weighted_v1,Medium,9,False
,,0.0,0.0,0.0,95.0,384.0,1.4,4.0,2.0,0.0,0.1,47.4,48.4,49.4,49.4,00-0037197,Isiah Pacheco,RB,KC,28,0.86,bear,2026,weighted_v1,Medium,13,False
,,0.0,0.0,0.0,119.0,478.0,1.8,25.0,19.0,42.0,0.6,66.4,75.9,85.4,85.4,00-0037197,Isiah Pacheco,RB,KC,28,0.86,base,2026,weighted_v1,Medium,13,False
,,0.0,0.0,0.0,142.0,572.0,2.1,27.0,20.0,133.0,0.9,88.5,98.5,108.5,108.5,00-0037197,Isiah Pacheco,RB,KC,28,0.86,bull,2026,weighted_v1,Medium,13,False
,,0.0,0.0,0.0,161.0,735.0,3.9,33.0,28.0,120.0,0.6,112.5,126.5,140.5,140.5,00-0037228,Jaylen Warren,RB,PIT,28,0.86,bear,2026,weighted_v1,High,16,False
,,0.0,0.0,0.0,197.0,901.0,4.8,27.0,23.0,138.0,0.7,136.9,148.4,159.9,159.9,00-0037228,Jaylen Warren,RB,PIT,28,0.86,base,2026,weighted_v1,High,16,False
,,0.0,0.0,0.0,212.0,968.0,5.1,41.0,35.0,323.0,1.2,166.9,184.4,201.9,201.9,00-0037228,Jaylen Warren,RB,PIT,28,0.86,bull,2026,weighted_v1,High,16,False
,,0.0,0.0,0.0,0.0,0.0,0.0,151.0,93.0,1228.0,6.5,161.8,208.3,254.8,254.8,00-0037238,Drake London,WR,ATL,25,0.99,bear,2026,weighted_v1,Medium,12,False
,,0.0,0.0,0.0,0.0,0.0,0.0,125.0,76.0,1010.0,6.9,142.4,180.4,218.4,218.4,00-0037238,Drake London,WR,ATL,25,0.99,base,2026,weighted_v1,Medium,12,False
,,0.0,0.0,0.0,0.0,0.0,0.0,110.0,68.0,895.0,8.8,142.3,176.3,210.3,210.3,00-0037238,Drake London,WR,ATL,25,0.99,bull,2026,weighted_v1,Medium,12,False
,,0.0,0.0,0.0,0.0,0.0,0.0,141.0,92.0,1114.0,5.8,146.2,192.2,238.2,238.2,00-0037239,Chris Olave,WR,NO,26,1.02,bear,2026,weighted_v1,High,16,False
,,0.0,0.0,0.0,0.0,0.0,0.0,144.0,94.0,1139.0,8.3,163.7,210.7,257.7,257.7,00-0037239,Chris Olave,WR,NO,26,1.02,base,2026,weighted_v1,High,16,False
,,0.0,0.0,0.0,0.0,0.0,0.0,148.0,97.0,1172.0,10.2,178.4,226.9,275.4,275.4,00-0037239,Chris Olave,WR,NO,26,1.02,bull,2026,weighted_v1,High,16,False
,,0.0,0.0,0.0,0.0,0.0,0.0,65.0,42.0,701.0,3.5,91.1,112.1,133.1,133.1,00-0037240,Jameson Williams,WR,DET,25,0.99,bear,2026,weighted_v1,High,17,False
,,0.0,0.0,0.0,0.0,0.0,0.0,102.0,64.0,1084.0,8.2,157.6,189.6,221.6,221.6,00-0037240,Jameson Williams,WR,DET,25,0.99,base,2026,weighted_v1,High,17,False
,,0.0,0.0,0.0,0.0,0.0,0.0,94.0,59.0,1006.0,9.4,157.0,186.5,216.0,216.0,00-0037240,Jameson Williams,WR,DET,25,0.99,bull,2026,weighted_v1,High,17,False
,,0.0,0.0,0.0,0.0,0.0,0.0,131.0,84.0,1313.0,5.4,163.7,205.7,247.7,247.7,00-0037247,George Pickens,WR,DAL,25,0.99,bear,2026,weighted_v1,High,17,False
,,0.0,0.0,0.0,0.0,0.0,0.0,140.0,90.0,1405.0,8.2,189.7,234.7,279.7,279.7,00-0037247,George Pickens,WR,DAL,25,0.99,base,2026,weighted_v1,High,17,False
,,0.0,0.0,0.0,0.0,0.0,0.0,110.0,71.0,1107.0,8.2,159.9,195.4,230.9,230.9,00-0037247,George Pickens,WR,DAL,25,0.99,bull,2026,weighted_v1,High,17,False
,,0.0,0.0,0.0,256.0,1309.0,11.1,18.0,15.0,54.0,0.8,207.7,215.2,222.7,222.7,00-0037248,James Cook,RB,BUF,27,0.94,bear,2026,weighted_v1,High,17,False
,,0.0,0.0,0.0,288.0,1472.0,12.5,39.0,32.0,144.0,2.4,251.0,267.0,283.0,283.0,00-0037248,James Cook,RB,BUF,27,0.94,base,2026,weighted_v1,High,17,False
,,0.0,0.0,0.0,336.0,1718.0,14.6,34.0,27.0,269.0,2.4,300.7,314.2,327.7,327.7,00-0037248,James Cook,RB,BUF,27,0.94,bull,2026,weighted_v1,High,17,False
,,0.0,0.0,0.0,0.0,0.0,0.0,49.0,34.0,388.0,1.9,50.2,67.2,84.2,101.2,00-0037252,Greg Dulcich,TE,MIA,26,0.98,bear,2026,weighted_v1,Medium,9,False
,,0.0,0.0,0.0,0.0,0.0,0.0,51.0,36.0,406.0,2.4,55.0,73.0,91.0,109.0,00-0037252,Greg Dulcich,TE,MIA,26,0.98,base,2026,weighted_v1,Medium,9,False
,,0.0,0.0,0.0,0.0,0.0,0.0,41.0,29.0,327.0,2.4,47.1,61.6,76.1,90.6,00-0037252,Greg Dulcich,TE,MIA,26,0.98,bull,2026,weighted_v1,Medium,9,False
,,0.0,0.0,0.0,73.0,303.0,1.8,33.0,29.0,65.0,1.0,53.6,68.1,82.6,82.6,00-0037256,Rachaad White,RB,TB,28,0.86,bear,2026,weighted_v1,High,17,False
,,0.0,0.0,0.0,102.0,424.0,2.6,25.0,22.0,138.0,1.0,77.8,88.8,99.8,99.8,00-0037256,Rachaad White,RB,TB,28,0.86,base,2026,weighted_v1,High,17,False
,,0.0,0.0,0.0,146.0,605.0,3.7,31.0,27.0,215.0,1.6,113.8,127.3,140.8,140.8,00-0037256,Rachaad White,RB,TB,28,0.86,bull,2026,weighted_v1,High,17,False
,,0.0,0.0,0.0,0.0,0.0,0.0,79.0,60.0,643.0,2.9,81.7,111.7,141.7,141.7,00-0037261,Khalil Shakir,WR,BUF,27,1.03,bear,2026,weighted_v1,High,16,False
,,0.0,0.0,0.0,0.0,0.0,0.0,72.0,55.0,583.0,3.7,80.5,108.0,135.5,135.5,00-0037261,Khalil Shakir,WR,BUF,27,1.03,base,2026,weighted_v1,High,16,False
,,0.0,0.0,0.0,0.0,0.0,0.0,101.0,77.0,825.0,6.0,118.5,157.0,195.5,195.5,00-0037261,Khalil Shakir,WR,BUF,27,1.03,bull,2026,weighted_v1,High,16,False
,,0.0,0.0,0.0,68.0,270.0,2.7,0.0,0.0,0.0,0.0,43.2,43.2,43.2,43.2,00-0037263,Tyler Allgeier,RB,ATL,26,1.0,bear,2026,weighted_v1,High,17,False
,,0.0,0.0,0.0,170.0,674.0,6.7,17.0,15.0,0.0,0.2,108.8,116.3,123.8,123.8,00-0037263,Tyler Allgeier,RB,ATL,26,1.0,base,2026,weighted_v1,High,17,False
,,0.0,0.0,0.0,187.0,742.0,7.4,24.0,21.0,71.0,0.4,128.1,138.6,149.1,149.1,00-0037263,Tyler Allgeier,RB,ATL,26,1.0,bull,2026,weighted_v1,High,17,False
,,0.0,0.0,0.0,15.0,65.0,0.3,21.0,17.0,0.0,0.2,9.5,18.0,26.5,26.5,00-0037267,Jerome Ford,RB,CLE,27,0.94,bear,2026,weighted_v1,Medium,13,False
,,0.0,0.0,0.0,28.0,120.0,0.5,25.0,20.0,137.0,0.4,31.1,41.1,51.1,51.1,00-0037267,Jerome Ford,RB,CLE,27,0.94,base,2026,weighted_v1,Medium,13,False
,,0.0,0.0,0.0,40.0,176.0,0.8,29.0,24.0,146.0,0.5,40.0,52.0,64.0,64.0,00-0037267,Jerome Ford,RB,CLE,27,0.94,bull,2026,weighted_v1,Medium,13,False
,,0.0,0.0,0.0,0.0,0.0,0.0,15.0,10.0,115.0,0.3,13.3,18.3,23.3,23.3,00-0037273,Kyle Philips,WR,TEN,27,1.03,bear,2026,weighted_v1,Medium,8,False
,,0.0,0.0,0.0,0.0,0.0,0.0,11.0,7.0,82.0,0.3,10.0,13.5,17.0,17.0,00-0037273,Kyle Philips,WR,TEN,27,1.03,base,2026,weighted_v1,Medium,8,False
,,0.0,0.0,0.0,0.0,0.0,0.0,8.0,6.0,64.0,0.3,8.2,11.2,14.2,14.2,00-0037273,Kyle Philips,WR,TEN,27,1.03,bull,2026,weighted_v1,Medium,8,False
,,0.0,0.0,0.0,0.0,0.0,0.0,22.0,13.0,194.0,1.2,26.6,33.1,39.6,39.6,00-0037291,Jalen Nailor,WR,MIN,28,1.02,bear,2026,weighted_v1,High,17,False
,,0.0,0.0,0.0,0.0,0.0,0.0,50.0,29.0,434.0,3.7,65.6,80.1,94.6,94.6,00-0037291,Jalen Nailor,WR,MIN,28,1.02,base,2026,weighted_v1,High,17,False
,,0.0,0.0,0.0,0.0,0.0,0.0,48.0,28.0,418.0,4.9,71.2,85.2,99.2,99.2,00-0037291,Jalen Nailor,WR,MIN,28,1.02,bull,2026,weighted_v1,High,17,False
,,0.0,0.0,0.0,0.0,0.0,0.0,8.0,5.0,52.0,0.5,8.2,10.7,13.2,15.7,00-0037292,Andrew Ogletree,TE,IND,28,1.02,bear,2026,weighted_v1,Medium,11,False
,,0.0,0.0,0.0,0.0,0.0,0.0,7.0,4.0,44.0,0.5,7.4,9.4,11.4,13.4,00-0037292,Andrew Ogletree,TE,IND,28,1.02,base,2026,weighted_v1,Medium,11,False
,,0.0,0.0,0.0,0.0,0.0,0.0,15.0,9.0,99.0,1.7,20.1,24.6,29.1,33.6,00-0037292,Andrew Ogletree,TE,IND,28,1.02,bull,2026,weighted_v1,Medium,11,False
,,0.0,0.0,0.0,0.0,0.0,0.0,0.0,0.0,0.0,0.0,0.0,0.0,0.0,0.0,00-0037304,Connor Heyward,TE,PIT,28,1.02,bear,2026,weighted_v1,High,14,False
,,0.0,0.0,0.0,0.0,0.0,0.0,0.0,0.0,0.0,0.0,0.0,0.0,0.0,0.0,00-0037304,Connor Heyward,TE,PIT,28,1.02,base,2026,weighted_v1,High,14,False
,,0.0,0.0,0.0,0.0,0.0,0.0,9.0,6.0,49.0,1.0,10.9,13.9,16.9,19.9,00-0037304,Connor Heyward,TE,PIT,28,1.02,bull,2026,weighted_v1,High,14,False
,,0.0,0.0,0.0,0.0,0.0,0.0,24.0,21.0,107.0,1.0,16.7,27.2,37.7,48.2,00-0037306,John FitzPatrick,TE,GB,26,0.98,bear,2026,weighted_v1,Medium,11,False
,,0.0,0.0,0.0,0.0,0.0,0.0,19.0,17.0,83.0,1.0,14.3,22.8,31.3,39.8,00-0037306,John FitzPatrick,TE,GB,26,0.98,base,2026,weighted_v1,Medium,11,False
,,0.0,0.0,0.0,0.0,0.0,0.0,18.0,15.0,80.0,1.4,16.4,23.9,31.4,38.9,00-0037306,John FitzPatrick,TE,GB,26,0.98,bull,2026,weighted_v1,Medium,11,False
,,0.0,0.0,0.0,0.0,0.0,0.0,21.0,13.0,116.0,0.6,15.2,21.7,28.2,34.7,00-0037348,Tanner Conner,TE,MIA,28,1.02,bear,2026,weighted_v1,Medium,8,False
,,0.0,0.0,0.0,0.0,0.0,0.0,30.0,17.0,158.0,1.0,21.8,30.3,38.8,47.3,00-0037348,Tanner Conner,TE,MIA,28,1.02,base,2026,weighted_v1,Medium,8,False
,,0.0,0.0,0.0,0.0,0.0,0.0,27.0,15.0,141.0,1.1,20.7,28.2,35.7,43.2,00-0037348,Tanner Conner,TE,MIA,28,1.02,bull,2026,weighted_v1,Medium,8,False
,,0.0,0.0,0.0,0.0,0.0,0.0,8.0,6.0,62.0,0.2,7.4,10.4,13.4,16.4,00-0037475,Stone Smartt,TE,NYJ,28,1.02,bear,2026,weighted_v1,Low,6,False
,,0.0,0.0,0.0,0.0,0.0,0.0,11.0,9.0,86.0,0.4,11.0,15.5,20.0,24.5,00-0037475,Stone Smartt,TE,NYJ,28,1.02,base,2026,weighted_v1,Low,6,False
,,0.0,0.0,0.0,0.0,0.0,0.0,29.0,22.0,216.0,1.4,30.0,41.0,52.0,63.0,00-0037475,Stone Smartt,TE,NYJ,28,1.02,bull,2026,weighted_v1,Low,6,False
,,0.0,0.0,0.0,0.0,0.0,0.0,13.0,10.0,70.0,0.3,8.8,13.8,18.8,18.8,00-0037487,Deven Thompkins,WR,ATL,27,1.03,bear,2026,weighted_v1,Low,7,False
,,0.0,0.0,0.0,0.0,0.0,0.0,10.0,8.0,54.0,0.3,7.2,11.2,15.2,15.2,00-0037487,Deven Thompkins,WR,ATL,27,1.03,base,2026,weighted_v1,Low,7,False
,,0.0,0.0,0.0,0.0,0.0,0.0,12.0,10.0,66.0,0.5,9.6,14.6,19.6,19.6,00-0037487,Deven Thompkins,WR,ATL,27,1.03,bull,2026,weighted_v1,Low,7,False
,,0.0,0.0,0.0,96.0,474.0,3.1,0.0,0.0,0.0,0.0,66.0,66.0,66.0,66.0,00-0037525,Jordan Mason,RB,MIN,27,0.94,bear,2026,weighted_v1,High,16,False
,,0.0,0.0,0.0,160.0,789.0,5.2,15.0,13.0,15.0,0.4,114.0,120.5,127.0,127.0,00-0037525,Jordan Mason,RB,MIN,27,0.94,base,2026,weighted_v1,High,16,False
,,0.0,0.0,0.0,228.0,1125.0,7.4,11.0,9.0,67.0,0.4,166.0,170.5,175.0,175.0,00-0037525,Jordan Mason,RB,MIN,27,0.94,bull,2026,weighted_v1,High,16,False
,,0.0,0.0,0.0,0.0,0.0,0.0,47.0,28.0,385.0,1.7,48.7,62.7,76.7,76.7,00-0037545,Rashid Shaheed,WR,SEA,28,1.02,bear,2026,weighted_v1,High,18,False
,,0.0,0.0,0.0,0.0,0.0,0.0,74.0,43.0,607.0,3.9,84.1,105.6,127.1,127.1,00-0037545,Rashid Shaheed,WR,SEA,28,1.02,base,2026,weighted_v1,High,18,False
,,0.0,0.0,0.0,0.0,0.0,0.0,82.0,48.0,675.0,5.2,98.7,122.7,146.7,146.7,00-0037545,Rashid Shaheed,WR,SEA,28,1.02,bull,2026,weighted_v1,High,18,False
,,0.0,0.0,0.0,40.0,189.0,1.5,4.0,1.0,0.0,0.0,27.9,28.4,28.9,28.9,00-0037563,Malik Davis,RB,DAL,28,0.86,bear,2026,weighted_v1,Medium,10,False
,,0.0,0.0,0.0,49.0,231.0,1.8,3.0,1.0,0.0,0.0,33.9,34.4,34.9,34.9,00-0037563,Malik Davis,RB,DAL,28,0.86,base,2026,weighted_v1,Medium,10,False
,,0.0,0.0,0.0,95.0,453.0,3.6,2.0,1.0,0.0,0.0,66.9,67.4,67.9,67.9,00-0037563,Malik Davis,RB,DAL,28,0.86,bull,2026,weighted_v1,Medium,10,False
,,0.0,0.0,0.0,0.0,0.0,0.0,30.0,21.0,182.0,1.0,24.2,34.7,45.2,45.2,00-0037614,John Metchie III,WR,NYJ,26,1.02,bear,2026,weighted_v1,Medium,13,False
,,0.0,0.0,0.0,0.0,0.0,0.0,44.0,29.0,264.0,2.3,40.2,54.7,69.2,69.2,00-0037614,John Metchie III,WR,NYJ,26,1.02,base,2026,weighted_v1,Medium,13,False
,,0.0,0.0,0.0,0.0,0.0,0.0,55.0,36.0,332.0,3.5,54.2,72.2,90.2,90.2,00-0037614,John Metchie III,WR,NYJ,26,1.02,bull,2026,weighted_v1,Medium,13,False
,,0.0,0.0,0.0,0.0,0.0,0.0,90.0,49.0,1023.0,5.0,132.3,156.8,181.3,181.3,00-0037664,Alec Pierce,WR,IND,26,1.02,bear,2026,weighted_v1,High,15,False
,,0.0,0.0,0.0,0.0,0.0,0.0,95.0,51.0,1074.0,6.2,144.6,170.1,195.6,195.6,00-0037664,Alec Pierce,WR,IND,26,1.02,base,2026,weighted_v1,High,15,False
,,0.0,0.0,0.0,0.0,0.0,0.0,93.0,51.0,1062.0,8.7,158.4,183.9,209.4,209.4,00-0037664,Alec Pierce,WR,IND,26,1.02,bull,2026,weighted_v1,High,15,False
,,0.0,0.0,0.0,0.0,0.0,0.0,30.0,17.0,205.0,1.3,28.3,36.8,45.3,45.3,00-0037666,Jalen Tolbert,WR,DAL,28,1.02,bear,2026,weighted_v1,Medium,12,False
,,0.0,0.0,0.0,0.0,0.0,0.0,34.0,19.0,233.0,2.0,35.3,44.8,54.3,54.3,00-0037666,Jalen Tolbert,WR,DAL,28,1.02,base,2026,weighted_v1,Medium,12,False
,,0.0,0.0,0.0,0.0,0.0,0.0,53.0,30.0,355.0,3.9,58.9,73.9,88.9,88.9,00-0037666,Jalen Tolbert,WR,DAL,28,1.02,bull,2026,weighted_v1,Medium,12,False
,,0.0,0.0,0.0,0.0,0.0,0.0,134.0,83.0,914.0,5.6,125.0,166.5,208.0,208.0,00-0037740,Garrett Wilson,WR,NYJ,26,1.02,bear,2026,weighted_v1,Medium,7,True
,,0.0,0.0,0.0,0.0,0.0,0.0,102.0,63.0,693.0,6.4,107.7,139.2,170.7,170.7,00-0037740,Garrett Wilson,WR,NYJ,26,1.02,base,2026,weighted_v1,Medium,7,True
,,0.0,0.0,0.0,0.0,0.0,0.0,103.0,64.0,704.0,7.9,117.8,149.8,181.8,181.8,00-0037740,Garrett Wilson,WR,NYJ,26,1.02,bull,2026,weighted_v1,Medium,7,True
,,0.0,0.0,0.0,0.0,0.0,0.0,19.0,10.0,137.0,0.8,18.5,23.5,28.5,28.5,00-0037741,Jahan Dotson,WR,PHI,26,1.02,bear,2026,weighted_v1,High,15,False
,,0.0,0.0,0.0,0.0,0.0,0.0,28.0,15.0,196.0,1.5,28.6,36.1,43.6,43.6,00-0037741,Jahan Dotson,WR,PHI,26,1.02,base,2026,weighted_v1,High,15,False
,,0.0,0.0,0.0,0.0,0.0,0.0,36.0,20.0,255.0,2.3,39.3,49.3,59.3,59.3,00-0037741,Jahan Dotson,WR,PHI,26,1.02,bull,2026,weighted_v1,High,15,False
,,0.0,0.0,0.0,0.0,0.0,0.0,39.0,20.0,239.0,1.4,32.3,42.3,52.3,52.3,00-0037742,Treylon Burks,WR,WAS,26,1.02,bear,2026,weighted_v1,Medium,8,False
,,0.0,0.0,0.0,0.0,0.0,0.0,42.0,21.0,254.0,1.8,36.2,46.7,57.2,57.2,00-0037742,Treylon Burks,WR,WAS,26,1.02,base,2026,weighted_v1,Medium,8,False
,,0.0,0.0,0.0,0.0,0.0,0.0,46.0,22.0,277.0,2.7,43.9,54.9,65.9,65.9,00-0037742,Treylon Burks,WR,WAS,26,1.02,bull,2026,weighted_v1,Medium,8,False
,,0.0,0.0,0.0,0.0,0.0,0.0,175.0,131.0,1310.0,6.5,170.0,235.5,301.0,366.5,00-0037744,Trey McBride,TE,ARI,27,1.01,bear,2026,weighted_v1,High,17,False
,,0.0,0.0,0.0,0.0,0.0,0.0,141.0,105.0,1048.0,7.3,148.6,201.1,253.6,306.1,00-0037744,Trey McBride,TE,ARI,27,1.01,base,2026,weighted_v1,High,17,False
,,0.0,0.0,0.0,0.0,0.0,0.0,132.0,99.0,989.0,9.0,152.9,202.4,251.9,301.4,00-0037744,Trey McBride,TE,ARI,27,1.01,bull,2026,weighted_v1,High,17,False
,,0.0,0.0,0.0,64.0,271.0,1.9,0.0,0.0,0.0,0.0,38.5,38.5,38.5,38.5,00-0037746,Brian Robinson,RB,SF,27,0.94,bear,2026,weighted_v1,High,17,False
,,0.0,0.0,0.0,80.0,338.0,2.4,0.0,0.0,0.0,0.0,48.2,48.2,48.2,48.2,00-0037746,Brian Robinson,RB,SF,27,0.94,base,2026,weighted_v1,High,17,False
,,0.0,0.0,0.0,128.0,541.0,3.8,12.0,9.0,47.0,0.4,84.0,88.5,93.0,93.0,00-0037746,Brian Robinson,RB,SF,27,0.94,bull,2026,weighted_v1,High,17,False
,,0.0,0.0,0.0,0.0,0.0,0.0,42.0,27.0,387.0,1.7,48.9,62.4,75.9,75.9,00-0037801,KaVontae Turpin,WR,DAL,30,0.93,bear,2026,weighted_v1,High,15,False
,,0.0,0.0,0.0,0.0,0.0,0.0,30.0,19.0,276.0,1.7,37.8,47.3,56.8,56.8,00-0037801,KaVontae Turpin,WR,DAL,30,0.93,base,2026,weighted_v1,High,15,False
,,0.0,0.0,0.0,0.0,0.0,0.0,40.0,26.0,382.0,3.0,56.2,69.2,82.2,82.2,00-0037801,KaVontae Turpin,WR,DAL,30,0.93,bull,2026,weighted_v1,High,15,False
,,0.0,0.0,0.0,0.0,0.0,0.0,22.0,16.0,121.0,0.7,16.3,24.3,32.3,40.3,00-0037805,Jeremy Ruckert,TE,NYJ,26,0.98,bear,2026,weighted_v1,High,14,False
,,0.0,0.0,0.0,0.0,0.0,0.0,28.0,22.0,160.0,1.3,23.8,34.8,45.8,56.8,00-0037805,Jeremy Ruckert,TE,NYJ,26,0.98,base,2026,weighted_v1,High,14,False
,,0.0,0.0,0.0,0.0,0.0,0.0,35.0,26.0,195.0,2.0,31.5,44.5,57.5,70.5,00-0037805,Jeremy Ruckert,TE,NYJ,26,0.98,bull,2026,weighted_v1,High,14,False
,,0.0,0.0,0.0,0.0,0.0,0.0,65.0,46.0,457.0,1.3,53.5,76.5,99.5,122.5,00-0037809,Chig Okonkwo,TE,TEN,27,1.01,bear,2026,weighted_v1,High,17,False
,,0.0,0.0,0.0,0.0,0.0,0.0,77.0,55.0,543.0,2.2,67.5,95.0,122.5,150.0,00-0037809,Chig Okonkwo,TE,TEN,27,1.01,base,2026,weighted_v1,High,17,False
,,0.0,0.0,0.0,0.0,0.0,0.0,72.0,52.0,511.0,2.7,67.3,93.3,119.3,145.3,00-0037809,Chig Okonkwo,TE,TEN,27,1.01,bull,2026,weighted_v1,High,17,False
,,0.0,0.0,0.0,0.0,0.0,0.0,66.0,42.0,536.0,3.5,74.6,95.6,116.6,116.6,00-0037816,Romeo Doubs,WR,GB,26,1.02,bear,2026,weighted_v1,High,16,False
,,0.0,0.0,0.0,0.0,0.0,0.0,76.0,49.0,624.0,5.2,93.6,118.1,142.6,142.6,00-0037816,Romeo Doubs,WR,GB,26,1.02,base,2026,weighted_v1,High,16,False
,,0.0,0.0,0.0,0.0,0.0,0.0,97.0,62.0,794.0,9.3,135.2,166.2,197.2,197.2,00-0037816,Romeo Doubs,WR,GB,26,1.02,bull,2026,weighted_v1,High,16,False
,,0.0,0.0,0.0,0.0,0.0,0.0,13.0,1.0,20.0,0.3,3.8,4.3,4.8,4.8,00-0037828,Danny Gray,WR,SF,27,1.03,bear,2026,weighted_v1,Low,7,False
,,0.0,0.0,0.0,0.0,0.0,0.0,10.0,1.0,15.0,0.3,3.3,3.8,4.3,4.3,00-0037828,Danny Gray,WR,SF,27,1.03,base,2026,weighted_v1,Low,7,False
,,0.0,0.0,0.0,0.0,0.0,0.0,7.0,1.0,11.0,0.3,2.9,3.4,3.9,3.9,00-0037828,Danny Gray,WR,SF,27,1.03,bull,2026,weighted_v1,Low,7,False
477.0,326.0,3860.0,26.2,14.9,62.0,272.0,5.0,0.0,0.0,0.0,0.0,286.6,286.6,286.6,286.6,00-0037834,Brock Purdy,QB,SF,27,1.0,bear,2026,weighted_v1,Medium,9,False
518.0,354.0,4191.0,28.5,16.2,62.0,272.0,5.0,0.0,0.0,0.0,0.0,306.4,306.4,306.4,306.4,00-0037834,Brock Purdy,QB,SF,27,1.0,base,2026,weighted_v1,Medium,9,False
545.0,373.0,4411.0,30.0,17.1,62.0,272.0,5.0,0.0,0.0,0.0,0.0,319.4,319.4,319.4,319.4,00-0037834,Brock Purdy,QB,SF,27,1.0,bull,2026,weighted_v1,Medium,9,False
,,0.0,0.0,0.0,0.0,0.0,0.0,40.0,23.0,295.0,2.0,41.5,53.0,64.5,64.5,00-0037837,Calvin Austin III,WR,PIT,27,1.03,bear,2026,weighted_v1,High,14,False
,,0.0,0.0,0.0,0.0,0.0,0.0,57.0,33.0,425.0,4.4,68.9,85.4,101.9,101.9,00-0037837,Calvin Austin III,WR,PIT,27,1.03,base,2026,weighted_v1,High,14,False
,,0.0,0.0,0.0,0.0,0.0,0.0,74.0,43.0,545.0,5.9,89.9,111.4,132.9,132.9,00-0037837,Calvin Austin III,WR,PIT,27,1.03,bull,2026,weighted_v1,High,14,False
,,0.0,0.0,0.0,0.0,0.0,0.0,42.0,30.0,348.0,2.0,46.8,61.8,76.8,91.8,00-0037838,Isaiah Likely,TE,BAL,26,0.98,bear,2026,weighted_v1,Medium,12,False
,,0.0,0.0,0.0,0.0,0.0,0.0,42.0,31.0,359.0,2.8,52.7,68.2,83.7,99.2,00-0037838,Isaiah Likely,TE,BAL,26,0.98,base,2026,weighted_v1,Medium,12,False
,,0.0,0.0,0.0,0.0,0.0,0.0,41.0,30.0,352.0,3.6,56.8,71.8,86.8,101.8,00-0037838,Isaiah Likely,TE,BAL,26,0.98,bull,2026,weighted_v1,Medium,12,False
,,0.0,0.0,0.0,221.0,1022.0,9.3,43.0,32.0,108.0,1.9,180.2,196.2,212.2,212.2,00-0037840,Kyren Williams,RB,LA,26,1.0,bear,2026,weighted_v1,High,17,False
,,0.0,0.0,0.0,221.0,1022.0,9.3,30.0,22.0,195.0,1.9,188.9,199.9,210.9,210.9,00-0037840,Kyren Williams,RB,LA,26,1.0,base,2026,weighted_v1,High,17,False
,,0.0,0.0,0.0,289.0,1336.0,12.1,36.0,27.0,214.0,2.9,245.0,258.5,272.0,272.0,00-0037840,Kyren Williams,RB,LA,26,1.0,bull,2026,weighted_v1,High,17,False
,,0.0,0.0,0.0,0.0,0.0,0.0,90.0,69.0,549.0,3.7,77.1,111.6,146.1,180.6,00-0038041,Jake Ferguson,TE,DAL,28,1.02,bear,2026,weighted_v1,High,17,False
,,0.0,0.0,0.0,0.0,0.0,0.0,96.0,73.0,587.0,5.6,92.3,128.8,165.3,201.8,00-0038041,Jake Ferguson,TE,DAL,28,1.02,base,2026,weighted_v1,High,17,False
,,0.0,0.0,0.0,0.0,0.0,0.0,88.0,67.0,539.0,6.5,92.9,126.4,159.9,193.4,00-0038041,Jake Ferguson,TE,DAL,28,1.02,bull,2026,weighted_v1,High,17,False
,,0.0,0.0,0.0,0.0,0.0,0.0,25.0,18.0,247.0,1.5,33.7,42.7,51.7,60.7,00-0038046,Charlie Kolar,TE,BAL,28,1.02,bear,2026,weighted_v1,Medium,13,False
,,0.0,0.0,0.0,0.0,0.0,0.0,18.0,13.0,181.0,1.5,27.1,33.6,40.1,46.6,00-0038046,Charlie Kolar,TE,BAL,28,1.02,base,2026,weighted_v1,Medium,13,False
,,0.0,0.0,0.0,0.0,0.0,0.0,14.0,10.0,137.0,1.5,22.7,27.7,32.7,37.7,00-0038046,Charlie Kolar,TE,BAL,28,1.02,bull,2026,weighted_v1,Medium,13,False
,,0.0,0.0,0.0,0.0,0.0,0.0,0.0,0.0,0.0,0.0,0.0,0.0,0.0,0.0,00-0038090,Skyy Moore,WR,SF,26,1.02,bear,2026,weighted_v1,High,17,False
,,0.0,0.0,0.0,0.0,0.0,0.0,0.0,0.0,0.0,0.0,0.0,0.0,0.0,0.0,00-0038090,Skyy Moore,WR,SF,26,1.02,base,2026,weighted_v1,High,17,False
,,0.0,0.0,0.0,0.0,0.0,0.0,13.0,6.0,80.0,0.6,11.6,14.6,17.6,17.6,00-0038090,Skyy Moore,WR,SF,26,1.02,bull,2026,weighted_v1,High,17,False
,,0.0,0.0,0.0,42.0,195.0,0.5,22.0,14.0,96.0,0.3,33.9,40.9,47.9,47.9,00-0038098,Pierre Strong,RB,CLE,28,0.86,bear,2026,weighted_v1,Medium,13,False
,,0.0,0.0,0.0,42.0,195.0,0.5,15.0,9.0,64.0,0.3,30.7,35.2,39.7,39.7,00-0038098,Pierre Strong,RB,CLE,28,0.86,base,2026,weighted_v1,Medium,13,False
,,0.0,0.0,0.0,42.0,195.0,0.5,12.0,8.0,52.0,0.3,29.5,33.5,37.5,37.5,00-0038098,Pierre Strong,RB,CLE,28,0.86,bull,2026,weighted_v1,Medium,13,False
189.0,117.0,1063.0,4.8,5.3,27.0,74.0,1.3,0.0,0.0,0.0,0.0,66.3,66.3,66.3,66.3,00-0038102,Kenny Pickett,QB,LV,28,1.02,bear,2026,weighted_v1,Low,6,False
199.0,123.0,1122.0,5.1,5.6,27.0,74.0,1.3,0.0,0.0,0.0,0.0,69.3,69.3,69.3,69.3,00-0038102,Kenny Pickett,QB,LV,28,1.02,base,2026,weighted_v1,Low,6,False
264.0,163.0,1488.0,6.7,7.4,27.0,74.0,1.3,0.0,0.0,0.0,0.0,86.7,86.7,86.7,86.7,00-0038102,Kenny Pickett,QB,LV,28,1.02,bull,2026,weighted_v1,Low,6,False
,,0.0,0.0,0.0,0.0,0.0,0.0,41.0,21.0,385.0,1.8,49.3,59.8,70.3,70.3,00-0038104,Tyquan Thornton,WR,KC,26,1.02,bear,2026,weighted_v1,Medium,12,False
,,0.0,0.0,0.0,0.0,0.0,0.0,42.0,22.0,394.0,2.4,53.8,64.8,75.8,75.8,00-0038104,Tyquan Thornton,WR,KC,26,1.02,base,2026,weighted_v1,Medium,12,False
,,0.0,0.0,0.0,0.0,0.0,0.0,48.0,24.0,450.0,3.7,67.2,79.2,91.2,91.2,00-0038104,Tyquan Thornton,WR,KC,26,1.02,bull,2026,weighted_v1,Medium,12,False
,,0.0,0.0,0.0,0.0,0.0,0.0,25.0,20.0,247.0,1.1,31.3,41.3,51.3,61.3,00-0038115,Daniel Bellinger,TE,NYG,26,0.98,bear,2026,weighted_v1,Medium,13,False
,,0.0,0.0,0.0,0.0,0.0,0.0,33.0,26.0,324.0,1.8,43.2,56.2,69.2,82.2,00-0038115,Daniel Bellinger,TE,NYG,26,0.98,base,2026,weighted_v1,Medium,13,False
,,0.0,0.0,0.0,0.0,0.0,0.0,32.0,25.0,315.0,2.5,46.5,59.0,71.5,84.0,00-0038115,Daniel Bellinger,TE,NYG,26,0.98,bull,2026,weighted_v1,Medium,13,False
,,0.0,0.0,0.0,0.0,0.0,0.0,152.0,103.0,1005.0,3.0,118.5,170.0,221.5,221.5,00-0038117,Wan'Dale Robinson,WR,NYG,26,1.02,bear,2026,weighted_v1,High,16,False
,,0.0,0.0,0.0,0.0,0.0,0.0,149.0,100.0,987.0,3.8,121.5,171.5,221.5,221.5,00-0038117,Wan'Dale Robinson,WR,NYG,26,1.02,base,2026,weighted_v1,High,16,False
,,0.0,0.0,0.0,0.0,0.0,0.0,134.0,90.0,882.0,4.9,117.6,162.6,207.6,207.6,00-0038117,Wan'Dale Robinson,WR,NYG,26,1.02,bull,2026,weighted_v1,High,16,False
,,0.0,0.0,0.0,234.0,1031.0,4.8,45.0,34.0,197.0,1.1,158.2,175.2,192.2,192.2,00-0038120,Breece Hall,RB,NYJ,25,1.02,bear,2026,weighted_v1,High,16,False
,,0.0,0.0,0.0,243.0,1069.0,4.9,45.0,34.0,209.0,1.7,167.4,184.4,201.4,201.4,00-0038120,Breece Hall,RB,NYJ,25,1.02,base,2026,weighted_v1,High,16,False
,,0.0,0.0,0.0,316.0,1394.0,6.4,48.0,36.0,398.0,2.2,230.8,248.8,266.8,266.8,00-0038120,Breece Hall,RB,NYJ,25,1.02,bull,2026,weighted_v1,High,16,False
,,0.0,0.0,0.0,0.0,0.0,0.0,83.0,50.0,884.0,4.9,117.8,142.8,167.8,167.8,00-0038124,Christian Watson,WR,GB,27,1.03,bear,2026,weighted_v1,Medium,10,False
,,0.0,0.0,0.0,0.0,0.0,0.0,78.0,47.0,833.0,5.9,118.7,142.2,165.7,165.7,00-0038124,Christian Watson,WR,GB,27,1.03,base,2026,weighted_v1,Medium,10,False
,,0.0,0.0,0.0,0.0,0.0,0.0,66.0,39.0,700.0,6.9,111.4,130.9,150.4,150.4,00-0038124,Christian Watson,WR,GB,27,1.03,bull,2026,weighted_v1,Medium,10,False
,,0.0,0.0,0.0,0.0,0.0,0.0,78.0,55.0,538.0,1.9,65.2,92.7,120.2,147.7,00-0038129,Cade Otton,TE,TB,27,1.01,bear,2026,weighted_v1,High,15,False
,,0.0,0.0,0.0,0.0,0.0,0.0,74.0,52.0,511.0,2.4,65.5,91.5,117.5,143.5,00-0038129,Cade Otton,TE,TB,27,1.01,base,2026,weighted_v1,High,15,False
,,0.0,0.0,0.0,0.0,0.0,0.0,78.0,55.0,542.0,3.1,72.8,100.3,127.8,155.3,00-0038129,Cade Otton,TE,TB,27,1.01,bull,2026,weighted_v1,High,15,False
,,0.0,0.0,0.0,170.0,737.0,5.4,20.0,17.0,61.0,0.2,113.4,121.9,130.4,130.4,00-0038134,Kenneth Walker III,RB,SEA,26,1.0,bear,2026,weighted_v1,High,17,False
,,0.0,0.0,0.0,221.0,959.0,7.0,29.0,25.0,174.0,0.4,157.7,170.2,182.7,182.7,00-0038134,Kenneth Walker III,RB,SEA,26,1.0,base,2026,weighted_v1,High,17,False
,,0.0,0.0,0.0,272.0,1180.0,8.6,36.0,30.0,345.0,0.6,207.7,222.7,237.7,237.7,00-0038134,Kenneth Walker III,RB,SEA,26,1.0,bull,2026,weighted_v1,High,17,False
,,0.0,0.0,0.0,0.0,0.0,0.0,0.0,0.0,0.0,0.0,0.0,0.0,0.0,0.0,00-0038359,Xavier Smith,WR,LA,29,0.98,bear,2026,weighted_v1,High,16,False
,,0.0,0.0,0.0,0.0,0.0,0.0,15.0,11.0,180.0,0.5,21.0,26.5,32.0,32.0,00-0038359,Xavier Smith,WR,LA,29,0.98,base,2026,weighted_v1,High,16,False
,,0.0,0.0,0.0,0.0,0.0,0.0,26.0,20.0,321.0,1.0,38.1,48.1,58.1,58.1,00-0038359,Xavier Smith,WR,LA,29,0.98,bull,2026,weighted_v1,High,16,False
,,0.0,0.0,0.0,0.0,0.0,0.0,45.0,28.0,320.0,2.0,44.0,58.0,72.0,72.0,00-0038393,Dontayvion Wicks,WR,GB,25,0.99,bear,2026,weighted_v1,Medium,13,False
,,0.0,0.0,0.0,0.0,0.0,0.0,35.0,22.0,249.0,2.0,36.9,47.9,58.9,58.9,00-0038393,Dontayvion Wicks,WR,GB,25,0.99,base,2026,weighted_v1,Medium,13,False
,,0.0,0.0,0.0,0.0,0.0,0.0,44.0,27.0,310.0,3.4,51.4,64.9,78.4,78.4,00-0038393,Dontayvion Wicks,WR,GB,25,0.99,bull,2026,weighted_v1,Medium,13,False
,,0.0,0.0,0.0,44.0,238.0,0.8,4.0,4.0,0.0,0.1,29.2,31.2,33.2,33.2,00-0038454,Keaton Mitchell,RB,BAL,25,1.02,bear,2026,weighted_v1,Medium,13,False
,,0.0,0.0,0.0,72.0,390.0,1.3,16.0,13.0,0.0,0.4,49.2,55.7,62.2,62.2,00-0038454,Keaton Mitchell,RB,BAL,25,1.02,base,2026,weighted_v1,Medium,13,False
,,0.0,0.0,0.0,99.0,541.0,1.8,12.0,10.0,85.0,0.4,75.8,80.8,85.8,85.8,00-0038454,Keaton Mitchell,RB,BAL,25,1.02,bull,2026,weighted_v1,Medium,13,False
,,0.0,0.0,0.0,0.0,0.0,0.0,20.0,16.0,185.0,1.1,25.1,33.1,41.1,41.1,00-0038465,Malik Heath,WR,GB,26,1.02,bear,2026,weighted_v1,Low,7,False
,,0.0,0.0,0.0,0.0,0.0,0.0,23.0,18.0,205.0,1.5,29.5,38.5,47.5,47.5,00-0038465,Malik Heath,WR,GB,26,1.02,base,2026,weighted_v1,Low,7,False
,,0.0,0.0,0.0,0.0,0.0,0.0,16.0,13.0,146.0,1.5,23.6,30.1,36.6,36.6,00-0038465,Malik Heath,WR,GB,26,1.02,bull,2026,weighted_v1,Low,7,False
,,0.0,0.0,0.0,0.0,0.0,0.0,10.0,7.0,47.0,0.4,7.1,10.6,14.1,14.1,00-0038496,Xavier Gipson,WR,PHI,25,0.99,bear,2026,weighted_v1,Low,6,False
,,0.0,0.0,0.0,0.0,0.0,0.0,7.0,5.0,34.0,0.4,5.8,8.3,10.8,10.8,00-0038496,Xavier Gipson,WR,PHI,25,0.99,base,2026,weighted_v1,Low,6,False
,,0.0,0.0,0.0,0.0,0.0,0.0,13.0,10.0,62.0,0.8,11.0,16.0,21.0,21.0,00-0038496,Xavier Gipson,WR,PHI,25,0.99,bull,2026,weighted_v1,Low,6,False
,,0.0,0.0,0.0,0.0,0.0,0.0,0.0,0.0,0.0,0.0,0.0,0.0,0.0,0.0,00-0038519,Nikko Remigio,WR,KC,27,1.03,bear,2026,weighted_v1,High,14,False
,,0.0,0.0,0.0,0.0,0.0,0.0,0.0,0.0,0.0,0.0,0.0,0.0,0.0,0.0,00-0038519,Nikko Remigio,WR,KC,27,1.03,base,2026,weighted_v1,High,14,False
,,0.0,0.0,0.0,0.0,0.0,0.0,0.0,0.0,0.0,0.0,0.0,0.0,0.0,0.0,00-0038519,Nikko Remigio,WR,KC,27,1.03,bull,2026,weighted_v1,High,14,False
,,0.0,0.0,0.0,243.0,1210.0,7.3,67.0,52.0,560.0,1.8,231.6,257.6,283.6,283.6,00-0038542,Bijan Robinson,RB,ATL,25,1.02,bear,2026,weighted_v1,High,17,False
,,0.0,0.0,0.0,295.0,1470.0,8.9,104.0,80.0,679.0,3.7,290.5,330.5,370.5,370.5,00-0038542,Bijan Robinson,RB,ATL,25,1.02,base,2026,weighted_v1,High,17,False
,,0.0,0.0,0.0,347.0,1729.0,10.5,97.0,75.0,825.0,4.9,347.8,385.3,422.8,422.8,00-0038542,Bijan Robinson,RB,ATL,25,1.02,bull,2026,weighted_v1,High,17,False
,,0.0,0.0,0.0,0.0,0.0,0.0,162.0,118.0,1609.0,7.5,205.9,264.9,323.9,323.9,00-0038543,Jaxon Smith-Njigba,WR,SEA,25,0.99,bear,2026,weighted_v1,High,17,False
,,0.0,0.0,0.0,0.0,0.0,0.0,143.0,104.0,1425.0,9.3,198.3,250.3,302.3,302.3,00-0038543,Jaxon Smith-Njigba,WR,SEA,25,0.99,base,2026,weighted_v1,High,17,False
,,0.0,0.0,0.0,0.0,0.0,0.0,141.0,103.0,1407.0,11.2,207.9,259.4,310.9,310.9,00-0038543,Jaxon Smith-Njigba,WR,SEA,25,0.99,bull,2026,weighted_v1,High,17,False
,,0.0,0.0,0.0,0.0,0.0,0.0,82.0,49.0,680.0,5.5,101.0,125.5,150.0,150.0,00-0038544,Quentin Johnston,WR,LAC,25,0.99,bear,2026,weighted_v1,Medium,13,False
,,0.0,0.0,0.0,0.0,0.0,0.0,83.0,50.0,693.0,7.9,116.7,141.7,166.7,166.7,00-0038544,Quentin Johnston,WR,LAC,25,0.99,base,2026,weighted_v1,Medium,13,False
,,0.0,0.0,0.0,0.0,0.0,0.0,82.0,50.0,679.0,10.2,129.1,154.1,179.1,179.1,00-0038544,Quentin Johnston,WR,LAC,25,0.99,bull,2026,weighted_v1,Medium,13,False
,,0.0,0.0,0.0,0.0,0.0,0.0,22.0,14.0,135.0,0.7,17.7,24.7,31.7,38.7,00-0038547,Luke Schoonmaker,TE,DAL,28,1.02,bear,2026,weighted_v1,High,14,False
,,0.0,0.0,0.0,0.0,0.0,0.0,32.0,21.0,194.0,1.4,27.8,38.3,48.8,59.3,00-0038547,Luke Schoonmaker,TE,DAL,28,1.02,base,2026,weighted_v1,High,14,False
,,0.0,0.0,0.0,0.0,0.0,0.0,26.0,17.0,153.0,1.4,23.7,32.2,40.7,49.2,00-0038547,Luke Schoonmaker,TE,DAL,28,1.02,bull,2026,weighted_v1,High,14,False
,,0.0,0.0,0.0,85.0,337.0,1.9,3.0,3.0,0.0,0.1,45.7,47.2,48.7,48.7,00-0038551,Kendre Miller,RB,NO,24,1.01,bear,2026,weighted_v1,Low,7,False
,,0.0,0.0,0.0,112.0,447.0,2.6,14.0,13.0,28.0,0.4,65.5,72.0,78.5,78.5,00-0038551,Kendre Miller,RB,NO,24,1.01,base,2026,weighted_v1,Low,7,False
,,0.0,0.0,0.0,140.0,556.0,3.2,12.0,10.0,102.0,0.4,87.4,92.4,97.4,97.4,00-0038551,Kendre Miller,RB,NO,24,1.01,bull,2026,weighted_v1,Low,7,False
,,0.0,0.0,0.0,9.0,42.0,0.3,0.0,0.0,0.0,0.0,6.0,6.0,6.0,6.0,00-0038555,Tank Bigsby,RB,PHI,24,1.01,bear,2026,weighted_v1,High,15,False
,,0.0,0.0,0.0,34.0,167.0,1.3,0.0,0.0,0.0,0.0,24.5,24.5,24.5,24.5,00-0038555,Tank Bigsby,RB,PHI,24,1.01,base,2026,weighted_v1,High,15,False
,,0.0,0.0,0.0,77.0,376.0,2.9,6.0,4.0,0.0,0.2,56.2,58.2,60.2,60.2,00-0038555,Tank Bigsby,RB,PHI,24,1.01,bull,2026,weighted_v1,High,15,False
,,0.0,0.0,0.0,0.0,0.0,0.0,35.0,26.0,293.0,1.3,37.1,50.1,63.1,76.1,00-0038558,Darnell Washington,TE,PIT,25,0.94,bear,2026,weighted_v1,Medium,13,False
,,0.0,0.0,0.0,0.0,0.0,0.0,41.0,30.0,341.0,2.4,48.5,63.5,78.5,93.5,00-0038558,Darnell Washington,TE,PIT,25,0.94,base,2026,weighted_v1,Medium,13,False
,,0.0,0.0,0.0,0.0,0.0,0.0,49.0,36.0,402.0,3.0,58.2,76.2,94.2,112.2,00-0038558,Darnell Washington,TE,PIT,25,0.94,bull,2026,weighted_v1,Medium,13,False
,,0.0,0.0,0.0,0.0,0.0,0.0,89.0,56.0,723.0,3.9,95.7,123.7,151.7,151.7,00-0038559,Michael Wilson,WR,ARI,27,1.03,bear,2026,weighted_v1,High,17,False
,,0.0,0.0,0.0,0.0,0.0,0.0,95.0,60.0,772.0,5.8,112.0,142.0,172.0,172.0,00-0038559,Michael Wilson,WR,ARI,27,1.03,base,2026,weighted_v1,High,17,False
,,0.0,0.0,0.0,0.0,0.0,0.0,122.0,77.0,993.0,9.7,157.5,196.0,234.5,234.5,00-0038559,Michael Wilson,WR,ARI,27,1.03,bull,2026,weighted_v1,High,17,False
,,0.0,0.0,0.0,0.0,0.0,0.0,65.0,40.0,490.0,2.5,64.0,84.0,104.0,104.0,00-0038563,Tre Tucker,WR,LV,25,0.99,bear,2026,weighted_v1,High,17,False
,,0.0,0.0,0.0,0.0,0.0,0.0,92.0,56.0,690.0,4.2,94.2,122.2,150.2,150.2,00-0038563,Tre Tucker,WR,LV,25,0.99,base,2026,weighted_v1,High,17,False
,,0.0,0.0,0.0,0.0,0.0,0.0,82.0,49.0,611.0,5.1,91.7,116.2,140.7,140.7,00-0038563,Tre Tucker,WR,LV,25,0.99,bull,2026,weighted_v1,High,17,False
,,0.0,0.0,0.0,0.0,0.0,0.0,7.0,4.0,46.0,0.3,6.4,8.4,10.4,12.4,00-0038564,Cameron Latu,TE,PHI,27,1.01,bear,2026,weighted_v1,Medium,10,False
,,0.0,0.0,0.0,0.0,0.0,0.0,5.0,3.0,33.0,0.3,5.1,6.6,8.1,9.6,00-0038564,Cameron Latu,TE,PHI,27,1.01,base,2026,weighted_v1,Medium,10,False
,,0.0,0.0,0.0,0.0,0.0,0.0,4.0,3.0,29.0,0.3,4.7,6.2,7.7,9.2,00-0038564,Cameron Latu,TE,PHI,27,1.01,bull,2026,weighted_v1,Medium,10,False
,,0.0,0.0,0.0,0.0,0.0,0.0,12.0,9.0,64.0,0.5,9.4,13.9,18.4,18.4,00-0038573,Derius Davis,WR,LAC,26,1.02,bear,2026,weighted_v1,Medium,11,False
,,0.0,0.0,0.0,0.0,0.0,0.0,8.0,6.0,45.0,0.5,7.5,10.5,13.5,13.5,00-0038573,Derius Davis,WR,LAC,26,1.02,base,2026,weighted_v1,Medium,11,False
,,0.0,0.0,0.0,0.0,0.0,0.0,11.0,9.0,59.0,0.9,11.3,15.8,20.3,20.3,00-0038573,Derius Davis,WR,LAC,26,1.02,bull,2026,weighted_v1,Medium,11,False
,,0.0,0.0,0.0,0.0,0.0,0.0,0.0,0.0,0.0,0.0,0.0,0.0,0.0,0.0,00-0038576,Charlie Jones,WR,CIN,28,1.02,bear,2026,weighted_v1,High,14,False
,,0.0,0.0,0.0,0.0,0.0,0.0,0.0,0.0,0.0,0.0,0.0,0.0,0.0,0.0,00-0038576,Charlie Jones,WR,CIN,28,1.02,base,2026,weighted_v1,High,14,False
,,0.0,0.0,0.0,0.0,0.0,0.0,0.0,0.0,0.0,0.0,0.0,0.0,0.0,0.0,00-0038576,Charlie Jones,WR,CIN,28,1.02,bull,2026,weighted_v1,High,14,False
353.0,184.0,1337.0,0.9,16.5,51.0,285.0,0.0,0.0,0.0,0.0,0.0,52.6,52.6,52.6,52.6,00-0038583,Dorian Thompson-Robinson,QB,CLE,27,1.0,bear,2026,weighted_v1,Low,6,False
353.0,184.0,1337.0,0.9,16.5,51.0,285.0,0.0,0.0,0.0,0.0,0.0,52.6,52.6,52.6,52.6,00-0038583,Dorian Thompson-Robinson,QB,CLE,27,1.0,base,2026,weighted_v1,Low,6,False
353.0,184.0,1337.0,0.9,16.5,51.0,285.0,0.0,0.0,0.0,0.0,0.0,52.6,52.6,52.6,52.6,00-0038583,Dorian Thompson-Robinson,QB,CLE,27,1.0,bull,2026,weighted_v1,Low,6,False
,,0.0,0.0,0.0,0.0,0.0,0.0,25.0,19.0,160.0,1.5,25.0,34.5,44.0,53.5,00-0038589,Josh Whyle,TE,GB,27,1.01,bear,2026,weighted_v1,Low,6,False
,,0.0,0.0,0.0,0.0,0.0,0.0,20.0,15.0,124.0,1.5,21.4,28.9,36.4,43.9,00-0038589,Josh Whyle,TE,GB,27,1.01,base,2026,weighted_v1,Low,6,False
,,0.0,0.0,0.0,0.0,0.0,0.0,14.0,10.0,89.0,1.5,17.9,22.9,27.9,32.9,00-0038589,Josh Whyle,TE,GB,27,1.01,bull,2026,weighted_v1,Low,6,False
,,0.0,0.0,0.0,187.0,815.0,4.9,65.0,52.0,366.0,3.0,165.5,191.5,217.5,217.5,00-0038597,Chase Brown,RB,CIN,26,1.0,bear,2026,weighted_v1,High,17,False
,,0.0,0.0,0.0,204.0,889.0,5.4,62.0,50.0,357.0,4.0,181.0,206.0,231.0,231.0,00-0038597,Chase Brown,RB,CIN,26,1.0,base,2026,weighted_v1,High,17,False
,,0.0,0.0,0.0,272.0,1185.0,7.2,83.0,66.0,416.0,6.9,244.7,277.7,310.7,310.7,00-0038597,Chase Brown,RB,CIN,26,1.0,bull,2026,weighted_v1,High,17,False
,,0.0,0.0,0.0,0.0,0.0,0.0,51.0,32.0,430.0,2.8,59.8,75.8,91.8,91.8,00-0038606,Parker Washington,WR,JAX,24,0.96,bear,2026,weighted_v1,High,16,False
,,0.0,0.0,0.0,0.0,0.0,0.0,77.0,48.0,651.0,5.6,98.7,122.7,146.7,146.7,00-0038606,Parker Washington,WR,JAX,24,0.96,base,2026,weighted_v1,High,16,False
,,0.0,0.0,0.0,0.0,0.0,0.0,106.0,66.0,895.0,8.6,141.1,174.1,207.1,207.1,00-0038606,Parker Washington,WR,JAX,24,0.96,bull,2026,weighted_v1,High,16,False
,,0.0,0.0,0.0,0.0,0.0,0.0,43.0,27.0,425.0,2.3,56.3,69.8,83.3,83.3,00-0038608,Kayshon Boutte,WR,NE,24,0.96,bear,2026,weighted_v1,High,14,False
,,0.0,0.0,0.0,0.0,0.0,0.0,60.0,39.0,598.0,3.5,80.8,100.3,119.8,119.8,00-0038608,Kayshon Boutte,WR,NE,24,0.96,base,2026,weighted_v1,High,14,False
,,0.0,0.0,0.0,0.0,0.0,0.0,67.0,43.0,668.0,5.6,100.4,121.9,143.4,143.4,00-0038608,Kayshon Boutte,WR,NE,24,0.96,bull,2026,weighted_v1,High,14,False
,,0.0,0.0,0.0,88.0,405.0,4.7,3.0,3.0,0.0,0.1,69.3,70.8,72.3,72.3,00-0038611,Chris Rodriguez Jr.,RB,WAS,27,0.94,bear,2026,weighted_v1,Medium,12,False
,,0.0,0.0,0.0,149.0,683.0,7.9,3.0,3.0,0.0,0.1,116.3,117.8,119.3,119.3,00-0038611,Chris Rodriguez Jr.,RB,WAS,27,0.94,base,2026,weighted_v1,Medium,12,False
,,0.0,0.0,0.0,178.0,815.0,9.4,11.0,9.0,17.0,0.4,142.0,146.5,151.0,151.0,00-0038611,Chris Rodriguez Jr.,RB,WAS,27,0.94,bull,2026,weighted_v1,Medium,12,False
,,0.0,0.0,0.0,0.0,0.0,0.0,13.0,9.0,182.0,1.0,24.2,28.7,33.2,33.2,00-0038612,A.T. Perry,WR,NO,27,1.03,bear,2026,weighted_v1,Medium,8,False
,,0.0,0.0,0.0,0.0,0.0,0.0,9.0,7.0,130.0,1.0,19.0,22.5,26.0,26.0,00-0038612,A.T. Perry,WR,NO,27,1.03,base,2026,weighted_v1,Medium,8,False
,,0.0,0.0,0.0,0.0,0.0,0.0,8.0,6.0,109.0,1.0,16.9,19.9,22.9,22.9,00-0038612,A.T. Perry,WR,NO,27,1.03,bull,2026,weighted_v1,Medium,8,False
,,0.0,0.0,0.0,0.0,0.0,0.0,46.0,26.0,306.0,1.6,40.2,53.2,66.2,66.2,00-0038618,Xavier Hutchinson,WR,HOU,26,1.02,bear,2026,weighted_v1,High,16,False
,,0.0,0.0,0.0,0.0,0.0,0.0,48.0,28.0,328.0,2.5,47.8,61.8,75.8,75.8,00-0038618,Xavier Hutchinson,WR,HOU,26,1.02,base,2026,weighted_v1,High,16,False
,,0.0,0.0,0.0,0.0,0.0,0.0,61.0,35.0,412.0,4.1,65.8,83.3,100.8,100.8,00-0038618,Xavier Hutchinson,WR,HOU,26,1.02,bull,2026,weighted_v1,High,16,False
,,0.0,0.0,0.0,0.0,0.0,0.0,56.0,32.0,408.0,2.6,56.4,72.4,88.4,88.4,00-0038619,Andrei Iosivas,WR,CIN,27,1.03,bear,2026,weighted_v1,High,15,False
,,0.0,0.0,0.0,0.0,0.0,0.0,64.0,37.0,470.0,4.1,71.6,90.1,108.6,108.6,00-0038619,Andrei Iosivas,WR,CIN,27,1.03,base,2026,weighted_v1,High,15,False
,,0.0,0.0,0.0,0.0,0.0,0.0,67.0,39.0,496.0,5.6,83.2,102.7,122.2,122.2,00-0038619,Andrei Iosivas,WR,CIN,27,1.03,bull,2026,weighted_v1,High,15,False
,,0.0,0.0,0.0,0.0,0.0,0.0,39.0,27.0,326.0,1.5,41.6,55.1,68.6,68.6,00-0038621,DeMario Douglas,WR,NE,26,1.02,bear,2026,weighted_v1,High,16,False
,,0.0,0.0,0.0,0.0,0.0,0.0,63.0,44.0,524.0,2.5,67.4,89.4,111.4,111.4,00-0038621,DeMario Douglas,WR,NE,26,1.02,base,2026,weighted_v1,High,16,False
,,0.0,0.0,0.0,0.0,0.0,0.0,48.0,34.0,400.0,2.7,56.2,73.2,90.2,90.2,00-0038621,DeMario Douglas,WR,NE,26,1.02,bull,2026,weighted_v1,High,16,False
,,0.0,0.0,0.0,0.0,0.0,0.0,8.0,0.0,0.0,0.2,1.2,1.2,1.2,1.2,00-0038643,Brayden Willis,TE,SF,27,1.01,bear,2026,weighted_v1,Low,6,False
,,0.0,0.0,0.0,0.0,0.0,0.0,6.0,0.0,0.0,0.2,1.2,1.2,1.2,1.2,00-0038643,Brayden Willis,TE,SF,27,1.01,base,2026,weighted_v1,Low,6,False
,,0.0,0.0,0.0,0.0,0.0,0.0,4.0,0.0,0.0,0.2,1.2,1.2,1.2,1.2,00-0038643,Brayden Willis,TE,SF,27,1.01,bull,2026,weighted_v1,Low,6,False
,,0.0,0.0,0.0,0.0,0.0,0.0,27.0,19.0,560.0,2.1,68.6,78.1,87.6,87.6,00-0038679,Tyrell Shavers,WR,BUF,27,1.03,bear,2026,weighted_v1,Medium,11,False
,,0.0,0.0,0.0,0.0,0.0,0.0,31.0,22.0,646.0,3.4,85.0,96.0,107.0,107.0,00-0038679,Tyrell Shavers,WR,BUF,27,1.03,base,2026,weighted_v1,Medium,11,False
,,0.0,0.0,0.0,0.0,0.0,0.0,31.0,22.0,658.0,4.0,89.8,100.8,111.8,111.8,00-0038679,Tyrell Shavers,WR,BUF,27,1.03,bull,2026,weighted_v1,Medium,11,False
,,0.0,0.0,0.0,34.0,237.0,0.4,19.0,13.0,0.0,0.4,28.5,35.0,41.5,41.5,00-0038705,Emari Demercado,RB,ARI,28,0.86,bear,2026,weighted_v1,Medium,12,False
,,0.0,0.0,0.0,43.0,298.0,0.6,14.0,9.0,0.0,0.4,35.8,40.3,44.8,44.8,00-0038705,Emari Demercado,RB,ARI,28,0.86,base,2026,weighted_v1,Medium,12,False
,,0.0,0.0,0.0,72.0,502.0,1.0,27.0,18.0,125.0,0.9,74.1,83.1,92.1,92.1,00-0038705,Emari Demercado,RB,ARI,28,0.86,bull,2026,weighted_v1,Medium,12,False
,,0.0,0.0,0.0,0.0,0.0,0.0,8.0,4.0,23.0,0.3,4.1,6.1,8.1,10.1,00-0038710,Blake Whiteheart,TE,CLE,26,0.98,bear,2026,weighted_v1,Medium,9,False
,,0.0,0.0,0.0,0.0,0.0,0.0,16.0,8.0,50.0,1.1,11.6,15.6,19.6,23.6,00-0038710,Blake Whiteheart,TE,CLE,26,0.98,base,2026,weighted_v1,Medium,9,False
,,0.0,0.0,0.0,0.0,0.0,0.0,13.0,6.0,41.0,1.1,10.7,13.7,16.7,19.7,00-0038710,Blake Whiteheart,TE,CLE,26,0.98,bull,2026,weighted_v1,Medium,9,False
,,0.0,0.0,0.0,0.0,0.0,0.0,20.0,15.0,135.0,0.6,17.1,24.6,32.1,39.6,00-0038720,Julian Hill,TE,MIA,26,0.98,bear,2026,weighted_v1,Medium,11,False
,,0.0,0.0,0.0,0.0,0.0,0.0,29.0,20.0,184.0,1.0,24.4,34.4,44.4,54.4,00-0038720,Julian Hill,TE,MIA,26,0.98,base,2026,weighted_v1,Medium,11,False
,,0.0,0.0,0.0,0.0,0.0,0.0,23.0,16.0,148.0,1.0,20.8,28.8,36.8,44.8,00-0038720,Julian Hill,TE,MIA,26,0.98,bull,2026,weighted_v1,Medium,11,False
,,0.0,0.0,0.0,0.0,0.0,0.0,26.0,17.0,129.0,1.6,22.5,31.0,39.5,48.0,00-0038783,Nate Adkins,TE,DEN,27,1.01,bear,2026,weighted_v1,Low,6,False
,,0.0,0.0,0.0,0.0,0.0,0.0,25.0,16.0,124.0,2.2,25.6,33.6,41.6,49.6,00-0038783,Nate Adkins,TE,DEN,27,1.01,base,2026,weighted_v1,Low,6,False
,,0.0,0.0,0.0,0.0,0.0,0.0,31.0,20.0,153.0,3.6,36.9,46.9,56.9,66.9,00-0038783,Nate Adkins,TE,DEN,27,1.01,bull,2026,weighted_v1,Low,6,False
,,0.0,0.0,0.0,48.0,207.0,1.3,0.0,0.0,0.0,0.0,28.5,28.5,28.5,28.5,00-0038797,Emanuel Wilson,RB,GB,27,0.94,bear,2026,weighted_v1,High,17,False
,,0.0,0.0,0.0,96.0,414.0,2.5,16.0,14.0,0.0,0.3,58.2,65.2,72.2,72.2,00-0038797,Emanuel Wilson,RB,GB,27,0.94,base,2026,weighted_v1,High,17,False
,,0.0,0.0,0.0,176.0,759.0,4.6,11.0,10.0,90.0,0.3,114.3,119.3,124.3,124.3,00-0038797,Emanuel Wilson,RB,GB,27,0.94,bull,2026,weighted_v1,High,17,False
,,0.0,0.0,0.0,0.0,0.0,0.0,12.0,8.0,117.0,0.3,13.5,17.5,21.5,21.5,00-0038821,Rakim Jarrett,WR,TB,26,1.02,bear,2026,weighted_v1,Medium,8,False
,,0.0,0.0,0.0,0.0,0.0,0.0,9.0,6.0,89.0,0.3,10.7,13.7,16.7,16.7,00-0038821,Rakim Jarrett,WR,TB,26,1.02,base,2026,weighted_v1,Medium,8,False
,,0.0,0.0,0.0,0.0,0.0,0.0,8.0,5.0,73.0,0.3,9.1,11.6,14.1,14.1,00-0038821,Rakim Jarrett,WR,TB,26,1.02,bull,2026,weighted_v1,Medium,8,False
,,0.0,0.0,0.0,0.0,0.0,0.0,11.0,6.0,77.0,0.9,13.1,16.1,19.1,19.1,00-0038824,Ryan Miller,WR,TB,27,1.03,bear,2026,weighted_v1,Medium,9,False
,,0.0,0.0,0.0,0.0,0.0,0.0,9.0,4.0,58.0,0.9,11.2,13.2,15.2,15.2,00-0038824,Ryan Miller,WR,TB,27,1.03,base,2026,weighted_v1,Medium,9,False
,,0.0,0.0,0.0,0.0,0.0,0.0,17.0,9.0,116.0,2.1,24.2,28.7,33.2,33.2,00-0038824,Ryan Miller,WR,TB,27,1.03,bull,2026,weighted_v1,Medium,9,False
,,0.0,0.0,0.0,0.0,0.0,0.0,30.0,10.0,144.0,1.6,24.0,29.0,34.0,34.0,00-0038839,Mitchell Tinsley,WR,CIN,27,1.03,bear,2026,weighted_v1,Medium,8,False
,,0.0,0.0,0.0,0.0,0.0,0.0,35.0,12.0,166.0,2.6,32.2,38.2,44.2,44.2,00-0038839,Mitchell Tinsley,WR,CIN,27,1.03,base,2026,weighted_v1,Medium,8,False
,,0.0,0.0,0.0,0.0,0.0,0.0,36.0,12.0,174.0,3.6,39.0,45.0,51.0,51.0,00-0038839,Mitchell Tinsley,WR,CIN,27,1.03,bull,2026,weighted_v1,Medium,8,False
,,0.0,0.0,0.0,0.0,0.0,0.0,0.0,0.0,0.0,0.0,0.0,0.0,0.0,0.0,00-0038840,Brycen Tremayne,WR,CAR,27,1.03,bear,2026,weighted_v1,High,15,False
,,0.0,0.0,0.0,0.0,0.0,0.0,19.0,15.0,131.0,0.5,16.1,23.6,31.1,31.1,00-0038840,Brycen Tremayne,WR,CAR,27,1.03,base,2026,weighted_v1,High,15,False
,,0.0,0.0,0.0,0.0,0.0,0.0,25.0,20.0,178.0,1.0,23.8,33.8,43.8,43.8,00-0038840,Brycen Tremayne,WR,CAR,27,1.03,bull,2026,weighted_v1,High,15,False
,,0.0,0.0,0.0,0.0,0.0,0.0,53.0,39.0,488.0,3.0,66.8,86.3,105.8,125.3,00-0038933,Dalton Kincaid,TE,BUF,27,1.01,bear,2026,weighted_v1,Medium,12,False
,,0.0,0.0,0.0,0.0,0.0,0.0,50.0,37.0,455.0,3.8,68.3,86.8,105.3,123.8,00-0038933,Dalton Kincaid,TE,BUF,27,1.01,base,2026,weighted_v1,Medium,12,False
,,0.0,0.0,0.0,0.0,0.0,0.0,62.0,46.0,566.0,5.5,89.6,112.6,135.6,158.6,00-0038933,Dalton Kincaid,TE,BUF,27,1.01,bull,2026,weighted_v1,Medium,12,False
,,0.0,0.0,0.0,0.0,0.0,0.0,61.0,47.0,523.0,2.9,69.7,93.2,116.7,140.2,00-0038935,Brenton Strange,TE,JAX,26,0.98,bear,2026,weighted_v1,Medium,12,False
,,0.0,0.0,0.0,0.0,0.0,0.0,57.0,43.0,484.0,3.6,70.0,91.5,113.0,134.5,00-0038935,Brenton Strange,TE,JAX,26,0.98,base,2026,weighted_v1,Medium,12,False
,,0.0,0.0,0.0,0.0,0.0,0.0,62.0,48.0,531.0,4.4,79.5,103.5,127.5,151.5,00-0038935,Brenton Strange,TE,JAX,26,0.98,bull,2026,weighted_v1,Medium,12,False
,,0.0,0.0,0.0,0.0,0.0,0.0,30.0,12.0,113.0,0.6,14.9,20.9,26.9,26.9,00-0038938,Jalin Hyatt,WR,NYG,25,0.99,bear,2026,weighted_v1,Low,6,False
,,0.0,0.0,0.0,0.0,0.0,0.0,36.0,15.0,141.0,1.0,20.1,27.6,35.1,35.1,00-0038938,Jalin Hyatt,WR,NYG,25,0.99,base,2026,weighted_v1,Low,6,False
,,0.0,0.0,0.0,0.0,0.0,0.0,42.0,17.0,161.0,1.6,25.7,34.2,42.7,42.7,00-0038938,Jalin Hyatt,WR,NYG,25,0.99,bull,2026,weighted_v1,Low,6,False
,,0.0,0.0,0.0,17.0,67.0,1.1,0.0,0.0,0.0,0.0,13.3,13.3,13.3,13.3,00-0038951,Sean Tucker,RB,TB,25,1.02,bear,2026,weighted_v1,High,17,False
,,0.0,0.0,0.0,69.0,266.0,4.3,0.0,0.0,0.0,0.0,52.4,52.4,52.4,52.4,00-0038951,Sean Tucker,RB,TB,25,1.02,base,2026,weighted_v1,High,17,False
,,0.0,0.0,0.0,121.0,466.0,7.5,12.0,9.0,0.0,1.4,100.0,104.5,109.0,109.0,00-0038951,Sean Tucker,RB,TB,25,1.02,bull,2026,weighted_v1,High,17,False
,,0.0,0.0,0.0,0.0,0.0,0.0,13.0,8.0,48.0,0.3,6.6,10.6,14.6,14.6,00-0038953,Dylan Drummond,WR,ATL,27,1.03,bear,2026,weighted_v1,Low,6,False
,,0.0,0.0,0.0,0.0,0.0,0.0,31.0,19.0,118.0,0.8,16.6,26.1,35.6,35.6,00-0038953,Dylan Drummond,WR,ATL,27,1.03,base,2026,weighted_v1,Low,6,False
,,0.0,0.0,0.0,0.0,0.0,0.0,36.0,23.0,138.0,1.4,22.2,33.7,45.2,45.2,00-0038953,Dylan Drummond,WR,ATL,27,1.03,bull,2026,weighted_v1,Low,6,False
,,0.0,0.0,0.0,0.0,0.0,0.0,43.0,31.0,324.0,1.6,42.0,57.5,73.0,73.0,00-0038976,Marvin Mims Jr.,WR,DEN,24,0.96,bear,2026,weighted_v1,High,15,False
,,0.0,0.0,0.0,0.0,0.0,0.0,46.0,34.0,349.0,2.5,49.9,66.9,83.9,83.9,00-0038976,Marvin Mims Jr.,WR,DEN,24,0.96,base,2026,weighted_v1,High,15,False
,,0.0,0.0,0.0,0.0,0.0,0.0,51.0,37.0,393.0,3.7,61.5,80.0,98.5,98.5,00-0038976,Marvin Mims Jr.,WR,DEN,24,0.96,bull,2026,weighted_v1,High,15,False
,,0.0,0.0,0.0,0.0,0.0,0.0,9.0,5.0,74.0,0.4,9.8,12.3,14.8,14.8,00-0038977,Tank Dell,WR,HOU,27,1.03,bear,2026,weighted_v1,High,14,False
,,0.0,0.0,0.0,0.0,0.0,0.0,7.0,4.0,53.0,0.4,7.7,9.7,11.7,11.7,00-0038977,Tank Dell,WR,HOU,27,1.03,base,2026,weighted_v1,High,14,False
,,0.0,0.0,0.0,0.0,0.0,0.0,5.0,3.0,40.0,0.4,6.4,7.9,9.4,9.4,00-0038977,Tank Dell,WR,HOU,27,1.03,bull,2026,weighted_v1,High,14,False
,,0.0,0.0,0.0,0.0,0.0,0.0,44.0,25.0,294.0,1.7,39.6,52.1,64.6,64.6,00-0038979,Cedric Tillman,WR,CLE,26,1.02,bear,2026,weighted_v1,Medium,12,False
,,0.0,0.0,0.0,0.0,0.0,0.0,44.0,24.0,293.0,2.6,44.9,56.9,68.9,68.9,00-0038979,Cedric Tillman,WR,CLE,26,1.02,base,2026,weighted_v1,Medium,12,False
,,0.0,0.0,0.0,0.0,0.0,0.0,46.0,25.0,304.0,3.4,50.8,63.3,75.8,75.8,00-0038979,Cedric Tillman,WR,CLE,26,1.02,bull,2026,weighted_v1,Medium,12,False
,,0.0,0.0,0.0,0.0,0.0,0.0,65.0,38.0,536.0,3.1,72.2,91.2,110.2,110.2,00-0038994,Jordan Addison,WR,MIN,25,0.99,bear,2026,weighted_v1,High,14,False
,,0.0,0.0,0.0,0.0,0.0,0.0,81.0,47.0,664.0,5.2,97.6,121.1,144.6,144.6,00-0038994,Jordan Addison,WR,MIN,25,0.99,base,2026,weighted_v1,High,14,False
,,0.0,0.0,0.0,0.0,0.0,0.0,91.0,53.0,745.0,8.0,122.5,149.0,175.5,175.5,00-0038994,Jordan Addison,WR,MIN,25,0.99,bull,2026,weighted_v1,High,14,False
,,0.0,0.0,0.0,0.0,0.0,0.0,71.0,52.0,756.0,5.0,105.6,131.6,157.6,183.6,00-0038996,Tucker Kraft,TE,GB,26,0.98,bear,2026,weighted_v1,Medium,8,False
,,0.0,0.0,0.0,0.0,0.0,0.0,65.0,47.0,692.0,5.9,104.6,128.1,151.6,175.1,00-0038996,Tucker Kraft,TE,GB,26,0.98,base,2026,weighted_v1,Medium,8,False
,,0.0,0.0,0.0,0.0,0.0,0.0,74.0,54.0,794.0,9.5,136.4,163.4,190.4,217.4,00-0038996,Tucker Kraft,TE,GB,26,0.98,bull,2026,weighted_v1,Medium,8,False
,,0.0,0.0,0.0,0.0,0.0,0.0,82.0,55.0,572.0,2.7,73.4,100.9,128.4,128.4,00-0038997,Josh Downs,WR,IND,25,0.99,bear,2026,weighted_v1,High,16,False
,,0.0,0.0,0.0,0.0,0.0,0.0,92.0,61.0,641.0,3.6,85.7,116.2,146.7,146.7,00-0038997,Josh Downs,WR,IND,25,0.99,base,2026,weighted_v1,High,16,False
,,0.0,0.0,0.0,0.0,0.0,0.0,94.0,63.0,656.0,5.2,96.8,128.3,159.8,159.8,00-0038997,Josh Downs,WR,IND,25,0.99,bull,2026,weighted_v1,High,16,False
214.0,99.0,1242.0,5.5,5.5,23.0,47.0,0.0,0.0,0.0,0.0,0.0,65.4,65.4,65.4,65.4,00-0038998,Jake Haener,QB,NO,27,1.0,bear,2026,weighted_v1,Low,8,False
214.0,99.0,1242.0,5.5,5.5,23.0,47.0,0.0,0.0,0.0,0.0,0.0,65.4,65.4,65.4,65.4,00-0038998,Jake Haener,QB,NO,27,1.0,base,2026,weighted_v1,Low,8,False
214.0,99.0,1242.0,5.5,5.5,23.0,47.0,0.0,0.0,0.0,0.0,0.0,65.4,65.4,65.4,65.4,00-0038998,Jake Haener,QB,NO,27,1.0,bull,2026,weighted_v1,Low,8,False
,,0.0,0.0,0.0,58.0,227.0,1.9,56.0,49.0,195.0,0.4,56.0,80.5,105.0,105.0,00-0039032,Tyjae Spears,RB,TEN,25,1.02,bear,2026,weighted_v1,Medium,13,False
,,0.0,0.0,0.0,85.0,336.0,2.8,53.0,46.0,325.0,0.5,85.9,108.9,131.9,131.9,00-0039032,Tyjae Spears,RB,TEN,25,1.02,base,2026,weighted_v1,Medium,13,False
,,0.0,0.0,0.0,113.0,446.0,3.7,51.0,44.0,340.0,0.6,104.4,126.4,148.4,148.4,00-0039032,Tyjae Spears,RB,TEN,25,1.02,bull,2026,weighted_v1,Medium,13,False
,,0.0,0.0,0.0,204.0,1135.0,7.5,56.0,45.0,283.0,3.0,204.8,227.3,249.8,249.8,00-0039040,De'Von Achane,RB,MIA,25,1.02,bear,2026,weighted_v1,High,16,False
,,0.0,0.0,0.0,251.0,1401.0,9.2,83.0,68.0,400.0,5.5,268.3,302.3,336.3,336.3,00-0039040,De'Von Achane,RB,MIA,25,1.02,base,2026,weighted_v1,High,16,False
,,0.0,0.0,0.0,321.0,1787.0,11.8,85.0,69.0,491.0,6.9,340.0,374.5,409.0,409.0,00-0039040,De'Von Achane,RB,MIA,25,1.02,bull,2026,weighted_v1,High,16,False
,,0.0,0.0,0.0,0.0,0.0,0.0,22.0,17.0,170.0,0.7,21.2,29.7,38.2,46.7,00-0039041,Elijah Higgins,TE,ARI,26,0.98,bear,2026,weighted_v1,High,17,False
,,0.0,0.0,0.0,0.0,0.0,0.0,30.0,24.0,241.0,1.4,32.5,44.5,56.5,68.5,00-0039041,Elijah Higgins,TE,ARI,26,0.98,base,2026,weighted_v1,High,17,False
,,0.0,0.0,0.0,0.0,0.0,0.0,35.0,28.0,279.0,2.1,40.5,54.5,68.5,82.5,00-0039041,Elijah Higgins,TE,ARI,26,0.98,bull,2026,weighted_v1,High,17,False
,,0.0,0.0,0.0,0.0,0.0,0.0,7.0,5.0,44.0,0.4,6.8,9.3,11.8,14.3,00-0039050,Payne Durham,TE,TB,26,0.98,bear,2026,weighted_v1,Medium,8,False
,,0.0,0.0,0.0,0.0,0.0,0.0,11.0,7.0,70.0,0.8,11.8,15.3,18.8,22.3,00-0039050,Payne Durham,TE,TB,26,0.98,base,2026,weighted_v1,Medium,8,False
,,0.0,0.0,0.0,0.0,0.0,0.0,13.0,8.0,88.0,1.3,16.6,20.6,24.6,28.6,00-0039050,Payne Durham,TE,TB,26,0.98,bull,2026,weighted_v1,Medium,8,False
,,0.0,0.0,0.0,0.0,0.0,0.0,2.0,1.0,17.0,0.1,2.3,2.8,3.3,3.3,00-0039052,Trey Palmer,WR,TB,25,0.99,bear,2026,weighted_v1,High,15,False
,,0.0,0.0,0.0,0.0,0.0,0.0,2.0,1.0,13.0,0.1,1.9,2.4,2.9,2.9,00-0039052,Trey Palmer,WR,TB,25,0.99,base,2026,weighted_v1,High,15,False
,,0.0,0.0,0.0,0.0,0.0,0.0,1.0,1.0,10.0,0.1,1.6,2.1,2.6,2.6,00-0039052,Trey Palmer,WR,TB,25,0.99,bull,2026,weighted_v1,High,15,False
,,0.0,0.0,0.0,0.0,0.0,0.0,109.0,77.0,1054.0,3.5,126.4,164.9,203.4,203.4,00-0039064,Zay Flowers,WR,BAL,26,1.02,bear,2026,weighted_v1,High,17,False
,,0.0,0.0,0.0,0.0,0.0,0.0,96.0,67.0,926.0,4.2,117.8,151.3,184.8,184.8,00-0039064,Zay Flowers,WR,BAL,26,1.02,base,2026,weighted_v1,High,17,False
,,0.0,0.0,0.0,0.0,0.0,0.0,109.0,77.0,1056.0,6.4,144.0,182.5,221.0,221.0,00-0039064,Zay Flowers,WR,BAL,26,1.02,bull,2026,weighted_v1,High,17,False
,,0.0,0.0,0.0,0.0,0.0,0.0,77.0,60.0,714.0,3.9,94.8,124.8,154.8,184.8,00-0039065,Sam LaPorta,TE,DET,26,0.98,bear,2026,weighted_v1,Medium,9,False
,,0.0,0.0,0.0,0.0,0.0,0.0,63.0,48.0,579.0,4.8,86.7,110.7,134.7,158.7,00-0039065,Sam LaPorta,TE,DET,26,0.98,base,2026,weighted_v1,Medium,9,False
,,0.0,0.0,0.0,0.0,0.0,0.0,60.0,47.0,557.0,5.6,89.3,112.8,136.3,159.8,00-0039065,Sam LaPorta,TE,DET,26,0.98,bull,2026,weighted_v1,Medium,9,False
,,0.0,0.0,0.0,0.0,0.0,0.0,40.0,29.0,257.0,1.2,32.9,47.4,61.9,76.4,00-0039066,Michael Mayer,TE,LV,25,0.94,bear,2026,weighted_v1,Medium,13,False
,,0.0,0.0,0.0,0.0,0.0,0.0,63.0,43.0,394.0,2.2,52.6,74.1,95.6,117.1,00-0039066,Michael Mayer,TE,LV,25,0.94,base,2026,weighted_v1,Medium,13,False
,,0.0,0.0,0.0,0.0,0.0,0.0,57.0,39.0,355.0,2.8,52.3,71.8,91.3,110.8,00-0039066,Michael Mayer,TE,LV,25,0.94,bull,2026,weighted_v1,Medium,13,False
,,0.0,0.0,0.0,0.0,0.0,0.0,159.0,115.0,1287.0,8.6,180.3,237.8,295.3,295.3,00-0039067,Rashee Rice,WR,KC,26,1.02,bear,2026,weighted_v1,Medium,8,False
,,0.0,0.0,0.0,0.0,0.0,0.0,134.0,97.0,1087.0,9.3,164.5,213.0,261.5,261.5,00-0039067,Rashee Rice,WR,KC,26,1.02,base,2026,weighted_v1,Medium,8,False
,,0.0,0.0,0.0,0.0,0.0,0.0,116.0,84.0,939.0,10.9,159.3,201.3,243.3,243.3,00-0039067,Rashee Rice,WR,KC,26,1.02,bull,2026,weighted_v1,Medium,8,False
,,0.0,0.0,0.0,0.0,0.0,0.0,22.0,14.0,121.0,1.1,18.7,25.7,32.7,39.7,00-0039074,Davis Allen,TE,LA,26,0.98,bear,2026,weighted_v1,High,15,False
,,0.0,0.0,0.0,0.0,0.0,0.0,29.0,20.0,168.0,2.1,29.4,39.4,49.4,59.4,00-0039074,Davis Allen,TE,LA,26,0.98,base,2026,weighted_v1,High,15,False
,,0.0,0.0,0.0,0.0,0.0,0.0,35.0,24.0,200.0,3.2,39.2,51.2,63.2,75.2,00-0039074,Davis Allen,TE,LA,26,0.98,bull,2026,weighted_v1,High,15,False
,,0.0,0.0,0.0,0.0,0.0,0.0,187.0,141.0,1860.0,7.2,229.2,299.7,370.2,370.2,00-0039075,Puka Nacua,WR,LA,25,0.99,bear,2026,weighted_v1,High,16,False
,,0.0,0.0,0.0,0.0,0.0,0.0,163.0,124.0,1625.0,9.1,217.1,279.1,341.1,341.1,00-0039075,Puka Nacua,WR,LA,25,0.99,base,2026,weighted_v1,High,16,False
,,0.0,0.0,0.0,0.0,0.0,0.0,132.0,100.0,1318.0,9.3,187.6,237.6,287.6,287.6,00-0039075,Puka Nacua,WR,LA,25,0.99,bull,2026,weighted_v1,High,16,False
,,0.0,0.0,0.0,206.0,1077.0,11.7,68.0,55.0,402.0,2.6,233.7,261.2,288.7,288.7,00-0039139,Jahmyr Gibbs,RB,DET,24,1.01,bear,2026,weighted_v1,High,17,False
,,0.0,0.0,0.0,258.0,1346.0,14.6,59.0,48.0,458.0,3.5,289.0,313.0,337.0,337.0,00-0039139,Jahmyr Gibbs,RB,DET,24,1.01,base,2026,weighted_v1,High,17,False
,,0.0,0.0,0.0,292.0,1525.0,16.5,84.0,68.0,541.0,6.1,342.2,376.2,410.2,410.2,00-0039139,Jahmyr Gibbs,RB,DET,24,1.01,bull,2026,weighted_v1,High,17,False
,,0.0,0.0,0.0,0.0,0.0,0.0,24.0,19.0,182.0,0.6,21.8,31.3,40.8,50.3,00-0039144,Luke Musgrave,TE,GB,26,0.98,bear,2026,weighted_v1,Medium,13,False
,,0.0,0.0,0.0,0.0,0.0,0.0,32.0,24.0,238.0,1.1,30.4,42.4,54.4,66.4,00-0039144,Luke Musgrave,TE,GB,26,0.98,base,2026,weighted_v1,Medium,13,False
,,0.0,0.0,0.0,0.0,0.0,0.0,32.0,24.0,239.0,1.5,32.9,44.9,56.9,68.9,00-0039144,Luke Musgrave,TE,GB,26,0.98,bull,2026,weighted_v1,Medium,13,False
388.0,242.0,2390.0,16.2,8.7,54.0,254.0,3.3,0.0,0.0,0.0,0.0,188.2,188.2,188.2,188.2,00-0039150,Bryce Young,QB,CAR,25,0.95,bear,2026,weighted_v1,High,16,False
436.0,272.0,2689.0,18.3,9.8,54.0,254.0,3.3,0.0,0.0,0.0,0.0,206.4,206.4,206.4,206.4,00-0039150,Bryce Young,QB,CAR,25,0.95,base,2026,weighted_v1,High,16,False
529.0,330.0,3262.0,22.2,11.9,54.0,254.0,3.3,0.0,0.0,0.0,0.0,240.7,240.7,240.7,240.7,00-0039150,Bryce Young,QB,CAR,25,0.95,bull,2026,weighted_v1,High,16,False
438.0,269.0,3063.0,17.1,13.7,58.0,210.0,0.6,0.0,0.0,0.0,0.0,188.1,188.1,188.1,188.1,00-0039152,Will Levis,QB,TEN,27,1.0,bear,2026,weighted_v1,Medium,12,False
438.0,269.0,3063.0,17.1,13.7,58.0,210.0,0.6,0.0,0.0,0.0,0.0,188.1,188.1,188.1,188.1,00-0039152,Will Levis,QB,TEN,27,1.0,base,2026,weighted_v1,Medium,12,False
438.0,269.0,3063.0,17.1,13.7,58.0,210.0,0.6,0.0,0.0,0.0,0.0,188.1,188.1,188.1,188.1,00-0039152,Will Levis,QB,TEN,27,1.0,bull,2026,weighted_v1,Medium,12,False
436.0,279.0,3177.0,18.8,8.1,55.0,240.0,1.2,0.0,0.0,0.0,0.0,217.3,217.3,217.3,217.3,00-0039163,C.J. Stroud,QB,HOU,25,0.95,bear,2026,weighted_v1,High,14,False
460.0,295.0,3353.0,19.8,8.6,55.0,240.0,1.2,0.0,0.0,0.0,0.0,227.3,227.3,227.3,227.3,00-0039163,C.J. Stroud,QB,HOU,25,0.95,base,2026,weighted_v1,High,14,False
565.0,362.0,4118.0,24.3,10.6,55.0,240.0,1.2,0.0,0.0,0.0,0.0,271.9,271.9,271.9,271.9,00-0039163,C.J. Stroud,QB,HOU,25,0.95,bull,2026,weighted_v1,High,14,False
,,0.0,0.0,0.0,149.0,602.0,8.8,0.0,0.0,0.0,0.0,113.0,113.0,113.0,113.0,00-0039165,Zach Charbonnet,RB,SEA,26,1.0,bear,2026,weighted_v1,High,16,False
,,0.0,0.0,0.0,204.0,826.0,12.0,22.0,18.0,116.0,0.2,167.4,176.4,185.4,185.4,00-0039165,Zach Charbonnet,RB,SEA,26,1.0,base,2026,weighted_v1,High,16,False
,,0.0,0.0,0.0,238.0,964.0,14.0,24.0,20.0,176.0,0.3,199.8,209.8,219.8,219.8,00-0039165,Zach Charbonnet,RB,SEA,26,1.0,bull,2026,weighted_v1,High,16,False
,,0.0,0.0,0.0,0.0,0.0,0.0,12.0,4.0,30.0,0.6,6.6,8.6,10.6,10.6,00-0039236,Johnny Wilson,WR,PHI,25,0.99,bear,2026,weighted_v1,Medium,10,False
,,0.0,0.0,0.0,0.0,0.0,0.0,9.0,3.0,22.0,0.6,5.8,7.3,8.8,8.8,00-0039236,Johnny Wilson,WR,PHI,25,0.99,base,2026,weighted_v1,Medium,10,False
,,0.0,0.0,0.0,0.0,0.0,0.0,8.0,3.0,19.0,0.6,5.5,7.0,8.5,8.5,00-0039236,Johnny Wilson,WR,PHI,25,0.99,bull,2026,weighted_v1,Medium,10,False
,,0.0,0.0,0.0,75.0,245.0,0.0,18.0,12.0,44.0,0.3,30.7,36.7,42.7,42.7,00-0039325,Carson Steele,RB,KC,24,1.01,bear,2026,weighted_v1,Medium,13,False
,,0.0,0.0,0.0,75.0,245.0,0.0,14.0,9.0,34.0,0.3,29.7,34.2,38.7,38.7,00-0039325,Carson Steele,RB,KC,24,1.01,base,2026,weighted_v1,Medium,13,False
,,0.0,0.0,0.0,75.0,245.0,0.0,10.0,7.0,25.0,0.3,28.8,32.3,35.8,35.8,00-0039325,Carson Steele,RB,KC,24,1.01,bull,2026,weighted_v1,Medium,13,False
,,0.0,0.0,0.0,0.0,0.0,0.0,84.0,62.0,668.0,4.2,92.0,123.0,154.0,185.0,00-0039338,Brock Bowers,TE,LV,24,0.88,bear,2026,weighted_v1,Medium,12,False
,,0.0,0.0,0.0,0.0,0.0,0.0,98.0,72.0,770.0,5.7,111.2,147.2,183.2,219.2,00-0039338,Brock Bowers,TE,LV,24,0.88,base,2026,weighted_v1,Medium,12,False
,,0.0,0.0,0.0,0.0,0.0,0.0,84.0,62.0,664.0,6.6,106.0,137.0,168.0,199.0,00-0039338,Brock Bowers,TE,LV,24,0.88,bull,2026,weighted_v1,Medium,12,False
,,0.0,0.0,0.0,0.0,0.0,0.0,56.0,31.0,325.0,2.0,44.5,60.0,75.5,75.5,00-0039342,Xavier Legette,WR,CAR,26,1.02,bear,2026,weighted_v1,High,15,False
,,0.0,0.0,0.0,0.0,0.0,0.0,55.0,30.0,314.0,2.5,46.4,61.4,76.4,76.4,00-0039342,Xavier Legette,WR,CAR,26,1.02,base,2026,weighted_v1,High,15,False
,,0.0,0.0,0.0,0.0,0.0,0.0,74.0,41.0,425.0,4.9,71.9,92.4,112.9,112.9,00-0039342,Xavier Legette,WR,CAR,26,1.02,bull,2026,weighted_v1,High,15,False
,,0.0,0.0,0.0,0.0,0.0,0.0,27.0,20.0,298.0,2.0,41.8,51.8,61.8,61.8,00-0039355,Luke McCaffrey,WR,WAS,25,0.99,bear,2026,weighted_v1,Medium,9,False
,,0.0,0.0,0.0,0.0,0.0,0.0,34.0,26.0,387.0,3.3,58.5,71.5,84.5,84.5,00-0039355,Luke McCaffrey,WR,WAS,25,0.99,base,2026,weighted_v1,Medium,9,False
,,0.0,0.0,0.0,0.0,0.0,0.0,35.0,26.0,394.0,4.5,66.4,79.4,92.4,92.4,00-0039355,Luke McCaffrey,WR,WAS,25,0.99,bull,2026,weighted_v1,Medium,9,False
,,0.0,0.0,0.0,0.0,0.0,0.0,31.0,26.0,198.0,1.0,25.8,38.8,51.8,64.8,00-0039356,Ja'Tavion Sanders,TE,CAR,23,0.8,bear,2026,weighted_v1,Medium,12,False
,,0.0,0.0,0.0,0.0,0.0,0.0,28.0,23.0,177.0,1.2,24.9,36.4,47.9,59.4,00-0039356,Ja'Tavion Sanders,TE,CAR,23,0.8,base,2026,weighted_v1,Medium,12,False
,,0.0,0.0,0.0,0.0,0.0,0.0,28.0,23.0,181.0,1.8,28.9,40.4,51.9,63.4,00-0039356,Ja'Tavion Sanders,TE,CAR,23,0.8,bull,2026,weighted_v1,Medium,12,False
,,0.0,0.0,0.0,0.0,0.0,0.0,43.0,31.0,213.0,1.1,27.9,43.4,58.9,74.4,00-0039359,Cade Stover,TE,HOU,26,0.98,bear,2026,weighted_v1,Low,6,False
,,0.0,0.0,0.0,0.0,0.0,0.0,36.0,27.0,184.0,1.4,26.8,40.3,53.8,67.3,00-0039359,Cade Stover,TE,HOU,26,0.98,base,2026,weighted_v1,Low,6,False
,,0.0,0.0,0.0,0.0,0.0,0.0,32.0,24.0,162.0,1.6,25.8,37.8,49.8,61.8,00-0039359,Cade Stover,TE,HOU,26,0.98,bull,2026,weighted_v1,Low,6,False
,,0.0,0.0,0.0,222.0,863.0,3.1,38.0,34.0,222.0,2.1,139.7,156.7,173.7,173.7,00-0039361,Bucky Irving,RB,TB,24,1.01,bear,2026,weighted_v1,Medium,10,False
,,0.0,0.0,0.0,243.0,943.0,3.3,45.0,39.0,250.0,3.2,158.3,177.8,197.3,197.3,00-0039361,Bucky Irving,RB,TB,24,1.01,base,2026,weighted_v1,Medium,10,False
,,0.0,0.0,0.0,270.0,1050.0,3.7,48.0,42.0,376.0,4.3,190.6,211.6,232.6,232.6,00-0039361,Bucky Irving,RB,TB,24,1.01,bull,2026,weighted_v1,Medium,10,False
,,0.0,0.0,0.0,0.0,0.0,0.0,0.0,0.0,8.0,0.0,0.8,0.8,0.8,0.8,00-0039365,Jacob Cowing,WR,SF,26,1.02,bear,2026,weighted_v1,High,15,False
,,0.0,0.0,0.0,0.0,0.0,0.0,0.0,0.0,6.0,0.0,0.6,0.6,0.6,0.6,00-0039365,Jacob Cowing,WR,SF,26,1.02,base,2026,weighted_v1,High,15,False
,,0.0,0.0,0.0,0.0,0.0,0.0,0.0,0.0,4.0,0.0,0.4,0.4,0.4,0.4,00-0039365,Jacob Cowing,WR,SF,26,1.02,bull,2026,weighted_v1,High,15,False
427.0,274.0,2579.0,11.3,8.7,54.0,328.0,0.0,0.0,0.0,0.0,0.0,163.8,163.8,163.8,163.8,00-0039376,Spencer Rattler,QB,NO,26,0.98,bear,2026,weighted_v1,Medium,9,False
494.0,316.0,2981.0,13.1,10.0,54.0,328.0,0.0,0.0,0.0,0.0,0.0,184.4,184.4,184.4,184.4,00-0039376,Spencer Rattler,QB,NO,26,0.98,base,2026,weighted_v1,Medium,9,False
534.0,342.0,3222.0,14.1,10.8,54.0,328.0,0.0,0.0,0.0,0.0,0.0,196.5,196.5,196.5,196.5,00-0039376,Spencer Rattler,QB,NO,26,0.98,bull,2026,weighted_v1,Medium,9,False
,,0.0,0.0,0.0,0.0,0.0,0.0,30.0,18.0,190.0,0.6,22.6,31.6,40.6,40.6,00-0039379,Jamari Thrash,WR,CLE,26,1.02,bear,2026,weighted_v1,Medium,8,False
,,0.0,0.0,0.0,0.0,0.0,0.0,26.0,16.0,163.0,0.8,21.1,29.1,37.1,37.1,00-0039379,Jamari Thrash,WR,CLE,26,1.02,base,2026,weighted_v1,Medium,8,False
,,0.0,0.0,0.0,0.0,0.0,0.0,36.0,22.0,224.0,1.4,30.8,41.8,52.8,52.8,00-0039379,Jamari Thrash,WR,CLE,26,1.02,bull,2026,weighted_v1,Medium,8,False
,,0.0,0.0,0.0,128.0,544.0,2.0,42.0,31.0,0.0,1.0,72.4,87.9,103.4,103.4,00-0039384,Tyrone Tracy Jr.,RB,NYG,27,0.94,bear,2026,weighted_v1,High,15,False
,,0.0,0.0,0.0,160.0,680.0,2.5,49.0,35.0,178.0,1.6,110.4,127.9,145.4,145.4,00-0039384,Tyrone Tracy Jr.,RB,NYG,27,0.94,base,2026,weighted_v1,High,15,False
,,0.0,0.0,0.0,248.0,1054.0,3.9,45.0,33.0,352.0,2.1,176.6,193.1,209.6,209.6,00-0039384,Tyrone Tracy Jr.,RB,NYG,27,0.94,bull,2026,weighted_v1,High,15,False
,,0.0,0.0,0.0,85.0,347.0,1.4,22.0,16.0,0.0,1.0,49.1,57.1,65.1,65.1,00-0039391,Kimani Vidal,RB,LAC,25,1.02,bear,2026,weighted_v1,Medium,13,False
,,0.0,0.0,0.0,183.0,742.0,3.0,16.0,11.0,160.0,1.0,114.2,119.7,125.2,125.2,00-0039391,Kimani Vidal,RB,LAC,25,1.02,base,2026,weighted_v1,Medium,13,False
,,0.0,0.0,0.0,266.0,1080.0,4.4,22.0,15.0,170.0,1.9,162.8,170.3,177.8,177.8,00-0039391,Kimani Vidal,RB,LAC,25,1.02,bull,2026,weighted_v1,Medium,13,False
,,0.0,0.0,0.0,0.0,0.0,0.0,13.0,4.0,33.0,0.3,5.1,7.1,9.1,9.1,00-0039392,Jha'Quan Jackson,WR,TEN,26,1.02,bear,2026,weighted_v1,Medium,12,False
,,0.0,0.0,0.0,0.0,0.0,0.0,9.0,3.0,23.0,0.3,4.1,5.6,7.1,7.1,00-0039392,Jha'Quan Jackson,WR,TEN,26,1.02,base,2026,weighted_v1,Medium,12,False
,,0.0,0.0,0.0,0.0,0.0,0.0,7.0,2.0,18.0,0.3,3.6,4.6,5.6,5.6,00-0039392,Jha'Quan Jackson,WR,TEN,26,1.02,bull,2026,weighted_v1,Medium,12,False
,,0.0,0.0,0.0,0.0,0.0,0.0,34.0,25.0,283.0,1.5,37.3,49.8,62.3,62.3,00-0039410,Ryan Flournoy,WR,DAL,27,1.03,bear,2026,weighted_v1,High,15,False
,,0.0,0.0,0.0,0.0,0.0,0.0,32.0,23.0,269.0,2.0,38.9,50.4,61.9,61.9,00-0039410,Ryan Flournoy,WR,DAL,27,1.03,base,2026,weighted_v1,High,15,False
,,0.0,0.0,0.0,0.0,0.0,0.0,70.0,50.0,584.0,5.5,91.4,116.4,141.4,141.4,00-0039410,Ryan Flournoy,WR,DAL,27,1.03,bull,2026,weighted_v1,High,15,False
,,0.0,0.0,0.0,0.0,0.0,0.0,42.0,28.0,327.0,1.9,44.1,58.1,72.1,72.1,00-0039424,Devaughn Vele,WR,NO,29,0.98,bear,2026,weighted_v1,Medium,9,False
,,0.0,0.0,0.0,0.0,0.0,0.0,63.0,43.0,496.0,4.1,74.2,95.7,117.2,117.2,00-0039424,Devaughn Vele,WR,NO,29,0.98,base,2026,weighted_v1,Medium,9,False
,,0.0,0.0,0.0,0.0,0.0,0.0,62.0,42.0,490.0,4.8,77.8,98.8,119.8,119.8,00-0039424,Devaughn Vele,WR,NO,29,0.98,bull,2026,weighted_v1,Medium,9,False
,,0.0,0.0,0.0,0.0,0.0,0.0,0.0,0.0,0.0,0.0,0.0,0.0,0.0,0.0,00-0039451,Isaiah Williams,WR,NYJ,26,1.02,bear,2026,weighted_v1,High,15,False
,,0.0,0.0,0.0,0.0,0.0,0.0,15.0,10.0,77.0,0.5,10.7,15.7,20.7,20.7,00-0039451,Isaiah Williams,WR,NYJ,26,1.02,base,2026,weighted_v1,High,15,False
,,0.0,0.0,0.0,0.0,0.0,0.0,48.0,35.0,249.0,1.9,36.3,53.8,71.3,71.3,00-0039451,Isaiah Williams,WR,NYJ,26,1.02,bull,2026,weighted_v1,High,15,False
,,0.0,0.0,0.0,0.0,0.0,0.0,65.0,48.0,618.0,2.9,79.2,103.2,127.2,127.2,00-0039491,Jalen Coker,WR,CAR,25,0.99,bear,2026,weighted_v1,Medium,11,False
,,0.0,0.0,0.0,0.0,0.0,0.0,66.0,49.0,632.0,3.7,85.4,109.9,134.4,134.4,00-0039491,Jalen Coker,WR,CAR,25,0.99,base,2026,weighted_v1,Medium,11,False
,,0.0,0.0,0.0,0.0,0.0,0.0,50.0,37.0,473.0,4.1,71.9,90.4,108.9,108.9,00-0039491,Jalen Coker,WR,CAR,25,0.99,bull,2026,weighted_v1,Medium,11,False
,,0.0,0.0,0.0,0.0,0.0,0.0,29.0,13.0,124.0,0.6,16.0,22.5,29.0,29.0,00-0039521,Xavier Weaver,WR,ARI,26,1.02,bear,2026,weighted_v1,Low,7,False
,,0.0,0.0,0.0,0.0,0.0,0.0,34.0,15.0,140.0,1.0,20.0,27.5,35.0,35.0,00-0039521,Xavier Weaver,WR,ARI,26,1.02,base,2026,weighted_v1,Low,7,False
,,0.0,0.0,0.0,0.0,0.0,0.0,36.0,15.0,148.0,1.4,23.2,30.7,38.2,38.2,00-0039521,Xavier Weaver,WR,ARI,26,1.02,bull,2026,weighted_v1,Low,7,False
,,0.0,0.0,0.0,0.0,0.0,0.0,0.0,0.0,0.0,0.0,0.0,0.0,0.0,0.0,00-0039530,Brevyn Spann-Ford,TE,DAL,27,1.01,bear,2026,weighted_v1,High,16,False
,,0.0,0.0,0.0,0.0,0.0,0.0,16.0,11.0,106.0,0.9,16.0,21.5,27.0,32.5,00-0039530,Brevyn Spann-Ford,TE,DAL,27,1.01,base,2026,weighted_v1,High,16,False
,,0.0,0.0,0.0,0.0,0.0,0.0,12.0,9.0,83.0,0.9,13.7,18.2,22.7,27.2,00-0039530,Brevyn Spann-Ford,TE,DAL,27,1.01,bull,2026,weighted_v1,High,16,False
,,0.0,0.0,0.0,0.0,0.0,0.0,0.0,0.0,0.0,0.0,0.0,0.0,0.0,0.0,00-0039589,Kameron Johnson,WR,TB,24,0.96,bear,2026,weighted_v1,High,17,False
,,0.0,0.0,0.0,0.0,0.0,0.0,0.0,0.0,0.0,0.0,0.0,0.0,0.0,0.0,00-0039589,Kameron Johnson,WR,TB,24,0.96,base,2026,weighted_v1,High,17,False
,,0.0,0.0,0.0,0.0,0.0,0.0,0.0,0.0,0.0,0.0,0.0,0.0,0.0,0.0,00-0039589,Kameron Johnson,WR,TB,24,0.96,bull,2026,weighted_v1,High,17,False
,,0.0,0.0,0.0,0.0,0.0,0.0,23.0,14.0,98.0,0.5,12.8,19.8,26.8,26.8,00-0039623,Mason Tipton,WR,NO,26,1.02,bear,2026,weighted_v1,Medium,8,False
,,0.0,0.0,0.0,0.0,0.0,0.0,25.0,15.0,107.0,0.8,15.5,23.0,30.5,30.5,00-0039623,Mason Tipton,WR,NO,26,1.02,base,2026,weighted_v1,Medium,8,False
,,0.0,0.0,0.0,0.0,0.0,0.0,46.0,27.0,192.0,1.8,30.0,43.5,57.0,57.0,00-0039623,Mason Tipton,WR,NO,26,1.02,bull,2026,weighted_v1,Medium,8,False
,,0.0,0.0,0.0,0.0,0.0,0.0,8.0,5.0,35.0,0.6,7.1,9.6,12.1,14.6,00-0039648,David Martin-Robinson,TE,TEN,27,1.01,bear,2026,weighted_v1,Medium,11,False
,,0.0,0.0,0.0,0.0,0.0,0.0,5.0,4.0,25.0,0.6,6.1,8.1,10.1,12.1,00-0039648,David Martin-Robinson,TE,TEN,27,1.01,base,2026,weighted_v1,Medium,11,False
,,0.0,0.0,0.0,0.0,0.0,0.0,14.0,8.0,62.0,1.8,17.0,21.0,25.0,29.0,00-0039648,David Martin-Robinson,TE,TEN,27,1.01,bull,2026,weighted_v1,Medium,11,False
,,0.0,0.0,0.0,0.0,0.0,0.0,7.0,5.0,44.0,0.2,5.6,8.1,10.6,13.1,00-0039686,Colson Yankoff,TE,WAS,27,1.01,bear,2026,weighted_v1,Medium,10,False
,,0.0,0.0,0.0,0.0,0.0,0.0,6.0,4.0,36.0,0.2,4.8,6.8,8.8,10.8,00-0039686,Colson Yankoff,TE,WAS,27,1.01,base,2026,weighted_v1,Medium,10,False
,,0.0,0.0,0.0,0.0,0.0,0.0,12.0,8.0,69.0,0.5,9.9,13.9,17.9,21.9,00-0039686,Colson Yankoff,TE,WAS,27,1.01,bull,2026,weighted_v1,Medium,10,False
510.0,328.0,3311.0,22.4,9.6,86.0,379.0,4.7,0.0,0.0,0.0,0.0,268.9,268.9,268.9,268.9,00-0039732,Bo Nix,QB,DEN,27,1.0,bear,2026,weighted_v1,High,17,False
629.0,404.0,4084.0,27.6,11.9,86.0,379.0,4.7,0.0,0.0,0.0,0.0,316.1,316.1,316.1,316.1,00-0039732,Bo Nix,QB,DEN,27,1.0,base,2026,weighted_v1,High,17,False
680.0,437.0,4415.0,29.9,12.9,86.0,379.0,4.7,0.0,0.0,0.0,0.0,336.5,336.5,336.5,336.5,00-0039732,Bo Nix,QB,DEN,27,1.0,bull,2026,weighted_v1,High,17,False
,,0.0,0.0,0.0,102.0,497.0,3.5,0.0,0.0,0.0,0.0,70.7,70.7,70.7,70.7,00-0039738,Blake Corum,RB,LA,26,1.0,bear,2026,weighted_v1,High,17,False
,,0.0,0.0,0.0,136.0,663.0,4.7,0.0,0.0,0.0,0.0,94.5,94.5,94.5,94.5,00-0039738,Blake Corum,RB,LA,26,1.0,base,2026,weighted_v1,High,17,False
,,0.0,0.0,0.0,204.0,995.0,7.0,12.0,8.0,36.0,0.3,146.9,150.9,154.9,154.9,00-0039738,Blake Corum,RB,LA,26,1.0,bull,2026,weighted_v1,High,17,False
,,0.0,0.0,0.0,0.0,0.0,0.0,41.0,24.0,325.0,2.7,48.7,60.7,72.7,72.7,00-0039739,Roman Wilson,WR,PIT,25,0.99,bear,2026,weighted_v1,Medium,9,False
,,0.0,0.0,0.0,0.0,0.0,0.0,26.0,15.0,208.0,2.7,37.0,44.5,52.0,52.0,00-0039739,Roman Wilson,WR,PIT,25,0.99,base,2026,weighted_v1,Medium,9,False
,,0.0,0.0,0.0,0.0,0.0,0.0,35.0,20.0,274.0,3.7,49.6,59.6,69.6,69.6,00-0039739,Roman Wilson,WR,PIT,25,0.99,bull,2026,weighted_v1,Medium,9,False
,,0.0,0.0,0.0,0.0,0.0,0.0,22.0,17.0,179.0,0.5,20.9,29.4,37.9,37.9,00-0039751,Jordan Whittington,WR,LA,26,1.02,bear,2026,weighted_v1,High,15,False
,,0.0,0.0,0.0,0.0,0.0,0.0,15.0,11.0,124.0,0.5,15.4,20.9,26.4,26.4,00-0039751,Jordan Whittington,WR,LA,26,1.02,base,2026,weighted_v1,High,15,False
,,0.0,0.0,0.0,0.0,0.0,0.0,36.0,27.0,295.0,1.4,37.9,51.4,64.9,64.9,00-0039751,Jordan Whittington,WR,LA,26,1.02,bull,2026,weighted_v1,High,15,False
,,0.0,0.0,0.0,0.0,0.0,0.0,11.0,8.0,161.0,0.8,20.9,24.9,28.9,28.9,00-0039792,Devontez Walker,WR,BAL,25,0.99,bear,2026,weighted_v1,Medium,8,False
,,0.0,0.0,0.0,0.0,0.0,0.0,21.0,13.0,290.0,2.0,41.0,47.5,54.0,54.0,00-0039792,Devontez Walker,WR,BAL,25,0.99,base,2026,weighted_v1,Medium,8,False
,,0.0,0.0,0.0,0.0,0.0,0.0,25.0,15.0,351.0,3.3,54.9,62.4,69.9,69.9,00-0039792,Devontez Walker,WR,BAL,25,0.99,bull,2026,weighted_v1,Medium,8,False
,,0.0,0.0,0.0,0.0,0.0,0.0,54.0,42.0,397.0,4.0,63.7,84.7,105.7,126.7,00-0039793,AJ Barner,TE,SEA,24,0.88,bear,2026,weighted_v1,High,17,False
,,0.0,0.0,0.0,0.0,0.0,0.0,38.0,30.0,282.0,4.0,52.2,67.2,82.2,97.2,00-0039793,AJ Barner,TE,SEA,24,0.88,base,2026,weighted_v1,High,17,False
,,0.0,0.0,0.0,0.0,0.0,0.0,52.0,41.0,386.0,6.7,78.8,99.3,119.8,140.3,00-0039793,AJ Barner,TE,SEA,24,0.88,bull,2026,weighted_v1,High,17,False
,,0.0,0.0,0.0,30.0,169.0,0.8,17.0,13.0,0.0,0.2,22.9,29.4,35.9,35.9,00-0039798,Isaiah Davis,RB,NYJ,25,1.02,bear,2026,weighted_v1,High,16,False
,,0.0,0.0,0.0,35.0,193.0,0.9,15.0,11.0,52.0,0.3,31.7,37.2,42.7,42.7,00-0039798,Isaiah Davis,RB,NYJ,25,1.02,base,2026,weighted_v1,High,16,False
,,0.0,0.0,0.0,52.0,290.0,1.4,39.0,29.0,230.0,0.9,65.8,80.3,94.8,94.8,00-0039798,Isaiah Davis,RB,NYJ,25,1.02,bull,2026,weighted_v1,High,16,False
,,0.0,0.0,0.0,0.0,0.0,0.0,14.0,4.0,103.0,0.3,12.1,14.1,16.1,16.1,00-0039810,Jermaine Burton,WR,CIN,25,0.99,bear,2026,weighted_v1,Medium,8,False
,,0.0,0.0,0.0,0.0,0.0,0.0,10.0,3.0,74.0,0.3,9.2,10.7,12.2,12.2,00-0039810,Jermaine Burton,WR,CIN,25,0.99,base,2026,weighted_v1,Medium,8,False
,,0.0,0.0,0.0,0.0,0.0,0.0,8.0,2.0,57.0,0.3,7.5,8.5,9.5,9.5,00-0039810,Jermaine Burton,WR,CIN,25,0.99,bull,2026,weighted_v1,Medium,8,False
,,0.0,0.0,0.0,0.0,0.0,0.0,10.0,9.0,75.0,0.2,8.7,13.2,17.7,22.2,00-0039814,Erick All,TE,CIN,26,0.98,bear,2026,weighted_v1,Medium,8,False
,,0.0,0.0,0.0,0.0,0.0,0.0,7.0,6.0,54.0,0.2,6.6,9.6,12.6,15.6,00-0039814,Erick All,TE,CIN,26,0.98,base,2026,weighted_v1,Medium,8,False
,,0.0,0.0,0.0,0.0,0.0,0.0,6.0,5.0,41.0,0.2,5.3,7.8,10.3,12.8,00-0039814,Erick All,TE,CIN,26,0.98,bull,2026,weighted_v1,Medium,8,False
,,0.0,0.0,0.0,0.0,0.0,0.0,12.0,12.0,94.0,0.3,11.2,17.2,23.2,23.2,00-0039816,Anthony Gould,WR,IND,25,0.99,bear,2026,weighted_v1,Medium,11,False
,,0.0,0.0,0.0,0.0,0.0,0.0,10.0,10.0,79.0,0.3,9.7,14.7,19.7,19.7,00-0039816,Anthony Gould,WR,IND,25,0.99,base,2026,weighted_v1,Medium,11,False
,,0.0,0.0,0.0,0.0,0.0,0.0,7.0,7.0,56.0,0.3,7.4,10.9,14.4,14.4,00-0039816,Anthony Gould,WR,IND,25,0.99,bull,2026,weighted_v1,Medium,11,False
,,0.0,0.0,0.0,0.0,0.0,0.0,87.0,55.0,630.0,3.7,85.2,112.7,140.2,167.7,00-0039847,Theo Johnson,TE,NYG,26,0.98,bear,2026,weighted_v1,High,15,False
,,0.0,0.0,0.0,0.0,0.0,0.0,84.0,53.0,615.0,4.7,89.7,116.2,142.7,169.2,00-0039847,Theo Johnson,TE,NYG,26,0.98,base,2026,weighted_v1,High,15,False
,,0.0,0.0,0.0,0.0,0.0,0.0,76.0,48.0,552.0,6.0,91.2,115.2,139.2,163.2,00-0039847,Theo Johnson,TE,NYG,26,0.98,bull,2026,weighted_v1,High,15,False
,,0.0,0.0,0.0,0.0,0.0,0.0,87.0,47.0,698.0,4.0,93.8,117.3,140.8,140.8,00-0039849,Marvin Harrison Jr.,WR,ARI,24,0.96,bear,2026,weighted_v1,Medium,12,False
,,0.0,0.0,0.0,0.0,0.0,0.0,79.0,44.0,640.0,5.2,95.2,117.2,139.2,139.2,00-0039849,Marvin Harrison Jr.,WR,ARI,24,0.96,base,2026,weighted_v1,Medium,12,False
,,0.0,0.0,0.0,0.0,0.0,0.0,77.0,43.0,624.0,6.6,102.0,123.5,145.0,145.0,00-0039849,Marvin Harrison Jr.,WR,ARI,24,0.96,bull,2026,weighted_v1,Medium,12,False
356.0,250.0,2951.0,19.6,7.2,93.0,481.0,3.6,0.0,0.0,0.0,0.0,251.7,251.7,251.7,251.7,00-0039851,Drake Maye,QB,NE,24,0.91,bear,2026,weighted_v1,High,17,False
449.0,316.0,3721.0,24.7,9.0,93.0,481.0,3.6,0.0,0.0,0.0,0.0,299.3,299.3,299.3,299.3,00-0039851,Drake Maye,QB,NE,24,0.91,base,2026,weighted_v1,High,17,False
526.0,370.0,4362.0,28.9,10.6,93.0,481.0,3.6,0.0,0.0,0.0,0.0,338.6,338.6,338.6,338.6,00-0039851,Drake Maye,QB,NE,24,0.91,bull,2026,weighted_v1,High,17,False
,,0.0,0.0,0.0,0.0,0.0,0.0,13.0,3.0,38.0,0.3,5.6,7.1,8.6,8.6,00-0039853,Javon Baker,WR,NE,25,0.99,bear,2026,weighted_v1,Low,6,False
,,0.0,0.0,0.0,0.0,0.0,0.0,12.0,2.0,35.0,0.3,5.3,6.3,7.3,7.3,00-0039853,Javon Baker,WR,NE,25,0.99,base,2026,weighted_v1,Low,6,False
,,0.0,0.0,0.0,0.0,0.0,0.0,9.0,2.0,25.0,0.3,4.3,5.3,6.3,6.3,00-0039853,Javon Baker,WR,NE,25,0.99,bull,2026,weighted_v1,Low,6,False
,,0.0,0.0,0.0,0.0,0.0,0.0,84.0,52.0,547.0,3.5,75.7,101.7,127.7,127.7,00-0039868,Troy Franklin,WR,DEN,24,0.96,bear,2026,weighted_v1,High,17,False
,,0.0,0.0,0.0,0.0,0.0,0.0,92.0,55.0,590.0,5.3,90.8,118.3,145.8,145.8,00-0039868,Troy Franklin,WR,DEN,24,0.96,base,2026,weighted_v1,High,17,False
,,0.0,0.0,0.0,0.0,0.0,0.0,92.0,55.0,589.0,7.0,100.9,128.4,155.9,155.9,00-0039868,Troy Franklin,WR,DEN,24,0.96,bull,2026,weighted_v1,High,17,False
,,0.0,0.0,0.0,54.0,215.0,1.2,3.0,2.0,0.0,0.1,29.3,30.3,31.3,31.3,00-0039874,Jaylen Wright,RB,MIA,23,0.95,bear,2026,weighted_v1,Medium,9,False
,,0.0,0.0,0.0,80.0,319.0,1.7,14.0,8.0,0.0,0.3,43.9,47.9,51.9,51.9,00-0039874,Jaylen Wright,RB,MIA,23,0.95,base,2026,weighted_v1,Medium,9,False
,,0.0,0.0,0.0,131.0,526.0,2.9,20.0,11.0,102.0,0.5,83.2,88.7,94.2,94.2,00-0039874,Jaylen Wright,RB,MIA,23,0.95,bull,2026,weighted_v1,Medium,9,False
,,0.0,0.0,0.0,0.0,0.0,0.0,0.0,0.0,0.0,0.0,0.0,0.0,0.0,0.0,00-0039875,Ray Davis,RB,BUF,27,0.94,bear,2026,weighted_v1,High,17,False
,,0.0,0.0,0.0,16.0,70.0,0.2,13.0,11.0,0.0,2.3,22.0,27.5,33.0,33.0,00-0039875,Ray Davis,RB,BUF,27,0.94,base,2026,weighted_v1,High,17,False
,,0.0,0.0,0.0,48.0,209.0,0.6,11.0,9.0,134.0,2.3,51.7,56.2,60.7,60.7,00-0039875,Ray Davis,RB,BUF,27,0.94,bull,2026,weighted_v1,High,17,False
,,0.0,0.0,0.0,0.0,0.0,0.0,56.0,40.0,289.0,1.8,39.7,59.7,79.7,79.7,00-0039880,Malik Washington,WR,MIA,26,1.02,bear,2026,weighted_v1,High,17,False
,,0.0,0.0,0.0,0.0,0.0,0.0,60.0,43.0,313.0,2.5,46.3,67.8,89.3,89.3,00-0039880,Malik Washington,WR,MIA,26,1.02,base,2026,weighted_v1,High,17,False
,,0.0,0.0,0.0,0.0,0.0,0.0,61.0,43.0,315.0,3.1,50.1,71.6,93.1,93.1,00-0039880,Malik Washington,WR,MIA,26,1.02,bull,2026,weighted_v1,High,17,False
,,0.0,0.0,0.0,0.0,0.0,0.0,38.0,17.0,223.0,0.6,25.9,34.4,42.9,42.9,00-0039890,Adonai Mitchell,WR,NYJ,24,0.96,bear,2026,weighted_v1,High,16,False
,,0.0,0.0,0.0,0.0,0.0,0.0,56.0,25.0,338.0,1.3,41.6,54.1,66.6,66.6,00-0039890,Adonai Mitchell,WR,NYJ,24,0.96,base,2026,weighted_v1,High,16,False
,,0.0,0.0,0.0,0.0,0.0,0.0,71.0,31.0,429.0,2.1,55.5,71.0,86.5,86.5,00-0039890,Adonai Mitchell,WR,NYJ,24,0.96,bull,2026,weighted_v1,High,16,False
,,0.0,0.0,0.0,0.0,0.0,0.0,89.0,51.0,749.0,3.5,95.9,121.4,146.9,146.9,00-0039893,Brian Thomas Jr.,WR,JAX,24,0.96,bear,2026,weighted_v1,High,14,False
,,0.0,0.0,0.0,0.0,0.0,0.0,83.0,48.0,702.0,4.3,96.0,120.0,144.0,144.0,00-0039893,Brian Thomas Jr.,WR,JAX,24,0.96,base,2026,weighted_v1,High,14,False
,,0.0,0.0,0.0,0.0,0.0,0.0,80.0,46.0,674.0,4.7,95.6,118.6,141.6,141.6,00-0039893,Brian Thomas Jr.,WR,JAX,24,0.96,bull,2026,weighted_v1,High,14,False
,,0.0,0.0,0.0,0.0,0.0,0.0,74.0,44.0,521.0,1.9,63.5,85.5,107.5,107.5,00-0039894,Xavier Worthy,WR,KC,23,0.9,bear,2026,weighted_v1,High,14,False
,,0.0,0.0,0.0,0.0,0.0,0.0,66.0,38.0,459.0,2.1,58.5,77.5,96.5,96.5,00-0039894,Xavier Worthy,WR,KC,23,0.9,base,2026,weighted_v1,High,14,False
,,0.0,0.0,0.0,0.0,0.0,0.0,75.0,44.0,526.0,3.2,71.8,93.8,115.8,115.8,00-0039894,Xavier Worthy,WR,KC,23,0.9,bull,2026,weighted_v1,High,14,False
,,0.0,0.0,0.0,0.0,0.0,0.0,51.0,30.0,391.0,2.8,55.9,70.9,85.9,85.9,00-0039901,Keon Coleman,WR,BUF,23,0.9,bear,2026,weighted_v1,Medium,12,False
,,0.0,0.0,0.0,0.0,0.0,0.0,47.0,29.0,360.0,3.5,57.0,71.5,86.0,86.0,00-0039901,Keon Coleman,WR,BUF,23,0.9,base,2026,weighted_v1,Medium,12,False
,,0.0,0.0,0.0,0.0,0.0,0.0,59.0,36.0,456.0,5.2,76.8,94.8,112.8,112.8,00-0039901,Keon Coleman,WR,BUF,23,0.9,bull,2026,weighted_v1,Medium,12,False
,,0.0,0.0,0.0,0.0,0.0,0.0,3.0,1.0,8.0,0.1,1.4,1.9,2.4,2.4,00-0039907,Ja'Lynn Polk,WR,NE,24,0.96,bear,2026,weighted_v1,High,14,False
,,0.0,0.0,0.0,0.0,0.0,0.0,2.0,1.0,7.0,0.1,1.3,1.8,2.3,2.3,00-0039907,Ja'Lynn Polk,WR,NE,24,0.96,base,2026,weighted_v1,High,14,False
,,0.0,0.0,0.0,0.0,0.0,0.0,2.0,1.0,5.0,0.1,1.1,1.6,2.1,2.1,00-0039907,Ja'Lynn Polk,WR,NE,24,0.96,bull,2026,weighted_v1,High,14,False
340.0,215.0,2362.0,15.5,5.7,143.0,743.0,5.2,0.0,0.0,0.0,0.0,250.6,250.6,250.6,250.6,00-0039910,Jayden Daniels,QB,WAS,26,0.98,bear,2026,weighted_v1,Medium,7,True
425.0,269.0,2953.0,19.4,7.2,143.0,743.0,5.2,0.0,0.0,0.0,0.0,286.8,286.8,286.8,286.8,00-0039910,Jayden Daniels,QB,WAS,26,0.98,base,2026,weighted_v1,Medium,7,True
496.0,314.0,3445.0,22.6,8.3,143.0,743.0,5.2,0.0,0.0,0.0,0.0,317.1,317.1,317.1,317.1,00-0039910,Jayden Daniels,QB,WAS,26,0.98,bull,2026,weighted_v1,Medium,7,True
,,0.0,0.0,0.0,0.0,0.0,0.0,20.0,17.0,166.0,1.4,25.0,33.5,42.0,50.5,00-0039912,Ben Sinnott,TE,WAS,24,0.88,bear,2026,weighted_v1,Medium,9,False
,,0.0,0.0,0.0,0.0,0.0,0.0,16.0,14.0,135.0,1.4,21.9,28.9,35.9,42.9,00-0039912,Ben Sinnott,TE,WAS,24,0.88,base,2026,weighted_v1,Medium,9,False
,,0.0,0.0,0.0,0.0,0.0,0.0,20.0,18.0,169.0,2.3,30.7,39.7,48.7,57.7,00-0039912,Ben Sinnott,TE,WAS,24,0.88,bull,2026,weighted_v1,Medium,9,False
,,0.0,0.0,0.0,0.0,0.0,0.0,109.0,72.0,914.0,4.9,120.8,156.8,192.8,192.8,00-0039915,Ladd McConkey,WR,LAC,25,0.99,bear,2026,weighted_v1,High,16,False
,,0.0,0.0,0.0,0.0,0.0,0.0,94.0,61.0,782.0,5.9,113.6,144.1,174.6,174.6,00-0039915,Ladd McConkey,WR,LAC,25,0.99,base,2026,weighted_v1,High,16,False
,,0.0,0.0,0.0,0.0,0.0,0.0,88.0,58.0,738.0,7.4,118.2,147.2,176.2,176.2,00-0039915,Ladd McConkey,WR,LAC,25,0.99,bull,2026,weighted_v1,High,16,False
,,0.0,0.0,0.0,0.0,0.0,0.0,84.0,57.0,815.0,2.3,95.3,123.8,152.3,152.3,00-0039916,Ricky Pearsall,WR,SF,26,1.02,bear,2026,weighted_v1,Medium,9,False
,,0.0,0.0,0.0,0.0,0.0,0.0,93.0,63.0,894.0,3.3,109.2,140.7,172.2,172.2,00-0039916,Ricky Pearsall,WR,SF,26,1.02,base,2026,weighted_v1,Medium,9,False
,,0.0,0.0,0.0,0.0,0.0,0.0,79.0,53.0,758.0,3.8,98.6,125.1,151.6,151.6,00-0039916,Ricky Pearsall,WR,SF,26,1.02,bull,2026,weighted_v1,Medium,9,False
427.0,255.0,3088.0,13.5,6.4,35.0,103.0,2.4,0.0,0.0,0.0,0.0,189.4,189.4,189.4,189.4,00-0039917,Michael Penix Jr.,QB,ATL,26,0.98,bear,2026,weighted_v1,Medium,9,False
507.0,303.0,3666.0,16.1,7.6,35.0,103.0,2.4,0.0,0.0,0.0,0.0,220.5,220.5,220.5,220.5,00-0039917,Michael Penix Jr.,QB,ATL,26,0.98,base,2026,weighted_v1,Medium,9,False
574.0,342.0,4148.0,18.2,8.6,35.0,103.0,2.4,0.0,0.0,0.0,0.0,246.2,246.2,246.2,246.2,00-0039917,Michael Penix Jr.,QB,ATL,26,0.98,bull,2026,weighted_v1,Medium,9,False
484.0,288.0,3266.0,21.2,5.7,78.0,416.0,2.1,0.0,0.0,0.0,0.0,258.2,258.2,258.2,258.2,00-0039918,Caleb Williams,QB,CHI,25,0.95,bear,2026,weighted_v1,High,17,False
549.0,326.0,3702.0,24.1,6.5,78.0,416.0,2.1,0.0,0.0,0.0,0.0,285.7,285.7,285.7,285.7,00-0039918,Caleb Williams,QB,CHI,25,0.95,base,2026,weighted_v1,High,17,False
581.0,346.0,3920.0,25.5,6.9,78.0,416.0,2.1,0.0,0.0,0.0,0.0,299.2,299.2,299.2,299.2,00-0039918,Caleb Williams,QB,CHI,25,0.95,bull,2026,weighted_v1,High,17,False
,,0.0,0.0,0.0,0.0,0.0,0.0,113.0,57.0,831.0,5.0,113.1,141.6,170.1,170.1,00-0039919,Rome Odunze,WR,CHI,24,0.96,bear,2026,weighted_v1,Medium,12,False
,,0.0,0.0,0.0,0.0,0.0,0.0,100.0,51.0,734.0,6.1,110.0,135.5,161.0,161.0,00-0039919,Rome Odunze,WR,CHI,24,0.96,base,2026,weighted_v1,Medium,12,False
,,0.0,0.0,0.0,0.0,0.0,0.0,97.0,48.0,706.0,7.4,115.0,139.0,163.0,163.0,00-0039919,Rome Odunze,WR,CHI,24,0.96,bull,2026,weighted_v1,Medium,12,False
,,0.0,0.0,0.0,0.0,0.0,0.0,12.0,8.0,55.0,0.2,6.7,10.7,14.7,14.7,00-0039920,Malachi Corley,WR,CLE,24,0.96,bear,2026,weighted_v1,Medium,12,False
,,0.0,0.0,0.0,0.0,0.0,0.0,19.0,13.0,88.0,0.6,12.4,18.9,25.4,25.4,00-0039920,Malachi Corley,WR,CLE,24,0.96,base,2026,weighted_v1,Medium,12,False
,,0.0,0.0,0.0,0.0,0.0,0.0,24.0,17.0,115.0,1.0,17.5,26.0,34.5,34.5,00-0039920,Malachi Corley,WR,CLE,24,0.96,bull,2026,weighted_v1,Medium,12,False
338.0,195.0,2269.0,15.3,16.7,63.0,308.0,6.8,0.0,0.0,0.0,0.0,190.2,190.2,190.2,190.2,00-0039923,J.J. McCarthy,QB,MIN,24,0.91,bear,2026,weighted_v1,Low,10,False
363.0,209.0,2440.0,16.4,17.9,63.0,308.0,6.8,0.0,0.0,0.0,0.0,199.0,199.0,199.0,199.0,00-0039923,J.J. McCarthy,QB,MIN,24,0.91,base,2026,weighted_v1,Low,10,False
380.0,219.0,2549.0,17.2,18.7,63.0,308.0,6.8,0.0,0.0,0.0,0.0,205.0,205.0,205.0,205.0,00-0039923,J.J. McCarthy,QB,MIN,24,0.91,bull,2026,weighted_v1,Low,10,False
,,0.0,0.0,0.0,0.0,0.0,0.0,11.0,11.0,91.0,0.7,13.3,18.8,24.3,24.3,00-0040009,Savion Williams,WR,GB,25,0.99,bear,2026,weighted_v1,Medium,12,False
,,0.0,0.0,0.0,0.0,0.0,0.0,16.0,16.0,121.0,1.2,19.3,27.3,35.3,35.3,00-0040009,Savion Williams,WR,GB,25,0.99,base,2026,weighted_v1,Medium,12,False
,,0.0,0.0,0.0,0.0,0.0,0.0,18.0,18.0,142.0,2.0,26.2,35.2,44.2,44.2,00-0040009,Savion Williams,WR,GB,25,0.99,bull,2026,weighted_v1,Medium,12,False
,,0.0,0.0,0.0,0.0,0.0,0.0,26.0,21.0,213.0,0.6,24.9,35.4,45.9,45.9,00-0040024,Darius Cooper,WR,PHI,25,0.99,bear,2026,weighted_v1,Low,6,False
,,0.0,0.0,0.0,0.0,0.0,0.0,23.0,19.0,199.0,0.8,24.7,34.2,43.7,43.7,00-0040024,Darius Cooper,WR,PHI,25,0.99,base,2026,weighted_v1,Low,6,False
,,0.0,0.0,0.0,0.0,0.0,0.0,25.0,21.0,211.0,1.0,27.1,37.6,48.1,48.1,00-0040024,Darius Cooper,WR,PHI,25,0.99,bull,2026,weighted_v1,Low,6,False
,,0.0,0.0,0.0,0.0,0.0,0.0,0.0,0.0,0.0,0.0,0.0,0.0,0.0,0.0,00-0040075,LaJohntay Wester,WR,BAL,24,0.96,bear,2026,weighted_v1,High,14,False
,,0.0,0.0,0.0,0.0,0.0,0.0,0.0,0.0,0.0,0.0,0.0,0.0,0.0,0.0,00-0040075,LaJohntay Wester,WR,BAL,24,0.96,base,2026,weighted_v1,High,14,False
,,0.0,0.0,0.0,0.0,0.0,0.0,0.0,0.0,0.0,0.0,0.0,0.0,0.0,0.0,00-0040075,LaJohntay Wester,WR,BAL,24,0.96,bull,2026,weighted_v1,High,14,False
,,0.0,0.0,0.0,0.0,0.0,0.0,0.0,0.0,0.0,0.0,0.0,0.0,0.0,0.0,00-0040078,Brashard Smith,RB,KC,23,0.95,bear,2026,weighted_v1,High,17,False
,,0.0,0.0,0.0,16.0,55.0,0.0,15.0,11.0,30.0,0.4,10.9,16.4,21.9,21.9,00-0040078,Brashard Smith,RB,KC,23,0.95,base,2026,weighted_v1,High,17,False
,,0.0,0.0,0.0,48.0,166.0,0.0,46.0,32.0,237.0,1.8,51.1,67.1,83.1,83.1,00-0040078,Brashard Smith,RB,KC,23,0.95,bull,2026,weighted_v1,High,17,False
,,0.0,0.0,0.0,178.0,651.0,3.3,42.0,31.0,147.0,2.1,112.2,127.7,143.2,143.2,00-0040122,Ashton Jeanty,RB,LV,23,0.95,bear,2026,weighted_v1,High,17,False
,,0.0,0.0,0.0,258.0,947.0,4.9,71.0,54.0,230.0,4.2,172.3,199.3,226.3,226.3,00-0040122,Ashton Jeanty,RB,LV,23,0.95,base,2026,weighted_v1,High,17,False
,,0.0,0.0,0.0,307.0,1125.0,5.8,79.0,59.0,392.0,6.3,224.3,253.8,283.3,283.3,00-0040122,Ashton Jeanty,RB,LV,23,0.95,bull,2026,weighted_v1,High,17,False
,,0.0,0.0,0.0,0.0,0.0,0.0,99.0,57.0,827.0,4.4,109.1,137.6,166.1,166.1,00-0040124,Tetairoa McMillan,WR,CAR,23,0.9,bear,2026,weighted_v1,High,17,False
,,0.0,0.0,0.0,0.0,0.0,0.0,128.0,73.0,1066.0,7.0,148.6,185.1,221.6,221.6,00-0040124,Tetairoa McMillan,WR,CAR,23,0.9,base,2026,weighted_v1,High,17,False
,,0.0,0.0,0.0,0.0,0.0,0.0,98.0,56.0,811.0,7.9,128.5,156.5,184.5,184.5,00-0040124,Tetairoa McMillan,WR,CAR,23,0.9,bull,2026,weighted_v1,High,17,False
,,0.0,0.0,0.0,0.0,0.0,0.0,60.0,42.0,519.0,3.4,72.3,93.3,114.3,135.3,00-0040126,Colston Loveland,TE,CHI,22,0.72,bear,2026,weighted_v1,High,16,False
,,0.0,0.0,0.0,0.0,0.0,0.0,57.0,40.0,499.0,4.5,76.9,96.9,116.9,136.9,00-0040126,Colston Loveland,TE,CHI,22,0.72,base,2026,weighted_v1,High,16,False
,,0.0,0.0,0.0,0.0,0.0,0.0,48.0,33.0,416.0,4.7,69.8,86.3,102.8,119.3,00-0040126,Colston Loveland,TE,CHI,22,0.72,bull,2026,weighted_v1,High,16,False
,,0.0,0.0,0.0,0.0,0.0,0.0,98.0,66.0,710.0,2.7,87.2,120.2,153.2,186.2,00-0040128,Tyler Warren,TE,IND,24,0.88,bear,2026,weighted_v1,High,17,False
,,0.0,0.0,0.0,0.0,0.0,0.0,98.0,67.0,715.0,3.2,90.7,124.2,157.7,191.2,00-0040128,Tyler Warren,TE,IND,24,0.88,base,2026,weighted_v1,High,17,False
,,0.0,0.0,0.0,0.0,0.0,0.0,93.0,62.0,673.0,4.3,93.1,124.1,155.1,186.1,00-0040128,Tyler Warren,TE,IND,24,0.88,bull,2026,weighted_v1,High,17,False
,,0.0,0.0,0.0,0.0,0.0,0.0,111.0,55.0,816.0,4.6,109.2,136.7,164.2,164.2,00-0040129,Emeka Egbuka,WR,TB,24,0.96,bear,2026,weighted_v1,High,17,False
,,0.0,0.0,0.0,0.0,0.0,0.0,112.0,56.0,826.0,6.2,119.8,147.8,175.8,175.8,00-0040129,Emeka Egbuka,WR,TB,24,0.96,base,2026,weighted_v1,High,17,False
,,0.0,0.0,0.0,0.0,0.0,0.0,103.0,51.0,760.0,6.9,117.4,142.9,168.4,168.4,00-0040129,Emeka Egbuka,WR,TB,24,0.96,bull,2026,weighted_v1,High,17,False
,,0.0,0.0,0.0,0.0,0.0,0.0,21.0,13.0,164.0,1.4,24.8,31.3,37.8,37.8,00-0040130,Jayden Higgins,WR,HOU,24,0.96,bear,2026,weighted_v1,High,17,False
,,0.0,0.0,0.0,0.0,0.0,0.0,61.0,36.0,470.0,5.8,81.8,99.8,117.8,117.8,00-0040130,Jayden Higgins,WR,HOU,24,0.96,base,2026,weighted_v1,High,17,False
,,0.0,0.0,0.0,0.0,0.0,0.0,58.0,34.0,442.0,7.2,87.4,104.4,121.4,121.4,00-0040130,Jayden Higgins,WR,HOU,24,0.96,bull,2026,weighted_v1,High,17,False
,,0.0,0.0,0.0,0.0,0.0,0.0,21.0,10.0,211.0,1.5,30.1,35.1,40.1,40.1,00-0040131,Kyle Williams,WR,NE,24,0.96,bear,2026,weighted_v1,High,14,False
,,0.0,0.0,0.0,0.0,0.0,0.0,20.0,10.0,198.0,1.5,28.8,33.8,38.8,38.8,00-0040131,Kyle Williams,WR,NE,24,0.96,base,2026,weighted_v1,High,14,False
,,0.0,0.0,0.0,0.0,0.0,0.0,28.0,14.0,280.0,2.9,45.4,52.4,59.4,59.4,00-0040131,Kyle Williams,WR,NE,24,0.96,bull,2026,weighted_v1,High,14,False
,,0.0,0.0,0.0,0.0,0.0,0.0,46.0,29.0,351.0,1.3,42.9,57.4,71.9,71.9,00-0040134,Pat Bryant,WR,DEN,24,0.96,bear,2026,weighted_v1,Medium,13,False
,,0.0,0.0,0.0,0.0,0.0,0.0,57.0,36.0,441.0,2.3,57.9,75.9,93.9,93.9,00-0040134,Pat Bryant,WR,DEN,24,0.96,base,2026,weighted_v1,Medium,13,False
,,0.0,0.0,0.0,0.0,0.0,0.0,52.0,33.0,401.0,2.8,56.9,73.4,89.9,89.9,00-0040134,Pat Bryant,WR,DEN,24,0.96,bull,2026,weighted_v1,Medium,13,False
,,0.0,0.0,0.0,0.0,0.0,0.0,21.0,16.0,177.0,0.9,23.1,31.1,39.1,39.1,00-0040138,Jaylin Noel,WR,HOU,24,0.96,bear,2026,weighted_v1,High,17,False
,,0.0,0.0,0.0,0.0,0.0,0.0,15.0,11.0,127.0,0.9,18.1,23.6,29.1,29.1,00-0040138,Jaylin Noel,WR,HOU,24,0.96,base,2026,weighted_v1,High,17,False
,,0.0,0.0,0.0,0.0,0.0,0.0,34.0,25.0,286.0,2.7,44.8,57.3,69.8,69.8,00-0040138,Jaylin Noel,WR,HOU,24,0.96,bull,2026,weighted_v1,High,17,False
,,0.0,0.0,0.0,0.0,0.0,0.0,10.0,10.0,91.0,0.2,10.3,15.3,20.3,20.3,00-0040154,Tai Felton,WR,MIN,23,0.9,bear,2026,weighted_v1,Medium,12,False
,,0.0,0.0,0.0,0.0,0.0,0.0,8.0,8.0,68.0,0.2,8.0,12.0,16.0,16.0,00-0040154,Tai Felton,WR,MIN,23,0.9,base,2026,weighted_v1,Medium,12,False
,,0.0,0.0,0.0,0.0,0.0,0.0,8.0,8.0,66.0,0.3,8.4,12.4,16.4,16.4,00-0040154,Tai Felton,WR,MIN,23,0.9,bull,2026,weighted_v1,Medium,12,False
,,0.0,0.0,0.0,22.0,60.0,0.0,20.0,16.0,0.0,0.7,10.2,18.2,26.2,26.2,00-0040162,Dylan Sampson,RB,CLE,22,0.88,bear,2026,weighted_v1,High,15,False
,,0.0,0.0,0.0,45.0,121.0,0.0,26.0,21.0,116.0,1.3,31.5,42.0,52.5,52.5,00-0040162,Dylan Sampson,RB,CLE,22,0.88,base,2026,weighted_v1,High,15,False
,,0.0,0.0,0.0,82.0,222.0,0.0,31.0,26.0,220.0,2.0,56.2,69.2,82.2,82.2,00-0040162,Dylan Sampson,RB,CLE,22,0.88,bull,2026,weighted_v1,High,15,False
,,0.0,0.0,0.0,0.0,0.0,0.0,19.0,9.0,133.0,0.4,15.7,20.2,24.7,24.7,00-0040164,Jaylin Lane,WR,WAS,24,0.96,bear,2026,weighted_v1,High,15,False
,,0.0,0.0,0.0,0.0,0.0,0.0,31.0,15.0,216.0,0.9,27.0,34.5,42.0,42.0,00-0040164,Jaylin Lane,WR,WAS,24,0.96,base,2026,weighted_v1,High,15,False
,,0.0,0.0,0.0,0.0,0.0,0.0,29.0,14.0,201.0,1.1,26.7,33.7,40.7,40.7,00-0040164,Jaylin Lane,WR,WAS,24,0.96,bull,2026,weighted_v1,High,15,False
,,0.0,0.0,0.0,0.0,0.0,0.0,91.0,41.0,528.0,3.3,72.6,93.1,113.6,113.6,00-0040170,Elic Ayomanor,WR,TEN,23,0.9,bear,2026,weighted_v1,High,16,False
,,0.0,0.0,0.0,0.0,0.0,0.0,75.0,35.0,435.0,3.8,66.3,83.8,101.3,101.3,00-0040170,Elic Ayomanor,WR,TEN,23,0.9,base,2026,weighted_v1,High,16,False
,,0.0,0.0,0.0,0.0,0.0,0.0,75.0,34.0,434.0,4.8,72.2,89.2,106.2,106.2,00-0040170,Elic Ayomanor,WR,TEN,23,0.9,bull,2026,weighted_v1,High,16,False
,,0.0,0.0,0.0,0.0,0.0,0.0,17.0,6.0,69.0,0.9,12.3,15.3,18.3,18.3,00-0040184,KeAndre Lambert-Smith,WR,LAC,25,0.99,bear,2026,weighted_v1,Medium,10,False
,,0.0,0.0,0.0,0.0,0.0,0.0,21.0,8.0,89.0,1.6,18.5,22.5,26.5,26.5,00-0040184,KeAndre Lambert-Smith,WR,LAC,25,0.99,base,2026,weighted_v1,Medium,10,False
,,0.0,0.0,0.0,0.0,0.0,0.0,16.0,6.0,67.0,1.6,16.3,19.3,22.3,22.3,00-0040184,KeAndre Lambert-Smith,WR,LAC,25,0.99,bull,2026,weighted_v1,Medium,10,False
,,0.0,0.0,0.0,0.0,0.0,0.0,18.0,13.0,121.0,1.0,18.1,24.6,31.1,37.6,00-0040187,Mitchell Evans,TE,CAR,23,0.8,bear,2026,weighted_v1,High,14,False
,,0.0,0.0,0.0,0.0,0.0,0.0,21.0,17.0,147.0,1.4,23.1,31.6,40.1,48.6,00-0040187,Mitchell Evans,TE,CAR,23,0.8,base,2026,weighted_v1,High,14,False
,,0.0,0.0,0.0,0.0,0.0,0.0,26.0,20.0,181.0,2.6,33.7,43.7,53.7,63.7,00-0040187,Mitchell Evans,TE,CAR,23,0.8,bull,2026,weighted_v1,High,14,False
,,0.0,0.0,0.0,0.0,0.0,0.0,44.0,31.0,425.0,1.5,51.5,67.0,82.5,98.0,00-0040189,Oronde Gadsden II,TE,LAC,23,0.8,bear,2026,weighted_v1,High,15,False
,,0.0,0.0,0.0,0.0,0.0,0.0,63.0,44.0,606.0,3.0,78.6,100.6,122.6,144.6,00-0040189,Oronde Gadsden II,TE,LAC,23,0.8,base,2026,weighted_v1,High,15,False
,,0.0,0.0,0.0,0.0,0.0,0.0,57.0,41.0,550.0,3.5,76.0,96.5,117.0,137.5,00-0040189,Oronde Gadsden II,TE,LAC,23,0.8,bull,2026,weighted_v1,High,15,False
,,0.0,0.0,0.0,0.0,0.0,0.0,21.0,18.0,215.0,1.7,31.7,40.7,49.7,58.7,00-0040194,Jackson Hawes,TE,BUF,26,0.98,bear,2026,weighted_v1,Medium,13,False
,,0.0,0.0,0.0,0.0,0.0,0.0,16.0,13.0,156.0,1.7,25.8,32.3,38.8,45.3,00-0040194,Jackson Hawes,TE,BUF,26,0.98,base,2026,weighted_v1,Medium,13,False
,,0.0,0.0,0.0,0.0,0.0,0.0,23.0,20.0,225.0,2.9,39.9,49.9,59.9,69.9,00-0040194,Jackson Hawes,TE,BUF,26,0.98,bull,2026,weighted_v1,Medium,13,False
,,0.0,0.0,0.0,32.0,92.0,1.4,0.0,0.0,0.0,0.0,17.6,17.6,17.6,17.6,00-0040198,Ollie Gordon II,RB,MIA,23,0.95,bear,2026,weighted_v1,High,17,False
,,0.0,0.0,0.0,48.0,138.0,2.1,0.0,0.0,0.0,0.0,26.4,26.4,26.4,26.4,00-0040198,Ollie Gordon II,RB,MIA,23,0.95,base,2026,weighted_v1,High,17,False
,,0.0,0.0,0.0,97.0,275.0,4.2,11.0,9.0,22.0,1.7,65.1,69.6,74.1,74.1,00-0040198,Ollie Gordon II,RB,MIA,23,0.95,bull,2026,weighted_v1,High,17,False
,,0.0,0.0,0.0,41.0,147.0,1.4,19.0,16.0,19.0,0.4,27.4,35.4,43.4,43.4,00-0040202,Devin Neal,RB,NO,23,0.95,bear,2026,weighted_v1,Medium,9,False
,,0.0,0.0,0.0,67.0,241.0,2.3,13.0,12.0,121.0,0.4,52.4,58.4,64.4,64.4,00-0040202,Devin Neal,RB,NO,23,0.95,base,2026,weighted_v1,Medium,9,False
,,0.0,0.0,0.0,105.0,381.0,3.7,29.0,27.0,158.0,1.1,82.7,96.2,109.7,109.7,00-0040202,Devin Neal,RB,NO,23,0.95,bull,2026,weighted_v1,Medium,9,False
,,0.0,0.0,0.0,0.0,0.0,0.0,29.0,21.0,205.0,0.6,24.1,34.6,45.1,45.1,00-0040218,Jimmy Horn Jr.,WR,CAR,24,0.96,bear,2026,weighted_v1,Medium,10,False
,,0.0,0.0,0.0,0.0,0.0,0.0,30.0,22.0,215.0,0.8,26.3,37.3,48.3,48.3,00-0040218,Jimmy Horn Jr.,WR,CAR,24,0.96,base,2026,weighted_v1,Medium,10,False
,,0.0,0.0,0.0,0.0,0.0,0.0,25.0,18.0,179.0,1.0,23.9,32.9,41.9,41.9,00-0040218,Jimmy Horn Jr.,WR,CAR,24,0.96,bull,2026,weighted_v1,Medium,10,False
,,0.0,0.0,0.0,103.0,477.0,3.0,22.0,13.0,0.0,0.3,67.5,74.0,80.5,80.5,00-0040236,Kyle Monangai,RB,CHI,24,1.01,bear,2026,weighted_v1,High,17,False
,,0.0,0.0,0.0,137.0,636.0,4.1,16.0,9.0,128.0,0.3,102.8,107.3,111.8,111.8,00-0040236,Kyle Monangai,RB,CHI,24,1.01,base,2026,weighted_v1,High,17,False
,,0.0,0.0,0.0,206.0,955.0,6.1,39.0,23.0,178.0,0.9,155.3,166.8,178.3,178.3,00-0040236,Kyle Monangai,RB,CHI,24,1.01,bull,2026,weighted_v1,High,17,False
,,0.0,0.0,0.0,0.0,0.0,0.0,18.0,11.0,134.0,1.4,21.8,27.3,32.8,32.8,00-0040237,Tez Johnson,WR,TB,24,0.96,bear,2026,weighted_v1,High,15,False
,,0.0,0.0,0.0,0.0,0.0,0.0,28.0,18.0,205.0,2.8,37.3,46.3,55.3,55.3,00-0040237,Tez Johnson,WR,TB,24,0.96,base,2026,weighted_v1,High,15,False
,,0.0,0.0,0.0,0.0,0.0,0.0,46.0,29.0,335.0,5.5,66.5,81.0,95.5,95.5,00-0040237,Tez Johnson,WR,TB,24,0.96,bull,2026,weighted_v1,High,15,False
,,0.0,0.0,0.0,139.0,638.0,6.3,0.0,0.0,0.0,0.0,101.6,101.6,101.6,101.6,00-0040242,Jacory Croskey-Merritt,RB,WAS,25,1.02,bear,2026,weighted_v1,High,17,False
,,0.0,0.0,0.0,173.0,798.0,7.9,16.0,11.0,0.0,0.4,129.6,135.1,140.6,140.6,00-0040242,Jacory Croskey-Merritt,RB,WAS,25,1.02,base,2026,weighted_v1,High,17,False
,,0.0,0.0,0.0,225.0,1037.0,10.3,12.0,8.0,61.0,0.4,174.0,178.0,182.0,182.0,00-0040242,Jacory Croskey-Merritt,RB,WAS,25,1.02,bull,2026,weighted_v1,High,17,False
,,0.0,0.0,0.0,0.0,0.0,0.0,12.0,5.0,58.0,0.2,7.0,9.5,12.0,12.0,00-0040259,Gage Larvadain,WR,CLE,24,0.96,bear,2026,weighted_v1,Medium,13,False
,,0.0,0.0,0.0,0.0,0.0,0.0,8.0,3.0,39.0,0.2,5.1,6.6,8.1,8.1,00-0040259,Gage Larvadain,WR,CLE,24,0.96,base,2026,weighted_v1,Medium,13,False
,,0.0,0.0,0.0,0.0,0.0,0.0,24.0,13.0,125.0,1.0,18.5,25.0,31.5,31.5,00-0040259,Gage Larvadain,WR,CLE,24,0.96,bull,2026,weighted_v1,Medium,13,False
,,0.0,0.0,0.0,0.0,0.0,0.0,12.0,6.0,101.0,0.8,14.9,17.9,20.9,20.9,00-0040277,Jahdae Walker,WR,CHI,24,0.96,bear,2026,weighted_v1,Low,6,False
,,0.0,0.0,0.0,0.0,0.0,0.0,27.0,16.0,232.0,2.6,38.8,46.8,54.8,54.8,00-0040277,Jahdae Walker,WR,CHI,24,0.96,base,2026,weighted_v1,Low,6,False
,,0.0,0.0,0.0,0.0,0.0,0.0,36.0,22.0,311.0,4.3,56.9,67.9,78.9,78.9,00-0040277,Jahdae Walker,WR,CHI,24,0.96,bull,2026,weighted_v1,Low,6,False
195.0,129.0,902.0,0.0,11.0,17.0,27.0,0.0,0.0,0.0,0.0,0.0,16.8,16.8,16.8,16.8,00-0040494,Max Brosmer,QB,MIN,25,0.95,bear,2026,weighted_v1,Low,7,False
234.0,155.0,1081.0,0.0,13.2,17.0,27.0,0.0,0.0,0.0,0.0,0.0,19.5,19.5,19.5,19.5,00-0040494,Max Brosmer,QB,MIN,25,0.95,base,2026,weighted_v1,Low,7,False
278.0,184.0,1282.0,0.0,15.6,17.0,27.0,0.0,0.0,0.0,0.0,0.0,22.8,22.8,22.8,22.8,00-0040494,Max Brosmer,QB,MIN,25,0.95,bull,2026,weighted_v1,Low,7,False
,,0.0,0.0,0.0,0.0,0.0,0.0,0.0,0.0,0.0,0.0,0.0,0.0,0.0,0.0,00-0040506,Myles Price,WR,MIN,25,0.99,bear,2026,weighted_v1,High,16,False
,,0.0,0.0,0.0,0.0,0.0,0.0,0.0,0.0,0.0,0.0,0.0,0.0,0.0,0.0,00-0040506,Myles Price,WR,MIN,25,0.99,base,2026,weighted_v1,High,16,False
,,0.0,0.0,0.0,0.0,0.0,0.0,0.0,0.0,0.0,0.0,0.0,0.0,0.0,0.0,00-0040506,Myles Price,WR,MIN,25,0.99,bull,2026,weighted_v1,High,16,False
,,0.0,0.0,0.0,0.0,0.0,0.0,6.0,5.0,32.0,0.2,4.4,6.9,9.4,11.9,00-0040509,Ben Yurosek,TE,MIN,24,0.88,bear,2026,weighted_v1,Low,6,False
,,0.0,0.0,0.0,0.0,0.0,0.0,5.0,4.0,24.0,0.2,3.6,5.6,7.6,9.6,00-0040509,Ben Yurosek,TE,MIN,24,0.88,base,2026,weighted_v1,Low,6,False
,,0.0,0.0,0.0,0.0,0.0,0.0,10.0,7.0,47.0,0.4,7.1,10.6,14.1,17.6,00-0040509,Ben Yurosek,TE,MIN,24,0.88,bull,2026,weighted_v1,Low,6,False
,,0.0,0.0,0.0,0.0,0.0,0.0,11.0,11.0,58.0,0.3,7.6,13.1,18.6,18.6,00-0040534,Ke'Shawn Williams,WR,CIN,25,0.99,bear,2026,weighted_v1,Medium,11,False
,,0.0,0.0,0.0,0.0,0.0,0.0,8.0,8.0,42.0,0.3,6.0,10.0,14.0,14.0,00-0040534,Ke'Shawn Williams,WR,CIN,25,0.99,base,2026,weighted_v1,Medium,11,False
,,0.0,0.0,0.0,0.0,0.0,0.0,6.0,6.0,32.0,0.3,5.0,8.0,11.0,11.0,00-0040534,Ke'Shawn Williams,WR,CIN,25,0.99,bull,2026,weighted_v1,Medium,11,False
,,0.0,0.0,0.0,0.0,0.0,0.0,12.0,12.0,299.0,0.8,34.7,40.7,46.7,46.7,00-0040563,Efton Chism III,WR,NE,25,0.99,bear,2026,weighted_v1,Medium,8,False
,,0.0,0.0,0.0,0.0,0.0,0.0,11.0,11.0,280.0,0.8,32.8,38.3,43.8,43.8,00-0040563,Efton Chism III,WR,NE,25,0.99,base,2026,weighted_v1,Medium,8,False
,,0.0,0.0,0.0,0.0,0.0,0.0,11.0,11.0,271.0,1.1,33.7,39.2,44.7,44.7,00-0040563,Efton Chism III,WR,NE,25,0.99,bull,2026,weighted_v1,Medium,8,False
,,0.0,0.0,0.0,0.0,0.0,0.0,46.0,16.0,205.0,1.0,26.5,34.5,42.5,42.5,00-0040581,Dont'e Thornton Jr.,WR,LV,24,0.96,bear,2026,weighted_v1,Medium,11,False
,,0.0,0.0,0.0,0.0,0.0,0.0,38.0,13.0,173.0,1.0,23.3,29.8,36.3,36.3,00-0040581,Dont'e Thornton Jr.,WR,LV,24,0.96,base,2026,weighted_v1,Medium,11,False
,,0.0,0.0,0.0,0.0,0.0,0.0,49.0,16.0,223.0,1.7,32.5,40.5,48.5,48.5,00-0040581,Dont'e Thornton Jr.,WR,LV,24,0.96,bull,2026,weighted_v1,Medium,11,False
,,0.0,0.0,0.0,0.0,0.0,0.0,30.0,13.0,96.0,0.6,13.2,19.7,26.2,26.2,00-0040582,Arian Smith,WR,NYJ,25,0.99,bear,2026,weighted_v1,Medium,13,False
,,0.0,0.0,0.0,0.0,0.0,0.0,20.0,9.0,64.0,0.6,10.0,14.5,19.0,19.0,00-0040582,Arian Smith,WR,NYJ,25,0.99,base,2026,weighted_v1,Medium,13,False
,,0.0,0.0,0.0,0.0,0.0,0.0,25.0,11.0,82.0,1.0,14.2,19.7,25.2,25.2,00-0040582,Arian Smith,WR,NYJ,25,0.99,bull,2026,weighted_v1,Medium,13,False
,,0.0,0.0,0.0,119.0,427.0,1.2,22.0,14.0,0.0,1.4,58.3,65.3,72.3,72.3,00-0040583,Woody Marks,RB,HOU,26,1.0,bear,2026,weighted_v1,High,16,False
,,0.0,0.0,0.0,178.0,640.0,1.8,32.0,21.0,119.0,2.8,103.5,114.0,124.5,124.5,00-0040583,Woody Marks,RB,HOU,26,1.0,base,2026,weighted_v1,High,16,False
,,0.0,0.0,0.0,293.0,1052.0,3.0,36.0,24.0,220.0,4.2,170.4,182.4,194.4,194.4,00-0040583,Woody Marks,RB,HOU,26,1.0,bull,2026,weighted_v1,High,16,False
,,0.0,0.0,0.0,0.0,0.0,0.0,38.0,30.0,243.0,1.4,32.7,47.7,62.7,77.7,00-0040584,Gunnar Helm,TE,TEN,24,0.88,bear,2026,weighted_v1,High,16,False
,,0.0,0.0,0.0,0.0,0.0,0.0,40.0,32.0,260.0,2.2,39.2,55.2,71.2,87.2,00-0040584,Gunnar Helm,TE,TEN,24,0.88,base,2026,weighted_v1,High,16,False
,,0.0,0.0,0.0,0.0,0.0,0.0,52.0,42.0,340.0,3.6,55.6,76.6,97.6,118.6,00-0040584,Gunnar Helm,TE,TEN,24,0.88,bull,2026,weighted_v1,High,16,False
,,0.0,0.0,0.0,0.0,0.0,0.0,28.0,13.0,112.0,1.1,17.8,24.3,30.8,30.8,00-0040590,Konata Mumpfield,WR,LA,24,0.96,bear,2026,weighted_v1,Medium,10,False
,,0.0,0.0,0.0,0.0,0.0,0.0,26.0,11.0,101.0,1.4,18.5,24.0,29.5,29.5,00-0040590,Konata Mumpfield,WR,LA,24,0.96,base,2026,weighted_v1,Medium,10,False
,,0.0,0.0,0.0,0.0,0.0,0.0,24.0,10.0,98.0,1.7,20.0,25.0,30.0,30.0,00-0040590,Konata Mumpfield,WR,LA,24,0.96,bull,2026,weighted_v1,Medium,10,False
,,0.0,0.0,0.0,0.0,0.0,0.0,38.0,23.0,280.0,2.9,45.4,56.9,68.4,68.4,00-0040648,Tory Horton,WR,SEA,24,0.96,bear,2026,weighted_v1,Medium,8,False
,,0.0,0.0,0.0,0.0,0.0,0.0,47.0,27.0,340.0,4.9,63.4,76.9,90.4,90.4,00-0040648,Tory Horton,WR,SEA,24,0.96,base,2026,weighted_v1,Medium,8,False
,,0.0,0.0,0.0,0.0,0.0,0.0,43.0,25.0,314.0,5.5,64.4,76.9,89.4,89.4,00-0040648,Tory Horton,WR,SEA,24,0.96,bull,2026,weighted_v1,Medium,8,False
,,0.0,0.0,0.0,0.0,0.0,0.0,79.0,53.0,543.0,3.4,74.7,101.2,127.7,154.2,00-0040663,Harold Fannin Jr.,TE,CLE,22,0.72,bear,2026,weighted_v1,High,16,False
,,0.0,0.0,0.0,0.0,0.0,0.0,63.0,42.0,431.0,4.1,67.7,88.7,109.7,130.7,00-0040663,Harold Fannin Jr.,TE,CLE,22,0.72,base,2026,weighted_v1,High,16,False
,,0.0,0.0,0.0,0.0,0.0,0.0,71.0,48.0,483.0,5.7,82.5,106.5,130.5,154.5,00-0040663,Harold Fannin Jr.,TE,CLE,22,0.72,bull,2026,weighted_v1,High,16,False
,,0.0,0.0,0.0,170.0,747.0,5.5,38.0,35.0,211.0,0.8,133.6,151.1,168.6,168.6,00-0040666,Omarion Hampton,RB,LAC,23,0.95,bear,2026,weighted_v1,Medium,9,False
,,0.0,0.0,0.0,196.0,861.0,6.3,27.0,25.0,195.0,0.8,148.2,160.7,173.2,173.2,00-0040666,Omarion Hampton,RB,LAC,23,0.95,base,2026,weighted_v1,Medium,9,False
,,0.0,0.0,0.0,209.0,917.0,6.7,57.0,52.0,351.0,2.2,180.2,206.2,232.2,232.2,00-0040666,Omarion Hampton,RB,LAC,23,0.95,bull,2026,weighted_v1,Medium,9,False
,,0.0,0.0,0.0,0.0,0.0,0.0,43.0,29.0,355.0,0.9,40.9,55.4,69.9,69.9,00-0040667,Matthew Golden,WR,GB,23,0.9,bear,2026,weighted_v1,High,14,False
,,0.0,0.0,0.0,0.0,0.0,0.0,45.0,29.0,369.0,1.3,44.7,59.2,73.7,73.7,00-0040667,Matthew Golden,WR,GB,23,0.9,base,2026,weighted_v1,High,14,False
,,0.0,0.0,0.0,0.0,0.0,0.0,43.0,28.0,351.0,1.7,45.3,59.3,73.3,73.3,00-0040667,Matthew Golden,WR,GB,23,0.9,bull,2026,weighted_v1,High,14,False
365.0,206.0,2409.0,12.0,17.2,45.0,359.0,2.1,0.0,0.0,0.0,0.0,158.5,158.5,158.5,158.5,00-0040668,Shedeur Sanders,QB,CLE,25,0.95,bear,2026,weighted_v1,Low,8,False
389.0,220.0,2569.0,12.8,18.3,45.0,359.0,2.1,0.0,0.0,0.0,0.0,165.9,165.9,165.9,165.9,00-0040668,Shedeur Sanders,QB,CLE,25,0.95,base,2026,weighted_v1,Low,8,False
452.0,256.0,2985.0,14.9,21.3,45.0,359.0,2.1,0.0,0.0,0.0,0.0,184.9,184.9,184.9,184.9,00-0040668,Shedeur Sanders,QB,CLE,25,0.95,bull,2026,weighted_v1,Low,8,False
,,0.0,0.0,0.0,0.0,0.0,0.0,22.0,13.0,194.0,1.5,28.4,34.9,41.4,41.4,00-0040669,Isaac TeSlaa,WR,DET,25,0.99,bear,2026,weighted_v1,High,14,False
,,0.0,0.0,0.0,0.0,0.0,0.0,15.0,9.0,128.0,1.5,21.8,26.3,30.8,30.8,00-0040669,Isaac TeSlaa,WR,DET,25,0.99,base,2026,weighted_v1,High,14,False
,,0.0,0.0,0.0,0.0,0.0,0.0,24.0,14.0,209.0,3.0,38.9,45.9,52.9,52.9,00-0040669,Isaac TeSlaa,WR,DET,25,0.99,bull,2026,weighted_v1,High,14,False
433.0,259.0,2542.0,12.0,5.6,39.0,159.0,2.0,0.0,0.0,0.0,0.0,166.4,166.4,166.4,166.4,00-0040676,Cam Ward,QB,TEN,24,0.91,bear,2026,weighted_v1,High,17,False
526.0,315.0,3087.0,14.6,6.8,39.0,159.0,2.0,0.0,0.0,0.0,0.0,196.2,196.2,196.2,196.2,00-0040676,Cam Ward,QB,TEN,24,0.91,base,2026,weighted_v1,High,17,False
588.0,352.0,3450.0,16.3,7.6,39.0,159.0,2.0,0.0,0.0,0.0,0.0,215.9,215.9,215.9,215.9,00-0040676,Cam Ward,QB,TEN,24,0.91,bull,2026,weighted_v1,High,17,False
307.0,196.0,2058.0,13.6,4.5,104.0,591.0,10.9,0.0,0.0,0.0,0.0,252.2,252.2,252.2,252.2,00-0040691,Jaxson Dart,QB,NYG,23,0.86,bear,2026,weighted_v1,High,14,False
395.0,252.0,2646.0,17.5,5.8,104.0,591.0,10.9,0.0,0.0,0.0,0.0,288.7,288.7,288.7,288.7,00-0040691,Jaxson Dart,QB,NYG,23,0.86,base,2026,weighted_v1,High,14,False
479.0,305.0,3209.0,21.2,7.1,104.0,591.0,10.9,0.0,0.0,0.0,0.0,323.5,323.5,323.5,323.5,00-0040691,Jaxson Dart,QB,NYG,23,0.86,bull,2026,weighted_v1,High,14,False
176.0,105.0,893.0,6.7,1.9,24.0,146.0,0.0,0.0,0.0,0.0,0.0,73.3,73.3,73.3,73.3,00-0040704,Dillon Gabriel,QB,CLE,26,0.98,bear,2026,weighted_v1,Low,10,False
301.0,179.0,1526.0,11.4,3.3,24.0,146.0,0.0,0.0,0.0,0.0,0.0,114.6,114.6,114.6,114.6,00-0040704,Dillon Gabriel,QB,CLE,26,0.98,base,2026,weighted_v1,Low,10,False
489.0,291.0,2475.0,18.5,5.3,24.0,146.0,0.0,0.0,0.0,0.0,0.0,177.0,177.0,177.0,177.0,00-0040704,Dillon Gabriel,QB,CLE,26,0.98,bull,2026,weighted_v1,Low,10,False
,,0.0,0.0,0.0,0.0,0.0,0.0,63.0,41.0,362.0,2.7,52.4,72.9,93.4,93.4,00-0040705,Chimere Dike,WR,TEN,25,0.99,bear,2026,weighted_v1,High,17,False
,,0.0,0.0,0.0,0.0,0.0,0.0,60.0,39.0,344.0,3.6,56.0,75.5,95.0,95.0,00-0040705,Chimere Dike,WR,TEN,25,0.99,base,2026,weighted_v1,High,17,False
,,0.0,0.0,0.0,0.0,0.0,0.0,59.0,38.0,337.0,4.5,60.7,79.7,98.7,98.7,00-0040705,Chimere Dike,WR,TEN,25,0.99,bull,2026,weighted_v1,High,17,False
,,0.0,0.0,0.0,130.0,530.0,6.5,40.0,30.0,270.0,2.0,131.0,146.0,161.0,161.0,00-0040715,Cam Skattebo,RB,NYG,25,1.02,bear,2026,weighted_v1,Medium,8,False
,,0.0,0.0,0.0,196.0,797.0,9.7,39.0,29.0,281.0,2.4,180.4,194.9,209.4,209.4,00-0040715,Cam Skattebo,RB,NYG,25,1.02,base,2026,weighted_v1,Medium,8,False
,,0.0,0.0,0.0,248.0,1008.0,12.3,63.0,48.0,446.0,5.7,253.4,277.4,301.4,301.4,00-0040715,Cam Skattebo,RB,NYG,25,1.02,bull,2026,weighted_v1,Medium,8,False
,,0.0,0.0,0.0,0.0,0.0,0.0,59.0,37.0,394.0,2.2,52.6,71.1,89.6,89.6,00-0040718,Travis Hunter,WR,JAX,23,0.9,bear,2026,weighted_v1,Low,7,False
,,0.0,0.0,0.0,0.0,0.0,0.0,64.0,40.0,425.0,3.2,61.7,81.7,101.7,101.7,00-0040718,Travis Hunter,WR,JAX,23,0.9,base,2026,weighted_v1,Low,7,False
,,0.0,0.0,0.0,0.0,0.0,0.0,70.0,43.0,464.0,3.9,69.8,91.3,112.8,112.8,00-0040718,Travis Hunter,WR,JAX,23,0.9,bull,2026,weighted_v1,Low,7,False
,,0.0,0.0,0.0,61.0,224.0,3.7,0.0,0.0,0.0,0.0,44.6,44.6,44.6,44.6,00-0040719,Bhayshul Tuten,RB,JAX,25,1.02,bear,2026,weighted_v1,High,15,False
,,0.0,0.0,0.0,87.0,321.0,5.2,13.0,9.0,0.0,2.5,78.3,82.8,87.3,87.3,00-0040719,Bhayshul Tuten,RB,JAX,25,1.02,base,2026,weighted_v1,High,15,False
,,0.0,0.0,0.0,130.0,481.0,7.8,12.0,8.0,79.0,2.5,117.8,121.8,125.8,125.8,00-0040719,Bhayshul Tuten,RB,JAX,25,1.02,bull,2026,weighted_v1,High,15,False
,,0.0,0.0,0.0,0.0,0.0,0.0,22.0,16.0,165.0,0.7,20.7,28.7,36.7,36.7,00-0040727,Tre Harris,WR,LAC,25,0.99,bear,2026,weighted_v1,High,16,False
,,0.0,0.0,0.0,0.0,0.0,0.0,32.0,21.0,235.0,1.3,31.3,41.8,52.3,52.3,00-0040727,Tre Harris,WR,LAC,25,0.99,base,2026,weighted_v1,High,16,False
,,0.0,0.0,0.0,0.0,0.0,0.0,50.0,35.0,377.0,2.8,54.5,72.0,89.5,89.5,00-0040727,Tre Harris,WR,LAC,25,0.99,bull,2026,weighted_v1,High,16,False
,,0.0,0.0,0.0,0.0,0.0,0.0,21.0,14.0,164.0,0.4,18.8,25.8,32.8,32.8,00-0040729,Jack Bech,WR,LV,24,0.96,bear,2026,weighted_v1,High,14,False
,,0.0,0.0,0.0,0.0,0.0,0.0,26.0,19.0,207.0,0.7,24.9,34.4,43.9,43.9,00-0040729,Jack Bech,WR,LV,24,0.96,base,2026,weighted_v1,High,14,False
,,0.0,0.0,0.0,0.0,0.0,0.0,40.0,28.0,306.0,1.3,38.4,52.4,66.4,66.4,00-0040729,Jack Bech,WR,LV,24,0.96,bull,2026,weighted_v1,High,14,False
,,0.0,0.0,0.0,68.0,252.0,3.3,44.0,36.0,110.0,2.9,73.4,91.4,109.4,109.4,00-0040730,RJ Harvey,RB,DEN,26,1.0,bear,2026,weighted_v1,High,17,False
,,0.0,0.0,0.0,119.0,440.0,5.7,48.0,38.0,286.0,4.4,133.2,152.2,171.2,171.2,00-0040730,RJ Harvey,RB,DEN,26,1.0,base,2026,weighted_v1,High,17,False
,,0.0,0.0,0.0,238.0,880.0,11.4,59.0,48.0,321.0,7.3,232.3,256.3,280.3,280.3,00-0040730,RJ Harvey,RB,DEN,26,1.0,bull,2026,weighted_v1,High,17,False
,,0.0,0.0,0.0,103.0,521.0,5.2,22.0,18.0,68.0,0.4,92.5,101.5,110.5,110.5,00-0040734,TreVeyon Henderson,RB,NE,24,1.01,bear,2026,weighted_v1,High,17,False
,,0.0,0.0,0.0,189.0,956.0,9.4,41.0,35.0,272.0,0.8,184.0,201.5,219.0,219.0,00-0040734,TreVeyon Henderson,RB,NE,24,1.01,base,2026,weighted_v1,High,17,False
,,0.0,0.0,0.0,240.0,1217.0,12.0,59.0,49.0,281.0,1.7,232.0,256.5,281.0,281.0,00-0040734,TreVeyon Henderson,RB,NE,24,1.01,bull,2026,weighted_v1,High,17,False
,,0.0,0.0,0.0,0.0,0.0,0.0,40.0,31.0,433.0,1.0,49.3,64.8,80.3,80.3,00-0040735,Luther Burden III,WR,CHI,23,0.9,bear,2026,weighted_v1,High,15,False
,,0.0,0.0,0.0,0.0,0.0,0.0,57.0,45.0,623.0,2.0,74.3,96.8,119.3,119.3,00-0040735,Luther Burden III,WR,CHI,23,0.9,base,2026,weighted_v1,High,15,False
,,0.0,0.0,0.0,0.0,0.0,0.0,62.0,49.0,679.0,2.8,84.7,109.2,133.7,133.7,00-0040735,Luther Burden III,WR,CHI,23,0.9,bull,2026,weighted_v1,High,15,False
,,0.0,0.0,0.0,0.0,0.0,0.0,31.0,21.0,178.0,0.4,20.2,30.7,41.2,51.7,00-0040736,Mason Taylor,TE,NYJ,22,0.72,bear,2026,weighted_v1,Medium,13,False
,,0.0,0.0,0.0,0.0,0.0,0.0,46.0,31.0,261.0,0.8,30.9,46.4,61.9,77.4,00-0040736,Mason Taylor,TE,NYJ,22,0.72,base,2026,weighted_v1,Medium,13,False
,,0.0,0.0,0.0,0.0,0.0,0.0,51.0,34.0,290.0,1.1,35.6,52.6,69.6,86.6,00-0040736,Mason Taylor,TE,NYJ,22,0.72,bull,2026,weighted_v1,Medium,13,False
,,0.0,0.0,0.0,0.0,0.0,0.0,20.0,9.0,185.0,1.4,26.9,31.4,35.9,40.4,00-0040737,Terrance Ferguson,TE,LA,23,0.8,bear,2026,weighted_v1,Medium,11,False
,,0.0,0.0,0.0,0.0,0.0,0.0,24.0,11.0,218.0,2.4,36.2,41.7,47.2,52.7,00-0040737,Terrance Ferguson,TE,LA,23,0.8,base,2026,weighted_v1,Medium,11,False
,,0.0,0.0,0.0,0.0,0.0,0.0,30.0,13.0,279.0,3.9,51.3,57.8,64.3,70.8,00-0040737,Terrance Ferguson,TE,LA,23,0.8,bull,2026,weighted_v1,Medium,11,False
,,0.0,0.0,0.0,0.0,0.0,0.0,19.0,11.0,131.0,0.8,17.9,23.4,28.9,34.4,00-0040739,Elijah Arroyo,TE,SEA,23,0.8,bear,2026,weighted_v1,Medium,13,False
,,0.0,0.0,0.0,0.0,0.0,0.0,23.0,13.0,157.0,1.3,23.5,30.0,36.5,43.0,00-0040739,Elijah Arroyo,TE,SEA,23,0.8,base,2026,weighted_v1,Medium,13,False
,,0.0,0.0,0.0,0.0,0.0,0.0,19.0,10.0,129.0,1.3,20.7,25.7,30.7,35.7,00-0040739,Elijah Arroyo,TE,SEA,23,0.8,bull,2026,weighted_v1,Medium,13,False
429.0,290.0,3129.0,13.1,7.9,70.0,287.0,4.6,0.0,0.0,0.0,0.0,218.1,218.1,218.1,218.1,00-0040743,Tyler Shough,QB,NO,27,1.0,bear,2026,weighted_v1,Medium,11,False
490.0,331.0,3575.0,15.0,9.0,70.0,287.0,4.6,0.0,0.0,0.0,0.0,241.3,241.3,241.3,241.3,00-0040743,Tyler Shough,QB,NO,27,1.0,base,2026,weighted_v1,Medium,11,False
579.0,391.0,4219.0,17.7,10.6,70.0,287.0,4.6,0.0,0.0,0.0,0.0,274.7,274.7,274.7,274.7,00-0040743,Tyler Shough,QB,NO,27,1.0,bull,2026,weighted_v1,Medium,11,False
,,0.0,0.0,0.0,0.0,0.0,0.0,27.0,12.0,209.0,0.6,24.5,30.5,36.5,36.5,00-0040782,Isaiah Bond,WR,CLE,22,0.82,bear,2026,weighted_v1,High,15,False
,,0.0,0.0,0.0,0.0,0.0,0.0,24.0,9.0,184.0,0.8,23.2,27.7,32.2,32.2,00-0040782,Isaiah Bond,WR,CLE,22,0.82,base,2026,weighted_v1,High,15,False
,,0.0,0.0,0.0,0.0,0.0,0.0,39.0,16.0,300.0,1.5,39.0,47.0,55.0,55.0,00-0040782,Isaiah Bond,WR,CLE,22,0.82,bull,2026,weighted_v1,High,15,False
,,0.0,0.0,0.0,194.0,697.0,5.9,42.0,30.0,0.0,0.7,109.3,124.3,139.3,139.3,00-0040784,Quinshon Judkins,RB,CLE,23,0.95,bear,2026,weighted_v1,High,14,False
,,0.0,0.0,0.0,266.0,958.0,8.1,41.0,30.0,76.0,1.0,158.0,173.0,188.0,188.0,00-0040784,Quinshon Judkins,RB,CLE,23,0.95,base,2026,weighted_v1,High,14,False
,,0.0,0.0,0.0,351.0,1263.0,10.7,34.0,24.0,204.0,1.0,216.9,228.9,240.9,240.9,00-0040784,Quinshon Judkins,RB,CLE,23,0.95,bull,2026,weighted_v1,High,14,False
